date,timestamp,latitude,longitude,current(KA),gc,distance_km,address,YEAR
11/2/2015,20:32.9,6.6657,3.1684,-14.2,G,1.402776406,"Ado Odo/Ota, Ogun, 112104, Nigeria",2015
11/2/2015,28:31.9,6.6543,3.1666,-20.5,G,1.993374956,"Ado Odo/Ota, Ogun, 112104, Nigeria",2015
11/2/2015,18:16.3,6.6859,3.1542,-43.8,G,1.903288263,"Isale, Ado Odo/Ota, Ogun, 112104, Nigeria",2015
18/02/2015,33:02.6,6.6739,3.167,39.9,G,1.325408473,"Ado Odo/Ota, Ogun, 112104, Nigeria",2015
23/02/2015,08:04.3,6.677,3.1404,16.8,G,1.955564579,"Ado Odo/Ota, Ogun, 112104, Nigeria",2015
23/02/2015,23:11.8,6.6563,3.1549,-16.3,G,1.406196885,"proposed covenant university college of medcine, Ado Odo/Ota, Ogun, 112104, Nigeria",2015
23/02/2015,25:30.0,6.6773,3.1528,14.2,G,1.004221178,"Ado Odo/Ota, Ogun, Nigeria",2015
23/02/2015,25:30.2,6.6611,3.1719,-10.8,G,1.947015618,"Ado Odo/Ota, Ogun, 112104, Nigeria",2015
23/02/2015,28:34.9,6.6792,3.1483,27.3,G,1.434838167,"Ado Odo/Ota, Ogun, 112104, Nigeria",2015
23/02/2015,28:46.6,6.6709,3.1621,-38.4,G,0.698207666,"Covenant University, Idi-Iroko Road, Ado Odo/Ota, Ogun, 112104, Nigeria",2015
23/02/2015,30:31.9,6.6723,3.1639,25,G,0.940132415,"Ado Odo/Ota, Ogun, 112104, Nigeria",2015
23/02/2015,30:48.8,6.6755,3.1503,22.2,G,0.975857594,"Ado Odo/Ota, Ogun, 112104, Nigeria",2015
23/02/2015,32:33.0,6.6517,3.1512,9,G,1.986790715,"Ado Odo/Ota, Ogun, 112104, Nigeria",2015
23/02/2015,33:53.5,6.6671,3.1464,9.2,G,1.09081186,"Ado Odo/Ota, Ogun, 112104, Nigeria",2015
23/02/2015,34:49.9,6.6845,3.1517,15.3,G,1.802941354,"Ado Odo/Ota, Ogun, 112104, Nigeria",2015
23/02/2015,36:00.1,6.6732,3.1563,-10.7,G,0.479827269,"Covenant University, Idi-Iroko Road, Ado Odo/Ota, Ogun, 112104, Nigeria",2015
23/02/2015,36:10.5,6.6577,3.148,7.4,G,1.533101707,"Ado Odo/Ota, Ogun, 112104, Nigeria",2015
4/3/2015,00:00.5,6.6713,3.1655,-18.9,G,1.071029545,"Ado Odo/Ota, Ogun, 112104, Nigeria",2015
4/3/2015,03:14.2,6.6846,3.1579,-24.2,G,1.758131552,"Ado Odo/Ota, Ogun, 112104, Nigeria",2015
4/3/2015,04:18.7,6.6755,3.1661,-9.3,G,1.325682846,"Ado Odo/Ota, Ogun, 112104, Nigeria",2015
4/3/2015,07:19.5,6.6784,3.1653,33.8,G,1.46573537,"Ado Odo/Ota, Ogun, 112104, Nigeria",2015
4/3/2015,10:39.7,6.6772,3.1579,-15.7,G,0.945035632,"Ado Odo/Ota, Ogun, 112104, Nigeria",2015
4/3/2015,12:48.8,6.6582,3.1567,12.6,G,1.190328531,"proposed covenant university college of medcine, Ado Odo/Ota, Ogun, 112104, Nigeria",2015
4/3/2015,13:53.1,6.6742,3.1613,-13.6,G,0.822910541,"Covenant University, Idi-Iroko Road, Ado Odo/Ota, Ogun, 112104, Nigeria",2015
4/3/2015,14:00.3,6.6581,3.1499,-22.4,G,1.381945791,"Ado Odo/Ota, Ogun, 112104, Nigeria",2015
4/3/2015,14:07.5,6.6671,3.1477,-21.9,G,0.950004491,"Ado Odo/Ota, Ogun, 112104, Nigeria",2015
4/3/2015,14:44.3,6.6816,3.1576,-34.7,G,1.422943873,"Ado Odo/Ota, Ogun, 112104, Nigeria",2015
4/3/2015,14:44.4,6.6669,3.1653,-36.8,G,1.038664054,"Ado Odo/Ota, Ogun, 112104, Nigeria",2015
4/3/2015,14:52.3,6.6537,3.1553,20.7,G,1.691301614,"Ado Odo/Ota, Ogun, 112104, Nigeria",2015
4/3/2015,17:25.9,6.674,3.1677,-24.3,G,1.400408013,"Ado Odo/Ota, Ogun, 112104, Nigeria",2015
4/3/2015,18:35.8,6.6739,3.1616,20.5,G,0.823387075,"Covenant University, Idi-Iroko Road, Ado Odo/Ota, Ogun, 112104, Nigeria",2015
4/3/2015,18:51.4,6.6671,3.1565,27.6,G,0.20349959,"Covenant University, Idi-Iroko Road, Ado Odo/Ota, Ogun, 112104, Nigeria",2015
4/3/2015,20:29.0,6.6703,3.1673,29.1,G,1.245649928,"Ado Odo/Ota, Ogun, 112104, Nigeria",2015
4/3/2015,20:41.4,6.6809,3.1692,-29.5,G,1.968091034,"A5-1, Otta, Ado Odo/Ota, Ogun, 112104, Nigeria",2015
4/3/2015,21:08.2,6.6798,3.1626,-12.4,G,1.409104434,"Ado Odo/Ota, Ogun, 112104, Nigeria",2015
4/3/2015,26:25.9,6.6641,3.1558,20.6,G,0.533607671,"proposed covenant university college of medcine, Ado Odo/Ota, Ogun, 112104, Nigeria",2015
4/3/2015,26:26.0,6.6594,3.1576,-15.6,G,1.0678533,"proposed covenant university college of medcine, Ado Odo/Ota, Ogun, 112104, Nigeria",2015
4/3/2015,26:49.5,6.6663,3.16,19.9,G,0.517049628,"Idi-Iroko Road, Ado Odo/Ota, Ogun, 112104, Nigeria",2015
4/3/2015,26:49.5,6.6591,3.1538,-14.8,G,1.118002186,"proposed covenant university college of medcine, Ado Odo/Ota, Ogun, 112104, Nigeria",2015
4/3/2015,27:54.7,6.6843,3.1566,22.1,G,1.714487649,"Ado Odo/Ota, Ogun, 112104, Nigeria",2015
9/3/2015,21:32.8,6.6715,3.1591,11.9,G,0.439618542,"Covenant University, Idi-Iroko Road, Ado Odo/Ota, Ogun, 112104, Nigeria",2015
9/3/2015,32:53.1,6.6683,3.1715,-6.8,G,1.700850479,"Ado Odo/Ota, Ogun, 112104, Nigeria",2015
9/3/2015,34:10.0,6.6719,3.155,7.1,G,0.356599398,"Covenant University, Idi-Iroko Road, Ado Odo/Ota, Ogun, 112104, Nigeria",2015
9/3/2015,36:39.6,6.6728,3.1602,6.6,G,0.626948018,"Covenant University, Idi-Iroko Road, Ado Odo/Ota, Ogun, 112104, Nigeria",2015
13/03/2015,28:44.5,6.6656,3.1628,15.3,G,0.824305771,"Ado Odo/Ota, Ogun, 112104, Nigeria",2015
13/03/2015,34:19.1,6.6802,3.1592,-24.3,G,1.303181558,"Ado Odo/Ota, Ogun, 112104, Nigeria",2015
13/03/2015,49:58.9,6.6618,3.1452,17.7,G,1.439966919,"Ado Odo/Ota, Ogun, 112104, Nigeria",2015
13/03/2015,51:21.6,6.6812,3.1484,22.2,G,1.612216188,"Ado Odo/Ota, Ogun, 112104, Nigeria",2015
13/03/2015,55:46.8,6.6526,3.1568,-20.2,G,1.812839239,"Ado Odo/Ota, Ogun, 112104, Nigeria",2015
13/03/2015,56:04.6,6.6797,3.1586,21.5,G,1.233166249,"Ado Odo/Ota, Ogun, 112104, Nigeria",2015
13/03/2015,00:16.0,6.6611,3.1617,-17.8,G,1.063535895,"Ado Odo/Ota, Ogun, 112104, Nigeria",2015
13/03/2015,01:07.9,6.6809,3.1442,-28.2,G,1.874630647,"Ado Odo/Ota, Ogun, 112104, Nigeria",2015
13/03/2015,06:12.5,6.6557,3.1592,-32.8,G,1.505694423,"Ado Odo/Ota, Ogun, 112104, Nigeria",2015
13/03/2015,36:52.4,6.681,3.1658,-31,G,1.720057367,"A5-1, Otta, Ado Odo/Ota, Ogun, 112104, Nigeria",2015
13/03/2015,43:42.8,6.6664,3.1508,19.3,G,0.6485837,"Ado Odo/Ota, Ogun, 112104, Nigeria",2015
13/03/2015,44:16.6,6.6721,3.1488,16.7,G,0.882878796,"Ado Odo/Ota, Ogun, 112104, Nigeria",2015
28/03/2015,20:04.4,6.6753,3.1478,-18,G,1.162209961,"Ado Odo/Ota, Ogun, 112104, Nigeria",2015
28/03/2015,27:04.1,6.6798,3.146,-15.9,G,1.648934281,"Ado Odo/Ota, Ogun, 112104, Nigeria",2015
10/4/2015,44:34.8,6.6751,3.1533,19.6,G,0.757216657,"Ado Odo/Ota, Ogun, 112104, Nigeria",2015
11/4/2015,39:31.0,6.6593,3.1444,-14.1,G,1.676242327,"Ado Odo/Ota, Ogun, 112104, Nigeria",2015
11/4/2015,48:47.8,6.6733,3.1609,-9.5,G,0.721327435,"Covenant University, Idi-Iroko Road, Ado Odo/Ota, Ogun, 112104, Nigeria",2015
15/04/2015,47:45.8,6.6618,3.1656,30.8,G,1.311338355,"Ado Odo/Ota, Ogun, 112104, Nigeria",2015
16/04/2015,26:12.4,6.6705,3.1615,17.9,G,0.621539523,"Covenant University, Idi-Iroko Road, Ado Odo/Ota, Ogun, 112104, Nigeria",2015
16/04/2015,31:55.5,6.6667,3.1721,-18.8,G,1.782552879,"Ado Odo/Ota, Ogun, 112104, Nigeria",2015
16/04/2015,33:52.2,6.6536,3.1566,-20.9,G,1.700904254,"Ado Odo/Ota, Ogun, 112104, Nigeria",2015
16/04/2015,34:10.1,6.6727,3.1705,-25.5,G,1.644673619,"Ado Odo/Ota, Ogun, 112104, Nigeria",2015
22/04/2015,41:58.7,6.6589,3.1659,17,G,1.550002666,"Ado Odo/Ota, Ogun, 112104, Nigeria",2015
22/04/2015,44:45.2,6.67,3.1534,-36.6,G,0.323910248,"Covenant University, Idi-Iroko Road, Ado Odo/Ota, Ogun, 112104, Nigeria",2015
23/04/2015,01:51.6,6.6704,3.1655,7.2,G,1.05045717,"Ado Odo/Ota, Ogun, 112104, Nigeria",2015
23/04/2015,09:53.7,6.6572,3.1491,-6.4,G,1.512921419,"Ado Odo/Ota, Ogun, 112104, Nigeria",2015
23/04/2015,12:57.6,6.6637,3.1424,-8.2,G,1.620494638,"Ado Odo/Ota, Ogun, 112104, Nigeria",2015
23/04/2015,13:35.1,6.6844,3.1632,-18.6,G,1.894128454,"Ado Odo/Ota, Ogun, 112104, Nigeria",2015
23/04/2015,37:27.5,6.6645,3.1573,-7.2,G,0.505377758,"proposed covenant university college of medcine, Ado Odo/Ota, Ogun, 112104, Nigeria",2015
24/04/2015,09:25.2,6.6782,3.1618,10.6,G,1.211071322,"Ado Odo/Ota, Ogun, 112104, Nigeria",2015
24/04/2015,11:24.5,6.6627,3.1535,7.6,G,0.746153504,"Ado Odo/Ota, Ogun, 112104, Nigeria",2015
24/04/2015,12:23.1,6.6692,3.1496,-9.4,G,0.719935086,"Ado Odo/Ota, Ogun, 112104, Nigeria",2015
24/04/2015,13:20.5,6.6821,3.1604,25.4,G,1.543485865,"Idi-Iroko Road, Otta, Ado Odo/Ota, Ogun, 112104, Nigeria",2015
24/04/2015,16:28.5,6.6782,3.1521,-21.3,G,1.126138864,"Ado Odo/Ota, Ogun, 112104, Nigeria",2015
24/04/2015,17:16.0,6.6544,3.1602,10.1,G,1.673186093,"Ado Odo/Ota, Ogun, 112104, Nigeria",2015
24/04/2015,22:54.6,6.6797,3.1535,-34.2,G,1.236245055,"Ado Odo/Ota, Ogun, 112104, Nigeria",2015
24/04/2015,24:20.9,6.6591,3.1683,8.7,G,1.731182722,"Ado Odo/Ota, Ogun, 112104, Nigeria",2015
24/04/2015,24:37.8,6.666,3.1487,11.9,G,0.879282738,"Ado Odo/Ota, Ogun, 112104, Nigeria",2015
24/04/2015,24:50.7,6.6656,3.1708,11.9,G,1.662993712,"Ado Odo/Ota, Ogun, 112104, Nigeria",2015
24/04/2015,25:02.0,6.6847,3.1564,-11,G,1.758404692,"Isale, Ado Odo/Ota, Ogun, 112104, Nigeria",2015
24/04/2015,25:09.1,6.6812,3.1581,6.5,G,1.386443637,"Idi-Iroko Road, Ado Odo/Ota, Ogun, 112104, Nigeria",2015
24/04/2015,25:13.3,6.6831,3.1538,4.8,G,1.600684433,"Isale, Ado Odo/Ota, Ogun, 112104, Nigeria",2015
24/04/2015,25:45.8,6.6679,3.1609,9.6,G,0.540207385,"Covenant University, Idi-Iroko Road, Ado Odo/Ota, Ogun, 112104, Nigeria",2015
24/04/2015,26:00.4,6.6719,3.158,6,G,0.394492092,"Covenant University, Idi-Iroko Road, Ado Odo/Ota, Ogun, 112104, Nigeria",2015
24/04/2015,26:15.3,6.6598,3.1578,-23.4,G,1.027707371,"Ado Odo/Ota, Ogun, 112104, Nigeria",2015
24/04/2015,26:26.0,6.6712,3.1569,14.3,G,0.271351636,"Covenant University, Idi-Iroko Road, Ado Odo/Ota, Ogun, 112104, Nigeria",2015
24/04/2015,27:10.0,6.6621,3.1682,44.8,G,1.533770073,"Ado Odo/Ota, Ogun, 112104, Nigeria",2015
24/04/2015,27:10.1,6.6627,3.1617,17.6,G,0.924438398,"Anjorin Street, Ado Odo/Ota, Ogun, 112104, Nigeria",2015
24/04/2015,27:13.5,6.6622,3.1466,13.1,G,1.287095923,"Ado Odo/Ota, Ogun, 112104, Nigeria",2015
24/04/2015,27:24.7,6.6762,3.1686,19.1,G,1.601048187,"Ado Odo/Ota, Ogun, 112104, Nigeria",2015
24/04/2015,27:34.1,6.6622,3.1697,8.4,G,1.674993057,"Ado Odo/Ota, Ogun, 112104, Nigeria",2015
24/04/2015,28:27.9,6.6563,3.1644,10.9,G,1.672591222,"Ado Odo/Ota, Ogun, 112104, Nigeria",2015
24/04/2015,28:28.1,6.6569,3.152,16.3,G,1.408305489,"Ado Odo/Ota, Ogun, 112104, Nigeria",2015
24/04/2015,28:35.7,6.6513,3.1573,-9.5,G,1.960198143,"Ado Odo/Ota, Ogun, 112104, Nigeria",2015
24/04/2015,28:35.9,6.6646,3.1505,6.7,G,0.781968294,"Ado Odo/Ota, Ogun, 112104, Nigeria",2015
24/04/2015,28:49.2,6.6831,3.1504,14.4,G,1.701433554,"Ado Odo/Ota, Ogun, 112104, Nigeria",2015
24/04/2015,29:19.4,6.659,3.1657,-15.9,G,1.526649022,"Ado Odo/Ota, Ogun, 112104, Nigeria",2015
24/04/2015,29:49.9,6.6779,3.1604,-8.9,G,1.108308725,"Ado Odo/Ota, Ogun, 112104, Nigeria",2015
24/04/2015,30:15.0,6.6851,3.1535,8.8,G,1.825513938,"Ado Odo/Ota, Ogun, 112104, Nigeria",2015
24/04/2015,30:22.4,6.677,3.1473,5.4,G,1.32680041,"Ado Odo/Ota, Ogun, 112104, Nigeria",2015
24/04/2015,30:22.5,6.679,3.1511,7.1,G,1.253135717,"Ado Odo/Ota, Ogun, 112104, Nigeria",2015
24/04/2015,30:49.1,6.6671,3.1518,-7.3,G,0.516011651,"Ado Odo/Ota, Ogun, 112104, Nigeria",2015
24/04/2015,32:15.1,6.6761,3.1537,11.7,G,0.844899058,"Ado Odo/Ota, Ogun, 112104, Nigeria",2015
24/04/2015,33:04.1,6.6689,3.1541,8.5,G,0.222115581,"Covenant University, Idi-Iroko Road, Ado Odo/Ota, Ogun, 112104, Nigeria",2015
24/04/2015,34:09.4,6.6673,3.1467,-18.3,G,1.05429773,"Ado Odo/Ota, Ogun, 112104, Nigeria",2015
24/04/2015,34:09.5,6.6666,3.1692,17.1,G,1.46780821,"Ado Odo/Ota, Ogun, 112104, Nigeria",2015
24/04/2015,34:35.6,6.6648,3.1736,-113.1,G,1.984316416,"Ado Odo/Ota, Ogun, 112104, Nigeria",2015
24/04/2015,35:20.5,6.6763,3.148,-13.1,G,1.217197975,"Ado Odo/Ota, Ogun, 112104, Nigeria",2015
24/04/2015,35:21.9,6.6515,3.1606,-40.6,G,1.996104038,"Ado Odo/Ota, Ogun, 112104, Nigeria",2015
24/04/2015,35:47.4,6.6642,3.166,14.9,G,1.210227467,"Ado Odo/Ota, Ogun, 112104, Nigeria",2015
24/04/2015,35:55.5,6.6744,3.1563,10,G,0.613162454,"Covenant University, Idi-Iroko Road, Ado Odo/Ota, Ogun, 112104, Nigeria",2015
24/04/2015,37:01.9,6.6805,3.1501,15.7,G,1.451778097,"Ado Odo/Ota, Ogun, 112104, Nigeria",2015
24/04/2015,37:50.9,6.683,3.1511,9.9,G,1.66382419,"Ado Odo/Ota, Ogun, 112104, Nigeria",2015
24/04/2015,37:56.0,6.6781,3.15,7.9,G,1.226605833,"Ado Odo/Ota, Ogun, 112104, Nigeria",2015
24/04/2015,39:16.3,6.6676,3.1603,-8.3,G,0.484322996,"Covenant University, Idi-Iroko Road, Ado Odo/Ota, Ogun, 112104, Nigeria",2015
24/04/2015,39:57.3,6.6792,3.1582,14.5,G,1.169522804,"Ado Odo/Ota, Ogun, 112104, Nigeria",2015
24/04/2015,41:18.2,6.6734,3.1509,25.6,G,0.763442851,"Ado Odo/Ota, Ogun, 112104, Nigeria",2015
24/04/2015,42:00.5,6.6574,3.1606,13.6,G,1.370332268,"Ado Odo/Ota, Ogun, 112104, Nigeria",2015
24/04/2015,42:15.1,6.6637,3.1411,-5.3,G,1.755406223,"Ado Odo/Ota, Ogun, 112104, Nigeria",2015
24/04/2015,42:53.6,6.6756,3.1583,10,G,0.784421337,"Ado Odo/Ota, Ogun, 112104, Nigeria",2015
24/04/2015,43:13.3,6.6656,3.1638,17.8,G,0.924583701,"Ado Odo/Ota, Ogun, 112104, Nigeria",2015
24/04/2015,44:01.7,6.6704,3.17,5.5,G,1.543097822,"Ado Odo/Ota, Ogun, 112104, Nigeria",2015
24/04/2015,44:06.4,6.6606,3.1652,-6.5,G,1.362765863,"Ado Odo/Ota, Ogun, 112104, Nigeria",2015
24/04/2015,47:48.5,6.6621,3.1533,-32.7,G,0.816241201,"Ado Odo/Ota, Ogun, 112104, Nigeria",2015
24/04/2015,48:11.7,6.6619,3.1476,16.4,G,1.2196398,"Ado Odo/Ota, Ogun, 112104, Nigeria",2015
24/04/2015,48:51.3,6.6798,3.1558,-22.7,G,1.213746506,"Idi-Iroko Road, Ado Odo/Ota, Ogun, 112104, Nigeria",2015
24/04/2015,51:03.4,6.6819,3.164,18.2,G,1.688855145,"Idi-Iroko Road, Otta, Ado Odo/Ota, Ogun, 112104, Nigeria",2015
24/04/2015,52:40.6,6.6601,3.1581,-11.5,G,1.001661974,"Ado Odo/Ota, Ogun, 112104, Nigeria",2015
24/04/2015,58:15.8,6.6659,3.1488,26.9,G,0.873182749,"Ado Odo/Ota, Ogun, 112104, Nigeria",2015
24/04/2015,06:26.7,6.6758,3.1549,7,G,0.780034008,"Covenant University, Idi-Iroko Road, Ado Odo/Ota, Ogun, 112104, Nigeria",2015
24/04/2015,07:32.8,6.6554,3.1626,-9,G,1.662314433,"Ado Odo/Ota, Ogun, 112104, Nigeria",2015
24/04/2015,09:30.4,6.6804,3.1666,-12.9,G,1.72633901,"A5-1, Otta, Ado Odo/Ota, Ogun, 112104, Nigeria",2015
28/04/2015,54:05.6,6.6804,3.1542,-24.5,G,1.297262429,"Idi-Iroko Road, Ado Odo/Ota, Ogun, 112104, Nigeria",2015
28/04/2015,07:38.0,6.6676,3.1656,-21.5,G,1.057733182,"Ado Odo/Ota, Ogun, 112104, Nigeria",2015
28/04/2015,28:35.9,6.6713,3.1644,-12.1,G,0.953895743,"Ado Odo/Ota, Ogun, 112104, Nigeria",2015
5/5/2015,10:07.5,6.6641,3.1388,22,G,1.984663798,"Ado Odo/Ota, Ogun, 112104, Nigeria",2015
5/5/2015,12:48.8,6.6856,3.1566,19.5,G,1.858974926,"Ado Odo/Ota, Ogun, 112104, Nigeria",2015
5/5/2015,22:22.3,6.6817,3.1436,-13.2,G,1.984564232,"Idi-Iroko Road, Ado Odo/Ota, Ogun, 112104, Nigeria",2015
5/5/2015,28:26.4,6.6678,3.1533,-27,G,0.33324107,"Covenant University, Idi-Iroko Road, Ado Odo/Ota, Ogun, 112104, Nigeria",2015
5/5/2015,06:02.0,6.659,3.1659,-16.6,G,1.542053994,"Ado Odo/Ota, Ogun, 112104, Nigeria",2015
5/5/2015,11:00.5,6.6819,3.1583,36.1,G,1.466827065,"Idi-Iroko Road, Ado Odo/Ota, Ogun, 112104, Nigeria",2015
5/5/2015,27:34.5,6.676,3.1436,-21.9,G,1.592001117,"Ado Odo/Ota, Ogun, 112104, Nigeria",2015
5/5/2015,44:08.5,6.6694,3.1606,115,G,0.499011205,"Covenant University, Idi-Iroko Road, Ado Odo/Ota, Ogun, 112104, Nigeria",2015
10/5/2015,38:27.1,6.6778,3.1654,-35.1,G,1.426272263,"Ado Odo/Ota, Ogun, 112104, Nigeria",2015
10/5/2015,13:01.9,6.6856,3.1509,-39.8,G,1.945274808,"Isale, Ado Odo/Ota, Ogun, 112104, Nigeria",2015
17/05/2015,25:18.6,6.6837,3.1562,14.1,G,1.646949549,"Isale, Ado Odo/Ota, Ogun, 112104, Nigeria",2015
23/05/2015,31:43.8,6.653,3.153,19.3,G,1.799866373,"Ado Odo/Ota, Ogun, 112104, Nigeria",2015
23/05/2015,32:06.4,6.6723,3.1689,22.3,G,1.462475224,"Ado Odo/Ota, Ogun, 112104, Nigeria",2015
23/05/2015,41:41.1,6.652,3.1604,-21.2,G,1.936777289,"Ado Odo/Ota, Ogun, 112104, Nigeria",2015
23/05/2015,41:49.9,6.6643,3.1655,19.1,G,1.155684602,"Ado Odo/Ota, Ogun, 112104, Nigeria",2015
2/6/2015,04:03.8,6.6778,3.1635,-42.5,G,1.283645578,"Ado Odo/Ota, Ogun, 112104, Nigeria",2015
2/6/2015,10:49.3,6.6862,3.1599,-38.9,G,1.969864834,"Ado Odo/Ota, Ogun, 112104, Nigeria",2015
2/6/2015,10:49.3,6.6712,3.1407,-17.2,G,1.721329638,"Ado Odo/Ota, Ogun, 112104, Nigeria",2015
2/6/2015,42:01.0,6.6606,3.1634,-20.9,G,1.22374041,"Anjorin Street, Ado Odo/Ota, Ogun, 112104, Nigeria",2015
2/6/2015,45:26.6,6.6812,3.1549,-43.3,G,1.375452022,"Idi-Iroko Road, Ado Odo/Ota, Ogun, 112104, Nigeria",2015
2/6/2015,57:37.7,6.6751,3.1514,17.6,G,0.864699396,"Ado Odo/Ota, Ogun, Nigeria",2015
9/6/2015,45:15.3,6.6722,3.1682,-54.8,G,1.384958594,"Ado Odo/Ota, Ogun, 112104, Nigeria",2015
9/6/2015,57:51.2,6.6591,3.1624,16.9,G,1.291201935,"Ado Odo/Ota, Ogun, 112104, Nigeria",2015
9/6/2015,00:05.5,6.6807,3.1463,-68,G,1.702625365,"Ado Odo/Ota, Ogun, 112104, Nigeria",2015
20/06/2015,50:34.9,6.6553,3.1526,-80.1,G,1.559981607,"Ado Odo/Ota, Ogun, 112104, Nigeria",2015
21/09/2015,58:07.7,6.6737,3.1409,-31.4,G,1.76306885,"Ado Odo/Ota, Ogun, 112104, Nigeria",2015
24/09/2015,10:01.0,6.6639,3.1638,81.6,G,1.014322882,"Anjorin Street, Ado Odo/Ota, Ogun, 112104, Nigeria",2015
30/09/2015,39:19.0,6.6673,3.1574,-51.7,G,0.226886971,"Covenant University, Idi-Iroko Road, Ado Odo/Ota, Ogun, 112104, Nigeria",2015
30/09/2015,27:58.3,6.6789,3.1452,28.7,G,1.640517673,"Ado Odo/Ota, Ogun, 112104, Nigeria",2015
8/10/2015,17:40.3,6.6558,3.1633,-22.6,G,1.657899416,"Ado Odo/Ota, Ogun, 112104, Nigeria",2015
8/10/2015,17:40.4,6.6758,3.1712,-41,G,1.835101517,"Ado Odo/Ota, Ogun, 112104, Nigeria",2015
14/10/2015,39:12.2,6.6703,3.1442,-16.5,G,1.324816401,"Ado Odo/Ota, Ogun, 112104, Nigeria",2015
14/10/2015,40:52.9,6.6731,3.1676,-24.8,G,1.352501403,"Ado Odo/Ota, Ogun, 112104, Nigeria",2015
14/10/2015,43:23.2,6.6667,3.1464,19.2,G,1.099792916,"Ado Odo/Ota, Ogun, 112104, Nigeria",2015
14/10/2015,43:45.2,6.6722,3.1516,10.1,G,0.619496218,"Covenant University, Idi-Iroko Road, Ado Odo/Ota, Ogun, 112104, Nigeria",2015
14/10/2015,47:52.7,6.6777,3.1498,-31.1,G,1.202386342,"Ado Odo/Ota, Ogun, 112104, Nigeria",2015
14/10/2015,54:47.6,6.683,3.163,-60.1,G,1.74380752,"Ado Odo/Ota, Ogun, 112104, Nigeria",2015
14/10/2015,55:22.4,6.6786,3.1463,23.4,G,1.529742643,"Ado Odo/Ota, Ogun, 112104, Nigeria",2015
16/10/2015,57:09.2,6.6624,3.1446,7.9,G,1.461805394,"Ado Odo/Ota, Ogun, 112104, Nigeria",2015
19/10/2015,55:21.8,6.6707,3.1382,14.9,G,1.988369982,"Ado Odo/Ota, Ogun, 112104, Nigeria",2015
19/10/2015,32:56.0,6.6684,3.1661,20.6,G,1.104537771,"Ado Odo/Ota, Ogun, 112104, Nigeria",2015
19/10/2015,33:50.2,6.6793,3.1675,21.2,G,1.709460674,"Ado Odo/Ota, Ogun, 112104, Nigeria",2015
19/10/2015,52:14.0,6.6677,3.1381,36.7,G,1.993583614,"Ado Odo/Ota, Ogun, 112104, Nigeria",2015
19/10/2015,58:38.3,6.6705,3.1541,-31,G,0.285354839,"Covenant University, Idi-Iroko Road, Ado Odo/Ota, Ogun, 112104, Nigeria",2015
20/10/2015,01:07.3,6.6685,3.1387,-24.7,G,1.923414577,"Ado Odo/Ota, Ogun, 112104, Nigeria",2015
20/10/2015,05:06.7,6.6659,3.1561,-19.9,G,0.332351669,"proposed covenant university college of medcine, Ado Odo/Ota, Ogun, 112104, Nigeria",2015
23/10/2015,52:49.1,6.6687,3.1494,8.2,G,0.741489885,"Ado Odo/Ota, Ogun, 112104, Nigeria",2015
23/10/2015,53:09.4,6.6585,3.1473,15.9,G,1.510448258,"Ado Odo/Ota, Ogun, 112104, Nigeria",2015
23/10/2015,53:33.4,6.6543,3.1518,9.2,G,1.690642969,"Ado Odo/Ota, Ogun, 112104, Nigeria",2015
23/10/2015,53:49.0,6.6717,3.1483,-9.5,G,0.917560801,"Ado Odo/Ota, Ogun, 112104, Nigeria",2015
23/10/2015,54:01.3,6.6575,3.1544,13.5,G,1.280409908,"proposed covenant university college of medcine, Ado Odo/Ota, Ogun, 112104, Nigeria",2015
23/10/2015,54:21.6,6.6682,3.1422,-58.3,G,1.538288167,"Ado Odo/Ota, Ogun, 112104, Nigeria",2015
23/10/2015,54:45.2,6.6611,3.1626,-16.6,G,1.124143324,"Anjorin Street, Ado Odo/Ota, Ogun, 112104, Nigeria",2015
23/10/2015,54:45.5,6.6598,3.1647,14.4,G,1.386076831,"Ado Odo/Ota, Ogun, 112104, Nigeria",2015
23/10/2015,54:59.8,6.6634,3.1528,20.3,G,0.711505268,"Ado Odo/Ota, Ogun, 112104, Nigeria",2015
23/10/2015,55:03.6,6.6542,3.1581,-74.4,G,1.648034639,"Ado Odo/Ota, Ogun, 112104, Nigeria",2015
23/10/2015,55:16.1,6.6586,3.1668,8.8,G,1.643937649,"Ado Odo/Ota, Ogun, 112104, Nigeria",2015
23/10/2015,55:22.0,6.6713,3.1389,17.2,G,1.919648666,"Ado Odo/Ota, Ogun, 112104, Nigeria",2015
23/10/2015,55:59.6,6.6779,3.1643,6.4,G,1.349781967,"Ado Odo/Ota, Ogun, 112104, Nigeria",2015
23/10/2015,56:08.2,6.6597,3.1442,-97.9,G,1.665696556,"Ado Odo/Ota, Ogun, 112104, Nigeria",2015
23/10/2015,56:08.3,6.6521,3.158,-43.7,G,1.878459621,"Ado Odo/Ota, Ogun, 112104, Nigeria",2015
23/10/2015,56:34.1,6.6589,3.1507,-17.1,G,1.261284483,"Ado Odo/Ota, Ogun, 112104, Nigeria",2015
23/10/2015,56:45.5,6.6616,3.1536,28.7,G,0.856624251,"proposed covenant university college of medcine, Ado Odo/Ota, Ogun, 112104, Nigeria",2015
23/10/2015,56:45.6,6.6645,3.1411,12.5,G,1.728209592,"Ado Odo/Ota, Ogun, 112104, Nigeria",2015
23/10/2015,56:51.1,6.6604,3.1414,-13.7,G,1.879039637,"Ado Odo/Ota, Ogun, 112104, Nigeria",2015
23/10/2015,57:01.6,6.6609,3.1419,-64.1,G,1.803476067,"Ado Odo/Ota, Ogun, 112104, Nigeria",2015
23/10/2015,57:01.6,6.665,3.1449,-27.8,G,1.311526747,"Ado Odo/Ota, Ogun, 112104, Nigeria",2015
23/10/2015,57:01.9,6.6547,3.1512,-59.3,G,1.668364945,"Ado Odo/Ota, Ogun, 112104, Nigeria",2015
23/10/2015,57:47.0,6.6593,3.1486,-7.6,G,1.350932823,"Ado Odo/Ota, Ogun, 112104, Nigeria",2015
23/10/2015,57:47.3,6.6565,3.1436,-23.6,G,1.95116319,"Ado Odo/Ota, Ogun, 112104, Nigeria",2015
23/10/2015,58:21.3,6.6775,3.1624,7.8,G,1.18289283,"A5-1, Otta, Ado Odo/Ota, Ogun, 112104, Nigeria",2015
23/10/2015,58:27.5,6.6663,3.1459,18.9,G,1.163905865,"Ado Odo/Ota, Ogun, 112104, Nigeria",2015
23/10/2015,59:30.3,6.6646,3.1516,8.8,G,0.689681228,"Ado Odo/Ota, Ogun, 112104, Nigeria",2015
23/10/2015,01:08.6,6.6668,3.1668,-25.3,G,1.203144755,"Ado Odo/Ota, Ogun, 112104, Nigeria",2015
23/10/2015,01:08.7,6.6864,3.156,25.3,G,1.947185258,"Ado Odo/Ota, Ogun, 112104, Nigeria",2015
24/10/2015,00:29.9,6.6622,3.1725,6.6,G,1.956898539,"Ado Odo/Ota, Ogun, 112104, Nigeria",2015
24/10/2015,14:24.3,6.6716,3.1692,7.2,G,1.476665811,"Ado Odo/Ota, Ogun, 112104, Nigeria",2015
24/10/2015,18:35.4,6.6696,3.1651,9.9,G,0.995899364,"Ado Odo/Ota, Ogun, 112104, Nigeria",2015
27/10/2015,11:57.0,6.6582,3.1701,5.3,G,1.949264695,"Ado Odo/Ota, Ogun, 112104, Nigeria",2015
30/10/2015,25:27.0,6.6523,3.153,10.1,G,1.87633017,"Ado Odo/Ota, Ogun, 112104, Nigeria",2015
30/10/2015,52:35.7,6.6538,3.1612,-36,G,1.76944264,"Ado Odo/Ota, Ogun, 112104, Nigeria",2015
1/11/2015,17:24.6,6.6799,3.1419,-7.4,G,1.990581857,"Ado Odo/Ota, Ogun, 112104, Nigeria",2015
1/11/2015,35:11.7,6.6752,3.1647,9.9,G,1.179941738,"Ado Odo/Ota, Ogun, 112104, Nigeria",2015
1/11/2015,36:28.0,6.6556,3.164,19.1,G,1.715401215,"Ado Odo/Ota, Ogun, 112104, Nigeria",2015
1/11/2015,51:01.5,6.6584,3.1438,26.2,G,1.791375391,"Ado Odo/Ota, Ogun, 112104, Nigeria",2015
7/11/2015,47:25.9,6.66,3.1534,8.9,G,1.032757784,"proposed covenant university college of medcine, Ado Odo/Ota, Ogun, 112104, Nigeria",2015
10/11/2015,47:40.4,6.6539,3.1469,-26.4,G,1.952633798,"Ado Odo/Ota, Ogun, 112104, Nigeria",2015
29/11/2015,52:35.7,6.6802,3.1611,-22,G,1.373129035,"Ado Odo/Ota, Ogun, 112104, Nigeria",2015
8/3/2016,33:49.2,6.6561,3.1668,16.1,G,1.848212721,"Ado Odo/Ota, Ogun, 112104, Nigeria",2016
13/03/2016,36:11.5,6.6847,3.1517,-11.6,G,1.824362972,"Ado Odo/Ota, Ogun, 112104, Nigeria",2016
17/03/2016,54:38.7,6.6804,3.1484,-17.6,G,1.537402335,"Ado Odo/Ota, Ogun, 112104, Nigeria",2016
27/03/2016,56:47.1,6.6657,3.1666,17.8,G,1.211477764,"Ado Odo/Ota, Ogun, 112104, Nigeria",2016
27/03/2016,02:33.2,6.6514,3.1549,8.8,G,1.949270631,"Ado Odo/Ota, Ogun, 112104, Nigeria",2016
27/03/2016,21:17.3,6.6698,3.1499,-9.2,G,0.693411215,"Ado Odo/Ota, Ogun, 112104, Nigeria",2016
27/03/2016,21:17.4,6.6572,3.1478,-27.9,G,1.59119415,"Ado Odo/Ota, Ogun, 112104, Nigeria",2016
27/03/2016,21:42.3,6.6603,3.1472,12.5,G,1.371387141,"Ado Odo/Ota, Ogun, 112104, Nigeria",2016
27/03/2016,23:05.0,6.6583,3.1471,-37.1,G,1.541689965,"Ado Odo/Ota, Ogun, 112104, Nigeria",2016
27/03/2016,25:43.7,6.6723,3.1574,-22.3,G,0.405129573,"Covenant University, Idi-Iroko Road, Ado Odo/Ota, Ogun, 112104, Nigeria",2016
27/03/2016,29:00.8,6.6571,3.1599,-27.9,G,1.376035969,"Ado Odo/Ota, Ogun, 112104, Nigeria",2016
28/03/2016,30:20.6,6.6595,3.1603,-7.5,G,1.141911486,"Ado Odo/Ota, Ogun, 112104, Nigeria",2016
28/03/2016,30:59.9,6.6673,3.1417,-5.5,G,1.601378543,"Ado Odo/Ota, Ogun, 112104, Nigeria",2016
28/03/2016,37:54.7,6.6719,3.1548,18.8,G,0.364790527,"Covenant University, Idi-Iroko Road, Ado Odo/Ota, Ogun, 112104, Nigeria",2016
9/4/2016,38:38.7,6.6588,3.1649,18.2,G,1.483484089,"Ado Odo/Ota, Ogun, 112104, Nigeria",2016
9/4/2016,43:20.0,6.6792,3.1566,-15.9,G,1.147813768,"Ado Odo/Ota, Ogun, 112104, Nigeria",2016
9/4/2016,05:48.0,6.6543,3.1649,-17,G,1.890447202,"Ado Odo/Ota, Ogun, 112104, Nigeria",2016
9/4/2016,29:42.3,6.667,3.1551,14.3,G,0.237875679,"Covenant University, Idi-Iroko Road, Ado Odo/Ota, Ogun, 112104, Nigeria",2016
12/4/2016,01:21.8,6.6566,3.1514,-25.1,G,1.462171413,"Ado Odo/Ota, Ogun, 112104, Nigeria",2016
12/4/2016,01:42.4,6.662,3.1484,8.2,G,1.14545306,"Ado Odo/Ota, Ogun, 112104, Nigeria",2016
12/4/2016,02:24.7,6.6682,3.1587,15.2,G,0.296007052,"Covenant University, Idi-Iroko Road, Ado Odo/Ota, Ogun, 112104, Nigeria",2016
12/4/2016,04:34.5,6.6705,3.1532,-27.7,G,0.368052135,"Covenant University, Idi-Iroko Road, Ado Odo/Ota, Ogun, 112104, Nigeria",2016
12/4/2016,06:27.1,6.6537,3.1568,-14,G,1.690640382,"Ado Odo/Ota, Ogun, 112104, Nigeria",2016
15/04/2016,14:42.9,6.67,3.1437,19.9,G,1.376270118,"Ado Odo/Ota, Ogun, 112104, Nigeria",2016
15/04/2016,43:40.0,6.669,3.1593,-13.7,G,0.352405792,"Covenant University, Idi-Iroko Road, Ado Odo/Ota, Ogun, 112104, Nigeria",2016
15/04/2016,53:39.0,6.6554,3.1655,13.1,G,1.823444061,"Ado Odo/Ota, Ogun, 112104, Nigeria",2016
17/04/2016,48:48.0,6.6776,3.1417,15.6,G,1.863167158,"Ado Odo/Ota, Ogun, Nigeria",2016
28/04/2016,24:24.7,6.6741,3.1531,58.4,G,0.668096249,"Covenant University, Idi-Iroko Road, Ado Odo/Ota, Ogun, 112104, Nigeria",2016
8/5/2016,53:41.2,6.6544,3.1496,23.1,G,1.764295839,"Ado Odo/Ota, Ogun, 112104, Nigeria",2016
8/5/2016,56:27.0,6.6729,3.1549,25.8,G,0.46563992,"Covenant University, Idi-Iroko Road, Ado Odo/Ota, Ogun, 112104, Nigeria",2016
8/5/2016,29:23.8,6.6632,3.1597,46.1,G,0.746498511,"Idi-Iroko Road, Ado Odo/Ota, Ogun, 112104, Nigeria",2016
12/5/2016,36:18.2,6.678,3.1457,-39.3,G,1.532473168,"Ado Odo/Ota, Ogun, 112104, Nigeria",2016
15/05/2016,17:52.5,6.6736,3.1728,14.5,G,1.916152566,"Ado Odo/Ota, Ogun, 112104, Nigeria",2016
21/05/2016,57:34.3,6.6705,3.1712,-16.5,G,1.676054679,"Ado Odo/Ota, Ogun, 112104, Nigeria",2016
21/05/2016,00:56.6,6.6744,3.145,-14.1,G,1.371636758,"Ado Odo/Ota, Ogun, 112104, Nigeria",2016
21/05/2016,07:17.1,6.6661,3.1733,8.5,G,1.923552705,"Ado Odo/Ota, Ogun, 112104, Nigeria",2016
21/05/2016,07:52.4,6.6688,3.1724,-43.3,G,1.799014118,"Ado Odo/Ota, Ogun, 112104, Nigeria",2016
21/05/2016,07:52.8,6.6611,3.1692,-41.6,G,1.685173836,"Ado Odo/Ota, Ogun, 112104, Nigeria",2016
21/05/2016,07:53.3,6.6667,3.1694,-13.2,G,1.48770738,"Ado Odo/Ota, Ogun, 112104, Nigeria",2016
21/05/2016,08:41.3,6.6855,3.1496,14.9,G,1.982111107,"Ado Odo/Ota, Ogun, 112104, Nigeria",2016
21/05/2016,14:05.3,6.6731,3.1573,-66.7,G,0.486315207,"Covenant University, Idi-Iroko Road, Ado Odo/Ota, Ogun, 112104, Nigeria",2016
21/05/2016,14:51.6,6.6749,3.171,17.4,G,1.775014225,"Ado Odo/Ota, Ogun, 112104, Nigeria",2016
21/05/2016,15:29.7,6.6641,3.1533,-34,G,0.616398202,"Ado Odo/Ota, Ogun, 112104, Nigeria",2016
21/05/2016,16:39.2,6.6736,3.1606,-26.3,G,0.721249284,"Covenant University, Idi-Iroko Road, Ado Odo/Ota, Ogun, 112104, Nigeria",2016
21/05/2016,18:59.0,6.6604,3.1523,16.2,G,1.033515872,"proposed covenant university college of medcine, Ado Odo/Ota, Ogun, 112104, Nigeria",2016
21/05/2016,22:48.6,6.6642,3.1511,16.1,G,0.760352885,"Ado Odo/Ota, Ogun, 112104, Nigeria",2016
21/05/2016,23:22.4,6.6699,3.1553,14.6,G,0.143754389,"Covenant University, Idi-Iroko Road, Ado Odo/Ota, Ogun, 112104, Nigeria",2016
21/05/2016,23:44.1,6.6772,3.1574,14.5,G,0.935051849,"Ado Odo/Ota, Ogun, 112104, Nigeria",2016
21/05/2016,29:16.7,6.6714,3.1404,14.7,G,1.75749344,"Ado Odo/Ota, Ogun, 112104, Nigeria",2016
21/05/2016,29:43.5,6.6617,3.1502,-74,G,1.032082002,"Ado Odo/Ota, Ogun, 112104, Nigeria",2016
25/05/2016,10:47.0,6.6536,3.1479,-16.7,G,1.926803921,"Ado Odo/Ota, Ogun, 112104, Nigeria",2016
25/05/2016,22:41.9,6.6735,3.1639,12.2,G,1.001436079,"Cafeteria 2, A5-1, Otta, Ado Odo/Ota, Ogun, 112104, Nigeria",2016
25/05/2016,23:40.0,6.6784,3.1677,45.5,G,1.660307231,"Ado Odo/Ota, Ogun, 112104, Nigeria",2016
25/05/2016,26:14.9,6.6695,3.1622,11.4,G,0.675896736,"Covenant University, Idi-Iroko Road, Ado Odo/Ota, Ogun, 112104, Nigeria",2016
25/05/2016,26:27.2,6.6718,3.1627,13.9,G,0.796440461,"Covenant University, Idi-Iroko Road, Ado Odo/Ota, Ogun, 112104, Nigeria",2016
25/05/2016,28:46.1,6.6735,3.1604,29.1,G,0.698040829,"Covenant University, Idi-Iroko Road, Ado Odo/Ota, Ogun, 112104, Nigeria",2016
25/05/2016,29:52.7,6.6569,3.1512,8.1,G,1.439224013,"Ado Odo/Ota, Ogun, 112104, Nigeria",2016
25/05/2016,32:04.5,6.682,3.1659,-16,G,1.814995289,"A5-1, Otta, Ado Odo/Ota, Ogun, 112104, Nigeria",2016
25/05/2016,42:15.2,6.6733,3.1599,16.2,G,0.644737327,"Covenant University, Idi-Iroko Road, Ado Odo/Ota, Ogun, 112104, Nigeria",2016
25/05/2016,45:04.7,6.6782,3.1691,12.9,G,1.769116324,"Ado Odo/Ota, Ogun, 112104, Nigeria",2016
25/05/2016,12:15.3,6.6729,3.1556,18.8,G,0.449572951,"Covenant University, Idi-Iroko Road, Ado Odo/Ota, Ogun, 112104, Nigeria",2016
25/05/2016,10:06.3,6.6703,3.1677,16.5,G,1.289487015,"Ado Odo/Ota, Ogun, 112104, Nigeria",2016
29/05/2016,52:05.9,6.6673,3.1558,-21.5,G,0.17998663,"Covenant University, Idi-Iroko Road, Ado Odo/Ota, Ogun, 112104, Nigeria",2016
29/05/2016,52:16.6,6.6841,3.1498,25,G,1.829383269,"Ado Odo/Ota, Ogun, 112104, Nigeria",2016
29/05/2016,58:44.4,6.6695,3.1415,22.9,G,1.61511757,"Ado Odo/Ota, Ogun, 112104, Nigeria",2016
29/05/2016,01:54.8,6.6766,3.1494,-28.7,G,1.133381783,"Ado Odo/Ota, Ogun, 112104, Nigeria",2016
6/6/2016,04:37.4,6.6558,3.1628,11.3,G,1.632173607,"Ado Odo/Ota, Ogun, 112104, Nigeria",2016
6/6/2016,06:40.1,6.6825,3.1527,31.4,G,1.559667873,"Ado Odo/Ota, Ogun, 112104, Nigeria",2016
6/6/2016,19:10.0,6.6661,3.1521,-280.8,G,0.540755192,"proposed covenant university college of medcine, Ado Odo/Ota, Ogun, 112104, Nigeria",2016
6/6/2016,24:23.9,6.6754,3.1493,-28,G,1.044045808,"Ado Odo/Ota, Ogun, 112104, Nigeria",2016
9/6/2016,03:26.5,6.6813,3.1522,-33.6,G,1.446071746,"Idi-Iroko Road, Ado Odo/Ota, Ogun, 112104, Nigeria",2016
9/6/2016,16:16.8,6.6705,3.1411,-26.5,G,1.667513934,"Ado Odo/Ota, Ogun, 112104, Nigeria",2016
9/6/2016,18:05.1,6.6667,3.1587,-33.6,G,0.375490451,"Covenant University, Idi-Iroko Road, Ado Odo/Ota, Ogun, 112104, Nigeria",2016
9/6/2016,18:19.5,6.6671,3.1468,-6.6,G,1.047406466,"Ado Odo/Ota, Ogun, 112104, Nigeria",2016
9/6/2016,18:35.1,6.681,3.1522,7.2,G,1.414271366,"Idi-Iroko Road, Ado Odo/Ota, Ogun, 112104, Nigeria",2016
9/6/2016,19:17.6,6.6678,3.1461,15.6,G,1.112263765,"Ado Odo/Ota, Ogun, 112104, Nigeria",2016
9/6/2016,22:00.6,6.6788,3.1664,-28,G,1.582962582,"Ado Odo/Ota, Ogun, 112104, Nigeria",2016
9/6/2016,23:15.5,6.6602,3.1542,-20.3,G,0.988947182,"proposed covenant university college of medcine, Ado Odo/Ota, Ogun, 112104, Nigeria",2016
9/6/2016,24:56.7,6.6726,3.1718,19,G,1.781175372,"Ado Odo/Ota, Ogun, 112104, Nigeria",2016
9/6/2016,25:47.9,6.6857,3.1603,25.4,G,1.925705379,"Ado Odo/Ota, Ogun, 112104, Nigeria",2016
9/6/2016,25:59.8,6.6537,3.1619,16.2,G,1.80589154,"Ado Odo/Ota, Ogun, 112104, Nigeria",2016
9/6/2016,26:18.1,6.6715,3.1487,21.6,G,0.868470231,"Ado Odo/Ota, Ogun, 112104, Nigeria",2016
9/6/2016,28:29.1,6.6733,3.1541,-20.4,G,0.538439223,"Covenant University, Idi-Iroko Road, Ado Odo/Ota, Ogun, 112104, Nigeria",2016
9/6/2016,28:29.3,6.6767,3.1717,11.9,G,1.92834479,"Ado Odo/Ota, Ogun, 112104, Nigeria",2016
9/6/2016,28:29.3,6.6716,3.1437,-14.9,G,1.403469947,"Ado Odo/Ota, Ogun, 112104, Nigeria",2016
9/6/2016,28:58.4,6.6598,3.1503,-44.5,G,1.197203881,"Ado Odo/Ota, Ogun, 112104, Nigeria",2016
9/6/2016,29:15.3,6.6668,3.1521,15.1,G,0.500198584,"Ado Odo/Ota, Ogun, 112104, Nigeria",2016
9/6/2016,29:23.8,6.6567,3.1531,-18.6,G,1.395546237,"Ado Odo/Ota, Ogun, 112104, Nigeria",2016
9/6/2016,30:10.0,6.6528,3.1489,-32.5,G,1.958271377,"Ado Odo/Ota, Ogun, 112104, Nigeria",2016
9/6/2016,30:34.2,6.6734,3.1594,-16.1,G,0.619316131,"Covenant University, Idi-Iroko Road, Ado Odo/Ota, Ogun, 112104, Nigeria",2016
9/6/2016,31:02.5,6.6628,3.1719,19,G,1.870603549,"Ado Odo/Ota, Ogun, 112104, Nigeria",2016
9/6/2016,32:19.3,6.6713,3.1467,16.5,G,1.073405619,"Ado Odo/Ota, Ogun, 112104, Nigeria",2016
9/6/2016,34:45.7,6.6683,3.1458,9.5,G,1.140667208,"Ado Odo/Ota, Ogun, 112104, Nigeria",2016
9/6/2016,37:13.6,6.6756,3.1606,21.7,G,0.895910321,"Covenant University, Idi-Iroko Road, Ado Odo/Ota, Ogun, 112104, Nigeria",2016
9/6/2016,38:01.7,6.672,3.148,31.9,G,0.960285334,"Ado Odo/Ota, Ogun, 112104, Nigeria",2016
9/6/2016,38:35.4,6.6636,3.1551,16.1,G,0.598606028,"Ado Odo/Ota, Ogun, 112104, Nigeria",2016
9/6/2016,40:08.5,6.6579,3.1512,-17.1,G,1.336884709,"Ado Odo/Ota, Ogun, 112104, Nigeria",2016
9/6/2016,41:46.2,6.6625,3.1668,23.5,G,1.377789446,"Ado Odo/Ota, Ogun, 112104, Nigeria",2016
9/6/2016,42:15.0,6.6596,3.1714,-33.1,G,1.9794119,"Ado Odo/Ota, Ogun, 112104, Nigeria",2016
9/6/2016,42:48.9,6.6831,3.1484,11.5,G,1.795077523,"Ado Odo/Ota, Ogun, 112104, Nigeria",2016
9/6/2016,50:49.2,6.6644,3.1443,-31.4,G,1.396691113,"Ado Odo/Ota, Ogun, 112104, Nigeria",2016
19/06/2016,37:43.3,6.6685,3.1738,-19.6,G,1.954085692,"Ado Odo/Ota, Ogun, 112104, Nigeria",2016
19/06/2016,49:52.8,6.6592,3.1631,-11.5,G,1.325326832,"Ado Odo/Ota, Ogun, 112104, Nigeria",2016
19/06/2016,01:08.2,6.6651,3.1416,16.4,G,1.657101849,"Ado Odo/Ota, Ogun, 112104, Nigeria",2016
19/06/2016,22:34.6,6.6815,3.1436,-28.2,G,1.968662064,"Idi-Iroko Road, Ado Odo/Ota, Ogun, 112104, Nigeria",2016
19/06/2016,26:00.3,6.6583,3.1423,14.6,G,1.926924686,"Ado Odo/Ota, Ogun, 112104, Nigeria",2016
2/7/2016,11:53.0,6.6555,3.1593,14.3,G,1.529868132,"Ado Odo/Ota, Ogun, 112104, Nigeria",2016
30/07/2016,49:13.3,6.6742,3.163,-31.3,G,0.963131407,"A5-1, Otta, Ado Odo/Ota, Ogun, 112104, Nigeria",2016
30/07/2016,52:19.5,6.6783,3.1645,41.1,G,1.397663348,"Ado Odo/Ota, Ogun, 112104, Nigeria",2016
11/9/2016,13:10.4,6.6779,3.171,-55.9,G,1.92558489,"Ado Odo/Ota, Ogun, 112104, Nigeria",2016
24/09/2016,48:01.9,6.6707,3.1565,-53.7,G,0.205915312,"Covenant University, Idi-Iroko Road, Ado Odo/Ota, Ogun, 112104, Nigeria",2016
7/10/2016,59:55.0,6.6515,3.1545,-187,G,1.941726598,"Ado Odo/Ota, Ogun, 112104, Nigeria",2016
7/10/2016,11:59.9,6.6744,3.1618,23.1,G,0.877658206,"Covenant University, Idi-Iroko Road, Ado Odo/Ota, Ogun, 112104, Nigeria",2016
7/10/2016,24:03.2,6.6635,3.1574,-84.7,G,0.615893297,"proposed covenant university college of medcine, Ado Odo/Ota, Ogun, 112104, Nigeria",2016
9/10/2016,39:41.0,6.6765,3.1606,-31.3,G,0.980831691,"Covenant University, Idi-Iroko Road, Ado Odo/Ota, Ogun, 112104, Nigeria",2016
16/10/2016,19:05.0,6.658,3.1422,80,G,1.956149957,"Ado Odo/Ota, Ogun, 112104, Nigeria",2016
21/10/2016,04:48.3,6.661,3.1658,34.3,G,1.383671639,"Ado Odo/Ota, Ogun, 112104, Nigeria",2016
21/10/2016,07:20.8,6.686,3.158,13.7,G,1.914070559,"Ado Odo/Ota, Ogun, 112104, Nigeria",2016
21/10/2016,27:38.7,6.6716,3.1507,-14.6,G,0.669345271,"Ado Odo/Ota, Ogun, 112104, Nigeria",2016
22/10/2016,41:56.7,6.6579,3.1578,12.4,G,1.236063769,"proposed covenant university college of medcine, Ado Odo/Ota, Ogun, 112104, Nigeria",2016
26/10/2016,43:52.0,6.6631,3.1658,-30.4,G,1.248758582,"Ado Odo/Ota, Ogun, 112104, Nigeria",2016
26/10/2016,08:39.7,6.6842,3.1473,-40,G,1.960995341,"Isale, Ado Odo/Ota, Ogun, 112104, Nigeria",2016
28/10/2016,55:55.8,6.6675,3.1489,-21.4,G,0.811250387,"Ado Odo/Ota, Ogun, 112104, Nigeria",2016
29/10/2016,25:24.3,6.6641,3.1523,-75.4,G,0.678765394,"Ado Odo/Ota, Ogun, 112104, Nigeria",2016
18/11/2016,12:13.6,6.6762,3.1726,-23.4,G,1.994283598,"Ado Odo/Ota, Ogun, 112104, Nigeria",2016
18/11/2016,12:25.3,6.6711,3.1445,-27.6,G,1.305714729,"Ado Odo/Ota, Ogun, 112104, Nigeria",2016
18/11/2016,21:12.0,6.6724,3.1537,-31.5,G,0.472583679,"Covenant University, Idi-Iroko Road, Ado Odo/Ota, Ogun, 112104, Nigeria",2016
18/11/2016,22:55.6,6.6688,3.1632,-19.2,G,0.782977659,"Ado Odo/Ota, Ogun, 112104, Nigeria",2016
18/11/2016,23:42.1,6.6734,3.1625,-21.9,G,0.865730643,"Covenant University, Idi-Iroko Road, Ado Odo/Ota, Ogun, 112104, Nigeria",2016
18/11/2016,25:16.2,6.652,3.1566,32.4,G,1.878734961,"Ado Odo/Ota, Ogun, 112104, Nigeria",2016
18/11/2016,30:24.2,6.6654,3.1624,-23.7,G,0.795563569,"Ado Odo/Ota, Ogun, 112104, Nigeria",2016
18/11/2016,31:42.6,6.6672,3.1401,27.9,G,1.778255192,"Ado Odo/Ota, Ogun, 112104, Nigeria",2016
18/11/2016,34:36.0,6.6741,3.1698,16.8,G,1.619069274,"Ado Odo/Ota, Ogun, 112104, Nigeria",2016
19/11/2016,58:46.6,6.6782,3.1435,-17.1,G,1.735456757,"Ado Odo/Ota, Ogun, Nigeria",2016
19/11/2016,23:52.6,6.6694,3.1683,23.5,G,1.347370735,"Ado Odo/Ota, Ogun, 112104, Nigeria",2016
19/11/2016,24:22.1,6.6773,3.15,21.6,G,1.153366082,"Ado Odo/Ota, Ogun, 112104, Nigeria",2016
19/11/2016,30:03.2,6.6734,3.1579,-26.1,G,0.539118293,"Covenant University, Idi-Iroko Road, Ado Odo/Ota, Ogun, 112104, Nigeria",2016
23/11/2016,43:14.4,6.6811,3.156,-30.9,G,1.357868929,"Idi-Iroko Road, Ado Odo/Ota, Ogun, 112104, Nigeria",2016
23/11/2016,45:40.9,6.6721,3.1467,-43.7,G,1.099003987,"Ado Odo/Ota, Ogun, 112104, Nigeria",2016
11/12/2016,02:05.3,6.6622,3.163,-19.7,G,1.063983035,"Anjorin Street, Ado Odo/Ota, Ogun, 112104, Nigeria",2016
11/12/2016,02:55.1,6.6717,3.1564,44,G,0.314205282,"Covenant University, Idi-Iroko Road, Ado Odo/Ota, Ogun, 112104, Nigeria",2016
11/12/2016,04:02.9,6.6719,3.1592,-25.8,G,0.477999675,"Covenant University, Idi-Iroko Road, Ado Odo/Ota, Ogun, 112104, Nigeria",2016
11/12/2016,05:21.8,6.6835,3.1533,-31,G,1.654078513,"Ado Odo/Ota, Ogun, 112104, Nigeria",2016
11/12/2016,11:59.9,6.6752,3.1637,-28,G,1.093131099,"A5-1, Otta, Ado Odo/Ota, Ogun, 112104, Nigeria",2016
11/12/2016,12:35.0,6.6637,3.169,26,G,1.5359774,"Ado Odo/Ota, Ogun, 112104, Nigeria",2016
11/12/2016,12:47.7,6.6703,3.1731,50.1,G,1.882843326,"Ado Odo/Ota, Ogun, 112104, Nigeria",2016
11/12/2016,14:14.7,6.6672,3.1454,23.6,G,1.197778094,"Ado Odo/Ota, Ogun, 112104, Nigeria",2016
11/12/2016,15:21.0,6.6713,3.1548,-20.1,G,0.304707965,"Covenant University, Idi-Iroko Road, Ado Odo/Ota, Ogun, 112104, Nigeria",2016
11/12/2016,16:44.4,6.6642,3.1518,-19.8,G,0.706073586,"Ado Odo/Ota, Ogun, 112104, Nigeria",2016
11/12/2016,20:20.8,6.6708,3.168,-61.1,G,1.330122072,"Ado Odo/Ota, Ogun, 112104, Nigeria",2016
12/12/2016,03:08.4,6.6676,3.1523,-31.4,G,0.444639981,"Ado Odo/Ota, Ogun, 112104, Nigeria",2016
12/12/2016,08:56.2,6.6778,3.1417,25.2,G,1.874824831,"Ado Odo/Ota, Ogun, Nigeria",2016
12/12/2016,09:38.2,6.676,3.1637,19.3,G,1.152258505,"Ado Odo/Ota, Ogun, 112104, Nigeria",2016
12/12/2016,18:40.9,6.6572,3.1605,22,G,1.387190362,"Ado Odo/Ota, Ogun, 112104, Nigeria",2016
12/12/2016,19:09.0,6.6645,3.1466,-34.4,G,1.158266702,"Ado Odo/Ota, Ogun, 112104, Nigeria",2016
12/12/2016,19:09.2,6.6646,3.1603,-47.7,G,0.664429308,"Idi-Iroko Road, Ado Odo/Ota, Ogun, 112104, Nigeria",2016
12/12/2016,19:37.2,6.6517,3.1592,23.3,G,1.94152466,"Ado Odo/Ota, Ogun, 112104, Nigeria",2016
12/12/2016,21:39.5,6.6527,3.159,-28.7,G,1.828179736,"Ado Odo/Ota, Ogun, 112104, Nigeria",2016
12/12/2016,22:45.0,6.6652,3.1384,-22.8,G,1.998612926,"Ado Odo/Ota, Ogun, 112104, Nigeria",2016
12/12/2016,27:23.7,6.6701,3.1512,-35.9,G,0.558863189,"Ado Odo/Ota, Ogun, 112104, Nigeria",2016
12/12/2016,38:40.8,6.6638,3.1493,-30.4,G,0.941308502,"Ado Odo/Ota, Ogun, 112104, Nigeria",2016
31/01/2017,18:18.1,6.666,3.1481,-32.4,G,0.941279381,"Ado Odo/Ota, Ogun, 112104, Nigeria",2017
31/01/2017,31:11.0,6.6632,3.1581,-17.1,G,0.669628458,"Idi-Iroko Road, Ado Odo/Ota, Ogun, 112104, Nigeria",2017
31/01/2017,33:35.0,6.6712,3.1695,13.1,G,1.500864399,"Ado Odo/Ota, Ogun, 112104, Nigeria",2017
31/01/2017,37:49.3,6.6742,3.1673,-28,G,1.369592099,"Ado Odo/Ota, Ogun, 112104, Nigeria",2017
31/01/2017,37:49.4,6.6668,3.1439,-23.9,G,1.368485255,"Ado Odo/Ota, Ogun, 112104, Nigeria",2017
9/2/2017,40:07.9,6.671,3.1604,-31.5,G,0.52865214,"Covenant University, Idi-Iroko Road, Ado Odo/Ota, Ogun, 112104, Nigeria",2017
9/2/2017,44:55.1,6.6555,3.1593,-24.4,G,1.529868132,"Ado Odo/Ota, Ogun, 112104, Nigeria",2017
9/2/2017,08:05.5,6.6679,3.1598,24.9,G,0.421989021,"Covenant University, Idi-Iroko Road, Ado Odo/Ota, Ogun, 112104, Nigeria",2017
10/3/2017,17:40.4,6.6526,3.1624,8.7,G,1.939852709,"Ado Odo/Ota, Ogun, 112104, Nigeria",2017
20/03/2017,07:29.1,6.6727,3.166,-8.7,G,1.171485423,"Ado Odo/Ota, Ogun, 112104, Nigeria",2017
20/03/2017,08:04.6,6.6691,3.167,-20.1,G,1.202825774,"Ado Odo/Ota, Ogun, 112104, Nigeria",2017
20/03/2017,14:26.8,6.6553,3.1498,-12.4,G,1.66403481,"Ado Odo/Ota, Ogun, 112104, Nigeria",2017
20/03/2017,16:52.1,6.6699,3.1545,-12.3,G,0.210479013,"Covenant University, Idi-Iroko Road, Ado Odo/Ota, Ogun, 112104, Nigeria",2017
20/03/2017,19:23.8,6.6628,3.1558,9.1,G,0.677924989,"proposed covenant university college of medcine, Ado Odo/Ota, Ogun, 112104, Nigeria",2017
20/03/2017,35:34.1,6.6731,3.1458,-8.7,G,1.231293226,"Ado Odo/Ota, Ogun, 112104, Nigeria",2017
20/03/2017,14:53.6,6.6567,3.163,13.7,G,1.55429262,"Ado Odo/Ota, Ogun, 112104, Nigeria",2017
20/03/2017,17:23.6,6.6595,3.1609,20.2,G,1.170327864,"Ado Odo/Ota, Ogun, 112104, Nigeria",2017
20/03/2017,38:52.4,6.6703,3.1671,-9.9,G,1.223740551,"Ado Odo/Ota, Ogun, 112104, Nigeria",2017
25/03/2017,49:46.4,6.6546,3.1538,22.3,G,1.60922428,"Ado Odo/Ota, Ogun, 112104, Nigeria",2017
25/03/2017,53:09.3,6.6561,3.1646,6.4,G,1.703305069,"Ado Odo/Ota, Ogun, 112104, Nigeria",2017
3/4/2017,29:57.9,6.6595,3.1666,-6.2,G,1.559452472,"Ado Odo/Ota, Ogun, 112104, Nigeria",2017
3/4/2017,55:15.4,6.6613,3.159,-15.7,G,0.902150077,"Ado Odo/Ota, Ogun, 112104, Nigeria",2017
4/4/2017,47:45.4,6.6794,3.1664,12.6,G,1.630114403,"A5-1, Otta, Ado Odo/Ota, Ogun, 112104, Nigeria",2017
4/4/2017,49:59.5,6.6701,3.1545,-23.4,G,0.223151622,"Covenant University, Idi-Iroko Road, Ado Odo/Ota, Ogun, 112104, Nigeria",2017
4/4/2017,49:59.6,6.6734,3.1497,-23,G,0.867731926,"Ado Odo/Ota, Ogun, 112104, Nigeria",2017
4/4/2017,50:54.8,6.6599,3.1638,13,G,1.311548439,"Ado Odo/Ota, Ogun, 112104, Nigeria",2017
4/4/2017,08:11.3,6.6728,3.1419,28.4,G,1.628643821,"Ado Odo/Ota, Ogun, 112104, Nigeria",2017
4/4/2017,11:12.7,6.6728,3.1588,-15.9,G,0.526615049,"Covenant University, Idi-Iroko Road, Ado Odo/Ota, Ogun, 112104, Nigeria",2017
4/4/2017,21:37.2,6.6703,3.1452,-8.8,G,1.215221746,"Ado Odo/Ota, Ogun, 112104, Nigeria",2017
4/4/2017,21:41.4,6.6596,3.1488,15.2,G,1.311043925,"Ado Odo/Ota, Ogun, 112104, Nigeria",2017
6/4/2017,16:24.0,6.6706,3.163,30.2,G,0.784255482,"Covenant University, Idi-Iroko Road, Ado Odo/Ota, Ogun, 112104, Nigeria",2017
6/4/2017,45:31.6,6.6674,3.1494,11.4,G,0.759458149,"Ado Odo/Ota, Ogun, 112104, Nigeria",2017
6/4/2017,48:51.7,6.6677,3.1512,21.4,G,0.558274252,"Ado Odo/Ota, Ogun, 112104, Nigeria",2017
6/4/2017,53:22.2,6.6783,3.1487,-23.3,G,1.32854329,"Ado Odo/Ota, Ogun, 112104, Nigeria",2017
6/4/2017,55:16.8,6.6832,3.1464,14.2,G,1.919003299,"Idi-Iroko Road, Ado Odo/Ota, Ogun, 112104, Nigeria",2017
8/4/2017,11:16.8,6.6649,3.1488,-17.9,G,0.921262661,"Ado Odo/Ota, Ogun, 112104, Nigeria",2017
8/4/2017,14:03.3,6.6655,3.1483,23.7,G,0.941392119,"Ado Odo/Ota, Ogun, 112104, Nigeria",2017
8/4/2017,21:42.1,6.6623,3.1676,-17.4,G,1.465200104,"Ado Odo/Ota, Ogun, 112104, Nigeria",2017
8/4/2017,26:17.7,6.6629,3.1434,-24.8,G,1.553795514,"Ado Odo/Ota, Ogun, 112104, Nigeria",2017
8/4/2017,26:17.8,6.6567,3.15,-23.5,G,1.514097501,"Ado Odo/Ota, Ogun, 112104, Nigeria",2017
8/4/2017,45:46.4,6.6725,3.1472,29.5,G,1.062923955,"Ado Odo/Ota, Ogun, 112104, Nigeria",2017
8/4/2017,00:40.9,6.6775,3.1488,8.9,G,1.252519577,"Ado Odo/Ota, Ogun, 112104, Nigeria",2017
8/4/2017,00:41.1,6.6634,3.147,10.4,G,1.17689001,"Ado Odo/Ota, Ogun, 112104, Nigeria",2017
8/4/2017,13:16.9,6.6515,3.1553,-13.1,G,1.935630441,"Ado Odo/Ota, Ogun, 112104, Nigeria",2017
12/4/2017,43:40.5,6.6722,3.1657,33.1,G,1.121193428,"Ado Odo/Ota, Ogun, 112104, Nigeria",2017
12/4/2017,28:57.5,6.6722,3.1615,26.2,G,0.699837063,"Covenant University, Idi-Iroko Road, Ado Odo/Ota, Ogun, 112104, Nigeria",2017
12/4/2017,33:21.5,6.6831,3.158,-27.9,G,1.593913754,"Ado Odo/Ota, Ogun, 112104, Nigeria",2017
13/04/2017,31:42.9,6.6591,3.1501,14.4,G,1.274961284,"Ado Odo/Ota, Ogun, 112104, Nigeria",2017
13/04/2017,32:39.2,6.6661,3.1435,-30.3,G,1.426912984,"Ado Odo/Ota, Ogun, 112104, Nigeria",2017
13/04/2017,38:42.4,6.6707,3.1588,-22.6,G,0.358811974,"Covenant University, Idi-Iroko Road, Ado Odo/Ota, Ogun, 112104, Nigeria",2017
13/04/2017,40:08.9,6.665,3.1432,-14.1,G,1.490067506,"Ado Odo/Ota, Ogun, 112104, Nigeria",2017
13/04/2017,40:49.8,6.6625,3.1481,15.4,G,1.134684641,"Ado Odo/Ota, Ogun, 112104, Nigeria",2017
13/04/2017,41:14.9,6.6606,3.149,14.8,G,1.210914497,"Ado Odo/Ota, Ogun, 112104, Nigeria",2017
13/04/2017,42:00.4,6.6707,3.1545,20.6,G,0.268732599,"Covenant University, Idi-Iroko Road, Ado Odo/Ota, Ogun, 112104, Nigeria",2017
13/04/2017,54:47.0,6.6678,3.1721,-15.8,G,1.770002126,"Ado Odo/Ota, Ogun, 112104, Nigeria",2017
13/04/2017,59:16.1,6.6654,3.1467,15.4,G,1.109430518,"Ado Odo/Ota, Ogun, 112104, Nigeria",2017
13/04/2017,00:32.8,6.6574,3.1459,10.8,G,1.70406933,"Ado Odo/Ota, Ogun, 112104, Nigeria",2017
13/04/2017,02:22.1,6.6684,3.1429,12.9,G,1.460081972,"Ado Odo/Ota, Ogun, 112104, Nigeria",2017
13/04/2017,04:59.7,6.6734,3.1666,-16,G,1.262354746,"Ado Odo/Ota, Ogun, 112104, Nigeria",2017
13/04/2017,17:51.4,6.6732,3.1575,-14,G,0.503317082,"Covenant University, Idi-Iroko Road, Ado Odo/Ota, Ogun, 112104, Nigeria",2017
13/04/2017,42:44.9,6.6639,3.162,-7.5,G,0.854832997,"Anjorin Street, Ado Odo/Ota, Ogun, 112104, Nigeria",2017
14/04/2017,17:14.3,6.6782,3.1439,7.7,G,1.700207119,"Ado Odo/Ota, Ogun, Nigeria",2017
20/04/2017,02:23.9,6.658,3.1554,29.2,G,1.213333819,"proposed covenant university college of medcine, Ado Odo/Ota, Ogun, 112104, Nigeria",2017
20/04/2017,31:52.8,6.6589,3.1596,11.9,G,1.1756536,"Ado Odo/Ota, Ogun, 112104, Nigeria",2017
20/04/2017,33:36.9,6.6548,3.1558,23.9,G,1.566989854,"Ado Odo/Ota, Ogun, 112104, Nigeria",2017
20/04/2017,33:53.0,6.6738,3.151,-25.9,G,0.785400508,"Ado Odo/Ota, Ogun, 112104, Nigeria",2017
20/04/2017,58:47.2,6.6774,3.1438,14.6,G,1.656602016,"Ado Odo/Ota, Ogun, Nigeria",2017
1/5/2017,52:43.2,6.6545,3.1572,13.2,G,1.604484922,"Ado Odo/Ota, Ogun, 112104, Nigeria",2017
1/5/2017,53:26.7,6.655,3.1664,6.8,G,1.917388072,"Ado Odo/Ota, Ogun, 112104, Nigeria",2017
1/5/2017,59:20.8,6.6667,3.1683,-13.9,G,1.368001567,"Ado Odo/Ota, Ogun, 112104, Nigeria",2017
1/5/2017,59:20.9,6.6778,3.1672,36.7,G,1.575325677,"Ado Odo/Ota, Ogun, 112104, Nigeria",2017
1/5/2017,59:21.1,6.6673,3.1468,8.3,G,1.043411275,"Ado Odo/Ota, Ogun, 112104, Nigeria",2017
1/5/2017,00:43.2,6.655,3.1606,14.4,G,1.621999015,"Ado Odo/Ota, Ogun, 112104, Nigeria",2017
1/5/2017,00:43.3,6.6572,3.161,13.4,G,1.407437952,"Ado Odo/Ota, Ogun, 112104, Nigeria",2017
1/5/2017,01:07.6,6.6715,3.1663,9.3,G,1.16213726,"Ado Odo/Ota, Ogun, 112104, Nigeria",2017
1/5/2017,02:46.3,6.6588,3.1524,20.8,G,1.194362806,"proposed covenant university college of medcine, Ado Odo/Ota, Ogun, 112104, Nigeria",2017
1/5/2017,03:23.1,6.6543,3.1483,-4.8,G,1.837336204,"Ado Odo/Ota, Ogun, 112104, Nigeria",2017
1/5/2017,04:46.1,6.654,3.15,10,G,1.787861475,"Ado Odo/Ota, Ogun, 112104, Nigeria",2017
1/5/2017,04:46.1,6.6619,3.1477,14.2,G,1.211148202,"Ado Odo/Ota, Ogun, 112104, Nigeria",2017
1/5/2017,05:14.1,6.6573,3.1644,10.9,G,1.580701768,"Ado Odo/Ota, Ogun, 112104, Nigeria",2017
1/5/2017,05:38.3,6.6744,3.1511,-16.4,G,0.825727082,"Ado Odo/Ota, Ogun, Nigeria",2017
1/5/2017,07:13.1,6.6693,3.1408,5.9,G,1.691615341,"Ado Odo/Ota, Ogun, 112104, Nigeria",2017
11/5/2017,21:38.5,6.6724,3.1726,18.9,G,1.862449316,"Ado Odo/Ota, Ogun, 112104, Nigeria",2017
11/5/2017,24:44.8,6.66,3.1509,20,G,1.14375365,"Ado Odo/Ota, Ogun, 112104, Nigeria",2017
11/5/2017,27:52.7,6.6697,3.1401,18.4,G,1.770605183,"Ado Odo/Ota, Ogun, 112104, Nigeria",2017
11/5/2017,28:38.9,6.6766,3.1435,31,G,1.635563402,"Ado Odo/Ota, Ogun, Nigeria",2017
11/5/2017,28:50.9,6.6543,3.1635,14.8,G,1.815907811,"Ado Odo/Ota, Ogun, 112104, Nigeria",2017
11/5/2017,29:54.9,6.668,3.1475,12.4,G,0.956156325,"Ado Odo/Ota, Ogun, 112104, Nigeria",2017
11/5/2017,34:02.9,6.6665,3.1649,19.9,G,1.006360126,"Ado Odo/Ota, Ogun, 112104, Nigeria",2017
11/5/2017,34:08.0,6.6603,3.1429,20.2,G,1.743852804,"Ado Odo/Ota, Ogun, 112104, Nigeria",2017
11/5/2017,35:07.4,6.6729,3.15,6.3,G,0.808981909,"Ado Odo/Ota, Ogun, 112104, Nigeria",2017
11/5/2017,35:35.6,6.6654,3.1616,43.9,G,0.719716909,"Idi-Iroko Road, Ado Odo/Ota, Ogun, 112104, Nigeria",2017
11/5/2017,36:03.9,6.6598,3.1531,-34.8,G,1.063947733,"proposed covenant university college of medcine, Ado Odo/Ota, Ogun, 112104, Nigeria",2017
11/5/2017,36:15.3,6.6655,3.1656,-25.7,G,1.113670958,"Ado Odo/Ota, Ogun, 112104, Nigeria",2017
11/5/2017,36:48.0,6.6614,3.1718,-41.1,G,1.922446979,"Ado Odo/Ota, Ogun, 112104, Nigeria",2017
11/5/2017,37:15.6,6.6599,3.1556,-41.1,G,1.001111696,"proposed covenant university college of medcine, Ado Odo/Ota, Ogun, 112104, Nigeria",2017
11/5/2017,37:16.2,6.6617,3.1533,-25.3,G,0.857543018,"Ado Odo/Ota, Ogun, 112104, Nigeria",2017
11/5/2017,37:16.3,6.6681,3.1517,-23.4,G,0.495009175,"Ado Odo/Ota, Ogun, 112104, Nigeria",2017
11/5/2017,37:31.7,6.6802,3.1441,-6.5,G,1.827995322,"Ado Odo/Ota, Ogun, 112104, Nigeria",2017
11/5/2017,38:31.5,6.6818,3.1507,-25.6,G,1.555065024,"Idi-Iroko Road, Ado Odo/Ota, Ogun, 112104, Nigeria",2017
11/5/2017,40:38.1,6.6684,3.1625,-30.6,G,0.70769677,"Ado Odo/Ota, Ogun, 112104, Nigeria",2017
11/5/2017,41:21.8,6.6545,3.1501,21.3,G,1.732241844,"Ado Odo/Ota, Ogun, 112104, Nigeria",2017
11/5/2017,44:09.0,6.6583,3.1606,17.5,G,1.277548893,"Ado Odo/Ota, Ogun, 112104, Nigeria",2017
11/5/2017,45:46.6,6.659,3.148,11.6,G,1.418309841,"Ado Odo/Ota, Ogun, 112104, Nigeria",2017
11/5/2017,46:05.9,6.6678,3.1385,19.4,G,1.948783324,"Ado Odo/Ota, Ogun, 112104, Nigeria",2017
11/5/2017,51:48.7,6.6681,3.1608,42.5,G,0.525230522,"Covenant University, Idi-Iroko Road, Ado Odo/Ota, Ogun, 112104, Nigeria",2017
11/5/2017,52:08.9,6.656,3.1655,-24.3,G,1.768971756,"Ado Odo/Ota, Ogun, 112104, Nigeria",2017
11/5/2017,52:23.3,6.6653,3.1544,18.6,G,0.44155116,"proposed covenant university college of medcine, Ado Odo/Ota, Ogun, 112104, Nigeria",2017
11/5/2017,53:00.6,6.6846,3.1531,43.6,G,1.778365302,"Isale, Ado Odo/Ota, Ogun, 112104, Nigeria",2017
11/5/2017,53:14.2,6.6714,3.1394,24.4,G,1.866615425,"Ado Odo/Ota, Ogun, 112104, Nigeria",2017
11/5/2017,53:57.0,6.6687,3.1546,-7.8,G,0.168207382,"Covenant University, Idi-Iroko Road, Ado Odo/Ota, Ogun, 112104, Nigeria",2017
11/5/2017,54:25.1,6.6734,3.1505,20,G,0.79727434,"Ado Odo/Ota, Ogun, 112104, Nigeria",2017
11/5/2017,54:51.4,6.675,3.1587,-20.6,G,0.737227756,"Covenant University, Idi-Iroko Road, Ado Odo/Ota, Ogun, 112104, Nigeria",2017
11/5/2017,58:46.2,6.662,3.1583,11.5,G,0.80325151,"Ado Odo/Ota, Ogun, 112104, Nigeria",2017
11/5/2017,59:12.8,6.6821,3.1505,18,G,1.594368246,"Ado Odo/Ota, Ogun, 112104, Nigeria",2017
11/5/2017,59:56.7,6.6617,3.159,26.1,G,0.860690332,"Ado Odo/Ota, Ogun, 112104, Nigeria",2017
11/5/2017,00:23.0,6.662,3.1669,21.1,G,1.416541035,"Ado Odo/Ota, Ogun, 112104, Nigeria",2017
11/5/2017,03:35.6,6.6803,3.1468,-15.3,G,1.633237242,"Ado Odo/Ota, Ogun, 112104, Nigeria",2017
11/5/2017,06:27.1,6.6545,3.1584,11.4,G,1.619819164,"Ado Odo/Ota, Ogun, 112104, Nigeria",2017
11/5/2017,07:31.5,6.6667,3.1726,-25.7,G,1.837272569,"Ado Odo/Ota, Ogun, 112104, Nigeria",2017
18/05/2017,01:03.0,6.6705,3.1576,-44.5,G,0.243173031,"Africa Church Primary School, Meesan Ota, Idi-Iroko Road, Ado Odo/Ota, Ogun, 112104, Nigeria",2017
18/05/2017,03:40.6,6.6826,3.1483,8.8,G,1.751746936,"Ado Odo/Ota, Ogun, 112104, Nigeria",2017
19/05/2017,40:05.2,6.6629,3.1541,26.6,G,0.701999107,"Ado Odo/Ota, Ogun, 112104, Nigeria",2017
19/05/2017,42:28.8,6.6797,3.1671,-23.1,G,1.708225524,"A5-1, Otta, Ado Odo/Ota, Ogun, 112104, Nigeria",2017
19/05/2017,42:34.1,6.6778,3.1592,-51.1,G,1.047951119,"Ado Odo/Ota, Ogun, 112104, Nigeria",2017
19/05/2017,44:59.7,6.6758,3.154,19,G,0.803071118,"Ado Odo/Ota, Ogun, 112104, Nigeria",2017
19/05/2017,45:35.1,6.6837,3.1547,-47.7,G,1.654277447,"Ado Odo/Ota, Ogun, 112104, Nigeria",2017
19/05/2017,46:22.4,6.6711,3.1412,-32.6,G,1.665069723,"Ado Odo/Ota, Ogun, 112104, Nigeria",2017
19/05/2017,46:41.1,6.656,3.1589,-53.4,G,1.465904685,"Ado Odo/Ota, Ogun, 112104, Nigeria",2017
19/05/2017,47:19.8,6.6593,3.1685,36.8,G,1.734656525,"Ado Odo/Ota, Ogun, 112104, Nigeria",2017
19/05/2017,48:44.1,6.6843,3.1541,20.7,G,1.727971315,"Ado Odo/Ota, Ogun, 112104, Nigeria",2017
19/05/2017,50:42.5,6.6713,3.1638,-18.7,G,0.890496324,"Ado Odo/Ota, Ogun, 112104, Nigeria",2017
19/05/2017,51:29.1,6.6765,3.1647,25.6,G,1.27123577,"Ado Odo/Ota, Ogun, 112104, Nigeria",2017
19/05/2017,53:29.0,6.684,3.1609,-28.9,G,1.761550583,"Ado Odo/Ota, Ogun, 112104, Nigeria",2017
19/05/2017,54:35.8,6.6753,3.1708,-23.1,G,1.771992033,"Ado Odo/Ota, Ogun, 112104, Nigeria",2017
19/05/2017,02:08.4,6.6595,3.1667,21.2,G,1.567674155,"Ado Odo/Ota, Ogun, 112104, Nigeria",2017
19/05/2017,02:42.3,6.6667,3.1388,-25.1,G,1.927318044,"Ado Odo/Ota, Ogun, 112104, Nigeria",2017
19/05/2017,03:34.2,6.665,3.1694,-20.1,G,1.530043,"Ado Odo/Ota, Ogun, 112104, Nigeria",2017
19/05/2017,05:55.4,6.6782,3.1588,-24.1,G,1.077095235,"Ado Odo/Ota, Ogun, 112104, Nigeria",2017
19/05/2017,12:52.3,6.6582,3.1451,30.3,G,1.700462225,"Ado Odo/Ota, Ogun, 112104, Nigeria",2017
20/05/2017,38:11.0,6.6757,3.1551,16.1,G,0.765549097,"Covenant University, Idi-Iroko Road, Ado Odo/Ota, Ogun, 112104, Nigeria",2017
20/05/2017,53:12.8,6.6678,3.1388,10.3,G,1.915715636,"Ado Odo/Ota, Ogun, 112104, Nigeria",2017
28/05/2017,39:38.7,6.6783,3.1575,-17.6,G,1.057649965,"Ado Odo/Ota, Ogun, 112104, Nigeria",2017
30/05/2017,49:10.3,6.6751,3.1717,13.4,G,1.855026457,"Ado Odo/Ota, Ogun, 112104, Nigeria",2017
30/05/2017,52:11.5,6.6671,3.1498,-16.6,G,0.724844333,"Ado Odo/Ota, Ogun, 112104, Nigeria",2017
30/05/2017,54:31.6,6.6829,3.1645,11.7,G,1.812626012,"Ado Odo/Ota, Ogun, 112104, Nigeria",2017
2/6/2017,35:17.6,6.6577,3.16,-26.1,G,1.316198065,"Ado Odo/Ota, Ogun, 112104, Nigeria",2017
2/6/2017,35:17.7,6.6641,3.1728,-28.6,G,1.918552222,"Ado Odo/Ota, Ogun, 112104, Nigeria",2017
2/6/2017,36:19.0,6.6619,3.1407,-36.3,G,1.871074483,"Ado Odo/Ota, Ogun, 112104, Nigeria",2017
2/6/2017,39:36.7,6.6638,3.1727,-27.1,G,1.917522646,"Ado Odo/Ota, Ogun, 112104, Nigeria",2017
2/6/2017,44:37.7,6.6597,3.1659,-113.5,G,1.487551787,"Ado Odo/Ota, Ogun, 112104, Nigeria",2017
2/6/2017,45:15.2,6.6677,3.1704,-38.2,G,1.583631074,"Ado Odo/Ota, Ogun, 112104, Nigeria",2017
2/6/2017,48:25.3,6.6554,3.1609,-49.1,G,1.5904177,"Ado Odo/Ota, Ogun, 112104, Nigeria",2017
2/6/2017,48:46.2,6.6701,3.1733,-82.8,G,1.90315342,"Ado Odo/Ota, Ogun, 112104, Nigeria",2017
2/6/2017,51:18.6,6.6662,3.1465,-31.7,G,1.102783888,"Ado Odo/Ota, Ogun, 112104, Nigeria",2017
2/6/2017,51:57.3,6.6716,3.16,-84.9,G,0.524735651,"Covenant University, Idi-Iroko Road, Ado Odo/Ota, Ogun, 112104, Nigeria",2017
2/6/2017,55:28.3,6.6675,3.1641,-19.4,G,0.89572891,"Ado Odo/Ota, Ogun, 112104, Nigeria",2017
2/6/2017,07:39.8,6.6655,3.1683,-148.5,G,1.397923895,"Ado Odo/Ota, Ogun, 112104, Nigeria",2017
9/6/2017,32:03.7,6.6667,3.1654,31,G,1.05436853,"Ado Odo/Ota, Ogun, 112104, Nigeria",2017
9/6/2017,10:42.6,6.6574,3.1543,15.2,G,1.29307103,"proposed covenant university college of medcine, Ado Odo/Ota, Ogun, 112104, Nigeria",2017
9/6/2017,12:05.6,6.6608,3.1552,25.7,G,0.905054853,"proposed covenant university college of medcine, Ado Odo/Ota, Ogun, 112104, Nigeria",2017
9/6/2017,13:27.3,6.6681,3.1593,-21.2,G,0.36294948,"Covenant University, Idi-Iroko Road, Ado Odo/Ota, Ogun, 112104, Nigeria",2017
12/6/2017,00:28.7,6.6753,3.1538,11.2,G,0.757199547,"Ado Odo/Ota, Ogun, 112104, Nigeria",2017
15/06/2017,24:58.1,6.6576,3.1467,14.2,G,1.62973816,"Ado Odo/Ota, Ogun, 112104, Nigeria",2017
15/06/2017,27:13.1,6.68,3.1647,9.2,G,1.557639151,"A5-1, Otta, Ado Odo/Ota, Ogun, 112104, Nigeria",2017
15/06/2017,30:44.6,6.6572,3.1494,24.9,G,1.496234186,"Ado Odo/Ota, Ogun, 112104, Nigeria",2017
15/06/2017,36:44.7,6.6637,3.1432,7.4,G,1.538252,"Ado Odo/Ota, Ogun, 112104, Nigeria",2017
15/06/2017,39:08.7,6.6786,3.1685,11.5,G,1.743021811,"Ado Odo/Ota, Ogun, 112104, Nigeria",2017
15/06/2017,45:12.2,6.6679,3.1572,11.9,G,0.162952609,"Covenant University, Idi-Iroko Road, Ado Odo/Ota, Ogun, 112104, Nigeria",2017
15/06/2017,50:09.9,6.6852,3.1606,12.9,G,1.880246783,"Ado Odo/Ota, Ogun, 112104, Nigeria",2017
15/06/2017,52:27.3,6.6775,3.1577,28.6,G,0.973458685,"Ado Odo/Ota, Ogun, 112104, Nigeria",2017
15/06/2017,52:43.9,6.6605,3.1504,11.2,G,1.126042408,"Ado Odo/Ota, Ogun, 112104, Nigeria",2017
28/06/2017,54:26.3,6.6677,3.1555,-28.4,G,0.148430823,"Covenant University, Idi-Iroko Road, Ado Odo/Ota, Ogun, 112104, Nigeria",2017
29/06/2017,52:55.5,6.6767,3.1524,30.1,G,0.96040378,"Ado Odo/Ota, Ogun, Nigeria",2017
22/07/2017,16:10.5,6.6725,3.1533,-16.8,G,0.507563398,"Covenant University, Idi-Iroko Road, Ado Odo/Ota, Ogun, 112104, Nigeria",2017
22/07/2017,26:07.6,6.6784,3.1671,14.3,G,1.60977856,"Ado Odo/Ota, Ogun, 112104, Nigeria",2017
29/08/2017,25:59.7,6.6626,3.1711,7,G,1.797062189,"Ado Odo/Ota, Ogun, 112104, Nigeria",2017
30/09/2017,24:56.4,6.6647,3.1443,66.7,G,1.385119703,"Ado Odo/Ota, Ogun, 112104, Nigeria",2017
4/10/2017,38:45.5,6.6612,3.1472,-35.7,G,1.303673165,"Ado Odo/Ota, Ogun, 112104, Nigeria",2017
5/10/2017,51:05.5,6.6608,3.1552,9.7,G,0.905054853,"proposed covenant university college of medcine, Ado Odo/Ota, Ogun, 112104, Nigeria",2017
5/10/2017,00:53.0,6.6744,3.1722,13.1,G,1.879591713,"Ado Odo/Ota, Ogun, 112104, Nigeria",2017
5/10/2017,02:07.5,6.6767,3.16,13.6,G,0.968945625,"Ado Odo/Ota, Ogun, 112104, Nigeria",2017
5/10/2017,04:48.2,6.6671,3.1738,15.1,G,1.963710581,"Ado Odo/Ota, Ogun, 112104, Nigeria",2017
5/10/2017,06:38.4,6.655,3.1616,14.6,G,1.659092771,"Ado Odo/Ota, Ogun, 112104, Nigeria",2017
5/10/2017,07:08.2,6.67,3.1485,10.9,G,0.849620718,"Ado Odo/Ota, Ogun, 112104, Nigeria",2017
5/10/2017,08:30.3,6.6656,3.1602,-15.1,G,0.581098009,"Idi-Iroko Road, Ado Odo/Ota, Ogun, 112104, Nigeria",2017
5/10/2017,15:40.0,6.6631,3.1699,16.9,G,1.653340731,"Ado Odo/Ota, Ogun, 112104, Nigeria",2017
5/10/2017,21:04.1,6.68,3.1584,-14.4,G,1.261094648,"Ado Odo/Ota, Ogun, 112104, Nigeria",2017
5/10/2017,22:48.2,6.6673,3.1504,-8.4,G,0.655027471,"Ado Odo/Ota, Ogun, 112104, Nigeria",2017
10/10/2017,31:47.4,6.6718,3.1635,36.6,G,0.8779023,"Ado Odo/Ota, Ogun, 112104, Nigeria",2017
13/10/2017,54:33.9,6.6805,3.1426,-10.1,G,1.973206329,"Ado Odo/Ota, Ogun, 112104, Nigeria",2017
14/10/2017,13:15.8,6.6526,3.1584,8.5,G,1.828798151,"Ado Odo/Ota, Ogun, 112104, Nigeria",2017
14/10/2017,22:44.7,6.681,3.1476,-28.3,G,1.642297731,"Ado Odo/Ota, Ogun, 112104, Nigeria",2017
14/10/2017,27:16.7,6.6841,3.1479,-45,G,1.919163993,"Isale, Ado Odo/Ota, Ogun, 112104, Nigeria",2017
14/10/2017,30:36.9,6.6742,3.1614,-17.9,G,0.830639486,"Covenant University, Idi-Iroko Road, Ado Odo/Ota, Ogun, 112104, Nigeria",2017
14/10/2017,30:37.0,6.6687,3.1634,-42.1,G,0.805277826,"Ado Odo/Ota, Ogun, 112104, Nigeria",2017
14/10/2017,32:00.5,6.6821,3.1663,15.6,G,1.85046554,"A5-1, Otta, Ado Odo/Ota, Ogun, 112104, Nigeria",2017
14/10/2017,34:58.1,6.6703,3.1666,-12.7,G,1.168996602,"Ado Odo/Ota, Ogun, 112104, Nigeria",2017
14/10/2017,38:45.5,6.682,3.1455,24.4,G,1.87050678,"Idi-Iroko Road, Ado Odo/Ota, Ogun, 112104, Nigeria",2017
14/10/2017,41:13.7,6.6673,3.1562,17.1,G,0.176949051,"Covenant University, Idi-Iroko Road, Ado Odo/Ota, Ogun, 112104, Nigeria",2017
14/10/2017,42:45.0,6.6866,3.1558,17.4,G,1.96968528,"Ado Odo/Ota, Ogun, 112104, Nigeria",2017
14/10/2017,44:08.2,6.6823,3.147,-82.3,G,1.798982741,"Idi-Iroko Road, Ado Odo/Ota, Ogun, 112104, Nigeria",2017
14/10/2017,52:35.1,6.6823,3.1585,-17.6,G,1.514406108,"Ado Odo/Ota, Ogun, 112104, Nigeria",2017
26/10/2017,17:42.0,6.6588,3.1554,-21,G,1.124579165,"proposed covenant university college of medcine, Ado Odo/Ota, Ogun, 112104, Nigeria",2017
26/10/2017,26:54.7,6.6679,3.157,19.2,G,0.147406665,"Covenant University, Idi-Iroko Road, Ado Odo/Ota, Ogun, 112104, Nigeria",2017
26/10/2017,07:03.2,6.6572,3.1663,16.3,G,1.719197231,"Ado Odo/Ota, Ogun, 112104, Nigeria",2017
26/10/2017,30:38.8,6.6589,3.1598,-12.5,G,1.183077354,"Ado Odo/Ota, Ogun, 112104, Nigeria",2017
26/10/2017,30:38.9,6.674,3.1714,-19.2,G,1.781614525,"Ado Odo/Ota, Ogun, 112104, Nigeria",2017
26/10/2017,30:39.0,6.6674,3.1393,-27.9,G,1.864031604,"Ado Odo/Ota, Ogun, 112104, Nigeria",2017
26/10/2017,38:40.3,6.6648,3.1506,-21.6,G,0.759730644,"Ado Odo/Ota, Ogun, 112104, Nigeria",2017
26/10/2017,47:46.8,6.6656,3.1734,-35.5,G,1.944141772,"Ado Odo/Ota, Ogun, 112104, Nigeria",2017
27/10/2017,13:28.3,6.6579,3.1664,15.1,G,1.668633923,"Ado Odo/Ota, Ogun, 112104, Nigeria",2017
4/11/2017,51:53.2,6.6668,3.139,-17.9,G,1.904019732,"Ado Odo/Ota, Ogun, 112104, Nigeria",2017
4/11/2017,55:38.3,6.6674,3.1546,-34.7,G,0.235078222,"Covenant University, Idi-Iroko Road, Ado Odo/Ota, Ogun, 112104, Nigeria",2017
4/11/2017,05:12.0,6.6648,3.1572,18,G,0.470299621,"proposed covenant university college of medcine, Ado Odo/Ota, Ogun, 112104, Nigeria",2017
4/11/2017,38:42.4,6.6593,3.1487,-24.8,G,1.34417918,"Ado Odo/Ota, Ogun, 112104, Nigeria",2017
4/11/2017,43:35.9,6.6518,3.1573,10.8,G,1.904729194,"Ado Odo/Ota, Ogun, 112104, Nigeria",2017
4/11/2017,44:25.4,6.6576,3.1606,-34.7,G,1.349623692,"Ado Odo/Ota, Ogun, 112104, Nigeria",2017
4/11/2017,51:52.2,6.6764,3.1471,27.9,G,1.299223823,"Ado Odo/Ota, Ogun, 112104, Nigeria",2017
4/11/2017,52:51.8,6.6621,3.1717,-24.4,G,1.879912728,"Ado Odo/Ota, Ogun, 112104, Nigeria",2017
4/11/2017,18:24.9,6.6525,3.1511,18.2,G,1.90454904,"Ado Odo/Ota, Ogun, 112104, Nigeria",2017
5/11/2017,48:37.0,6.6533,3.1531,-12.9,G,1.765018615,"Ado Odo/Ota, Ogun, 112104, Nigeria",2017
7/11/2017,59:55.3,6.6727,3.1665,-18.5,G,1.223129943,"Ado Odo/Ota, Ogun, 112104, Nigeria",2017
11/11/2017,07:36.9,6.6768,3.1481,11.2,G,1.247649625,"Ado Odo/Ota, Ogun, 112104, Nigeria",2017
18/11/2017,20:25.0,6.6585,3.1569,17.7,G,1.158472925,"proposed covenant university college of medcine, Ado Odo/Ota, Ogun, 112104, Nigeria",2017
18/11/2017,20:58.9,6.6725,3.1639,-31.7,G,0.949322727,"Ado Odo/Ota, Ogun, 112104, Nigeria",2017
18/11/2017,20:58.9,6.6579,3.17,19.7,G,1.961131997,"Ado Odo/Ota, Ogun, 112104, Nigeria",2017
18/11/2017,21:39.9,6.665,3.169,-56,G,1.487719243,"Ado Odo/Ota, Ogun, 112104, Nigeria",2017
18/11/2017,21:39.9,6.6765,3.1709,-56.1,G,1.83955282,"Ado Odo/Ota, Ogun, 112104, Nigeria",2017
18/11/2017,21:58.5,6.6696,3.1667,-66.5,G,1.172133453,"Ado Odo/Ota, Ogun, 112104, Nigeria",2017
18/11/2017,22:37.6,6.6749,3.1489,-36.2,G,1.039726801,"Ado Odo/Ota, Ogun, 112104, Nigeria",2017
18/11/2017,23:34.1,6.6713,3.1693,-96.4,G,1.481079236,"Ado Odo/Ota, Ogun, 112104, Nigeria",2017
18/11/2017,23:49.2,6.6592,3.1709,16.7,G,1.95665308,"Ado Odo/Ota, Ogun, 112104, Nigeria",2017
18/11/2017,24:19.6,6.6619,3.1636,-31.3,G,1.134910109,"Anjorin Street, Ado Odo/Ota, Ogun, 112104, Nigeria",2017
18/11/2017,24:26.0,6.6599,3.1609,10.6,G,1.130829625,"Ado Odo/Ota, Ogun, 112104, Nigeria",2017
18/11/2017,24:45.1,6.6618,3.1707,17.9,G,1.793725125,"Ado Odo/Ota, Ogun, 112104, Nigeria",2017
18/11/2017,26:10.9,6.6542,3.1492,13.9,G,1.802881568,"Ado Odo/Ota, Ogun, 112104, Nigeria",2017
18/11/2017,31:17.3,6.6684,3.1637,29.2,G,0.839898029,"Ado Odo/Ota, Ogun, 112104, Nigeria",2017
18/11/2017,31:45.6,6.67,3.1568,20.3,G,0.145096961,"Covenant University, Idi-Iroko Road, Ado Odo/Ota, Ogun, 112104, Nigeria",2017
18/11/2017,35:41.7,6.6544,3.1574,18.6,G,1.617367629,"Ado Odo/Ota, Ogun, 112104, Nigeria",2017
18/11/2017,37:27.7,6.6714,3.1599,28.5,G,0.503059417,"Covenant University, Idi-Iroko Road, Ado Odo/Ota, Ogun, 112104, Nigeria",2017
20/12/2017,11:22.6,6.6634,3.16,19.5,G,0.746312508,"Idi-Iroko Road, Ado Odo/Ota, Ogun, 112104, Nigeria",2017
20/12/2017,19:47.9,6.6567,3.1661,-31.7,G,1.747578726,"Ado Odo/Ota, Ogun, 112104, Nigeria",2017
20/12/2017,20:12.4,6.6631,3.161,-33.3,G,0.840168932,"Idi-Iroko Road, Ado Odo/Ota, Ogun, 112104, Nigeria",2017
20/12/2017,27:02.2,6.6543,3.1509,-31.2,G,1.721281448,"Ado Odo/Ota, Ogun, 112104, Nigeria",2017
20/12/2017,28:27.2,6.6535,3.1582,-30.4,G,1.726648785,"Ado Odo/Ota, Ogun, 112104, Nigeria",2017
20/12/2017,30:42.8,6.6585,3.1669,-27.8,G,1.659607224,"Ado Odo/Ota, Ogun, 112104, Nigeria",2017
20/12/2017,33:43.8,6.6704,3.1444,14.7,G,1.304271733,"Ado Odo/Ota, Ogun, 112104, Nigeria",2017
20/12/2017,36:41.6,6.6704,3.1489,-18.3,G,0.813944605,"Ado Odo/Ota, Ogun, 112104, Nigeria",2017
20/12/2017,40:38.5,6.6789,3.1626,-16.8,G,1.323917023,"Ado Odo/Ota, Ogun, 112104, Nigeria",2017
20/12/2017,40:38.6,6.6816,3.1498,-29.4,G,1.575927678,"Ado Odo/Ota, Ogun, 112104, Nigeria",2017
20/12/2017,43:49.5,6.6849,3.1481,15.5,G,1.988076731,"Isale, Ado Odo/Ota, Ogun, 112104, Nigeria",2017
9/2/2018,13:15.2,6.6724,3.1405,-29.7,G,1.767776133,"Ado Odo/Ota, Ogun, 112104, Nigeria",2018
9/2/2018,17:44.3,6.6798,3.1616,-39.6,G,1.35627389,"Ado Odo/Ota, Ogun, 112104, Nigeria",2018
9/2/2018,17:52.3,6.6598,3.1606,17.8,G,1.125689617,"Ado Odo/Ota, Ogun, 112104, Nigeria",2018
9/2/2018,20:33.8,6.6813,3.1566,19.9,G,1.381108293,"Idi-Iroko Road, Ado Odo/Ota, Ogun, 112104, Nigeria",2018
9/2/2018,27:28.2,6.6735,3.1496,10.6,G,0.883175745,"Ado Odo/Ota, Ogun, 112104, Nigeria",2018
9/2/2018,27:45.0,6.6836,3.1659,-14.5,G,1.960767258,"Ado Odo/Ota, Ogun, 112104, Nigeria",2018
9/2/2018,30:46.6,6.6706,3.1456,29.8,G,1.176360944,"Ado Odo/Ota, Ogun, 112104, Nigeria",2018
9/2/2018,34:24.8,6.6642,3.1417,-29.2,G,1.674829122,"Ado Odo/Ota, Ogun, 112104, Nigeria",2018
9/2/2018,34:37.2,6.6715,3.1397,29.2,G,1.835587995,"Ado Odo/Ota, Ogun, 112104, Nigeria",2018
9/2/2018,35:13.4,6.6863,3.155,13,G,1.939912132,"Ado Odo/Ota, Ogun, 112104, Nigeria",2018
9/2/2018,36:47.9,6.6541,3.1664,12,G,1.998875258,"Ado Odo/Ota, Ogun, 112104, Nigeria",2018
9/2/2018,36:55.4,6.6785,3.1705,12.7,G,1.915063752,"Ado Odo/Ota, Ogun, 112104, Nigeria",2018
9/2/2018,40:37.2,6.683,3.1467,22.4,G,1.882104828,"Idi-Iroko Road, Ado Odo/Ota, Ogun, 112104, Nigeria",2018
9/2/2018,42:07.3,6.6675,3.1552,15.6,G,0.184326973,"Covenant University, Idi-Iroko Road, Ado Odo/Ota, Ogun, 112104, Nigeria",2018
9/2/2018,42:26.4,6.6666,3.1496,25.2,G,0.762816742,"Ado Odo/Ota, Ogun, 112104, Nigeria",2018
9/2/2018,43:07.0,6.6845,3.16,23.5,G,1.788219727,"Ado Odo/Ota, Ogun, 112104, Nigeria",2018
9/2/2018,43:23.6,6.6642,3.1607,-42.4,G,0.727114516,"Idi-Iroko Road, Ado Odo/Ota, Ogun, 112104, Nigeria",2018
9/2/2018,45:51.1,6.6817,3.1612,13.1,G,1.531390381,"Idi-Iroko Road, Otta, Ado Odo/Ota, Ogun, 112104, Nigeria",2018
10/2/2018,41:41.1,6.6639,3.1588,-4.5,G,0.629226892,"Idi-Iroko Road, Ado Odo/Ota, Ogun, 112104, Nigeria",2018
10/2/2018,02:10.5,6.6682,3.1504,-33.2,G,0.635384445,"Ado Odo/Ota, Ogun, 112104, Nigeria",2018
10/2/2018,04:49.7,6.6792,3.1599,13.7,G,1.220517023,"Ado Odo/Ota, Ogun, 112104, Nigeria",2018
10/2/2018,13:42.6,6.6672,3.1519,7.3,G,0.501570411,"Ado Odo/Ota, Ogun, 112104, Nigeria",2018
23/02/2018,11:14.2,6.6582,3.1437,9.3,G,1.814263491,"Ado Odo/Ota, Ogun, 112104, Nigeria",2018
23/02/2018,11:50.6,6.6688,3.1426,6.4,G,1.492234522,"Ado Odo/Ota, Ogun, 112104, Nigeria",2018
23/02/2018,14:20.6,6.6655,3.1461,7.3,G,1.16810751,"Ado Odo/Ota, Ogun, 112104, Nigeria",2018
23/02/2018,15:33.3,6.6712,3.1411,6.8,G,1.677660776,"Ado Odo/Ota, Ogun, 112104, Nigeria",2018
23/02/2018,15:46.3,6.6825,3.1493,11.2,G,1.690113897,"Ado Odo/Ota, Ogun, 112104, Nigeria",2018
23/02/2018,25:50.4,6.6758,3.1477,8.3,G,1.205606865,"Ado Odo/Ota, Ogun, 112104, Nigeria",2018
23/02/2018,35:30.2,6.6611,3.1613,13.3,G,1.038519483,"Ado Odo/Ota, Ogun, 112104, Nigeria",2018
23/02/2018,37:31.2,6.6667,3.1615,16.6,G,0.643009147,"Ado Odo/Ota, Ogun, 112104, Nigeria",2018
23/02/2018,40:48.8,6.6846,3.1555,-12,G,1.748298933,"Isale, Ado Odo/Ota, Ogun, 112104, Nigeria",2018
23/02/2018,42:13.2,6.667,3.1399,15.7,G,1.802677719,"Ado Odo/Ota, Ogun, 112104, Nigeria",2018
23/02/2018,44:28.2,6.6611,3.1623,20,G,1.103315947,"Anjorin Street, Ado Odo/Ota, Ogun, 112104, Nigeria",2018
23/02/2018,45:01.4,6.6785,3.1541,24.1,G,1.091543306,"Ado Odo/Ota, Ogun, 112104, Nigeria",2018
23/02/2018,45:08.1,6.6695,3.1571,7.8,G,0.12862947,"Covenant University, Idi-Iroko Road, Ado Odo/Ota, Ogun, 112104, Nigeria",2018
23/02/2018,47:39.5,6.6609,3.1629,11.3,G,1.162455353,"Anjorin Street, Ado Odo/Ota, Ogun, 112104, Nigeria",2018
23/02/2018,48:11.2,6.6834,3.1554,23.3,G,1.615471934,"Ado Odo/Ota, Ogun, 112104, Nigeria",2018
23/02/2018,52:40.4,6.6825,3.1448,7.9,G,1.962439364,"Idi-Iroko Road, Ado Odo/Ota, Ogun, 112104, Nigeria",2018
23/02/2018,57:25.9,6.6608,3.1433,10.7,G,1.676588996,"Ado Odo/Ota, Ogun, 112104, Nigeria",2018
24/02/2018,03:31.6,6.6782,3.1482,22.9,G,1.354741211,"Ado Odo/Ota, Ogun, 112104, Nigeria",2018
24/02/2018,09:48.5,6.6592,3.1636,11.1,G,1.358230376,"Ado Odo/Ota, Ogun, 112104, Nigeria",2018
24/02/2018,23:32.2,6.6642,3.1693,11.3,G,1.547121531,"Ado Odo/Ota, Ogun, 112104, Nigeria",2018
23/03/2018,31:05.6,6.6612,3.1705,9.5,G,1.804547172,"Ado Odo/Ota, Ogun, 112104, Nigeria",2018
23/03/2018,39:54.1,6.6568,3.1548,42.3,G,1.352000129,"proposed covenant university college of medcine, Ado Odo/Ota, Ogun, 112104, Nigeria",2018
23/03/2018,22:55.5,6.6738,3.1582,41.9,G,0.592821982,"Covenant University, Idi-Iroko Road, Ado Odo/Ota, Ogun, 112104, Nigeria",2018
23/03/2018,26:15.2,6.6733,3.16,25.3,G,0.651959474,"Covenant University, Idi-Iroko Road, Ado Odo/Ota, Ogun, 112104, Nigeria",2018
23/03/2018,36:05.2,6.6562,3.1526,16.4,G,1.463258809,"Ado Odo/Ota, Ogun, 112104, Nigeria",2018
29/03/2018,16:26.2,6.6592,3.1625,-9.5,G,1.28786005,"Ado Odo/Ota, Ogun, 112104, Nigeria",2018
29/03/2018,35:05.0,6.6786,3.1594,12,G,1.13928068,"Ado Odo/Ota, Ogun, 112104, Nigeria",2018
29/03/2018,40:33.5,6.6748,3.1608,12.7,G,0.836775173,"Covenant University, Idi-Iroko Road, Ado Odo/Ota, Ogun, 112104, Nigeria",2018
29/03/2018,43:22.6,6.6559,3.1623,17.8,G,1.597875578,"Ado Odo/Ota, Ogun, 112104, Nigeria",2018
29/03/2018,54:16.6,6.6652,3.1425,9.1,G,1.558209775,"Ado Odo/Ota, Ogun, 112104, Nigeria",2018
29/03/2018,40:34.3,6.657,3.1457,7.3,G,1.752079551,"Ado Odo/Ota, Ogun, 112104, Nigeria",2018
29/03/2018,45:17.7,6.6614,3.1553,-12.2,G,0.837531156,"proposed covenant university college of medcine, Ado Odo/Ota, Ogun, 112104, Nigeria",2018
29/03/2018,49:06.0,6.6566,3.1478,7.7,G,1.646141276,"Ado Odo/Ota, Ogun, 112104, Nigeria",2018
29/03/2018,49:20.1,6.6568,3.1436,11.8,G,1.927755523,"Ado Odo/Ota, Ogun, 112104, Nigeria",2018
29/03/2018,49:49.8,6.6785,3.1583,6.9,G,1.095707185,"Ado Odo/Ota, Ogun, 112104, Nigeria",2018
29/03/2018,50:13.8,6.6733,3.1674,5.5,G,1.339781617,"Ado Odo/Ota, Ogun, 112104, Nigeria",2018
29/03/2018,50:25.7,6.6737,3.1492,8.1,G,0.932086762,"Ado Odo/Ota, Ogun, 112104, Nigeria",2018
29/03/2018,51:09.9,6.6683,3.165,16,G,0.983893839,"Ado Odo/Ota, Ogun, 112104, Nigeria",2018
29/03/2018,54:10.4,6.6581,3.1666,6.8,G,1.667685207,"Ado Odo/Ota, Ogun, 112104, Nigeria",2018
29/03/2018,59:12.7,6.6761,3.1463,11.9,G,1.347976091,"Ado Odo/Ota, Ogun, 112104, Nigeria",2018
29/03/2018,59:15.1,6.6621,3.1691,6.6,G,1.621034672,"Ado Odo/Ota, Ogun, 112104, Nigeria",2018
29/03/2018,59:41.3,6.6642,3.153,5.2,G,0.624419169,"Ado Odo/Ota, Ogun, 112104, Nigeria",2018
30/03/2018,00:02.4,6.6557,3.1543,9.9,G,1.480115951,"Ado Odo/Ota, Ogun, 112104, Nigeria",2018
30/03/2018,00:32.1,6.665,3.1658,20.9,G,1.154140932,"Ado Odo/Ota, Ogun, 112104, Nigeria",2018
30/03/2018,02:51.9,6.6759,3.1649,10.4,G,1.244973081,"Ado Odo/Ota, Ogun, 112104, Nigeria",2018
30/03/2018,05:31.0,6.6612,3.1609,7,G,1.005337181,"Ado Odo/Ota, Ogun, 112104, Nigeria",2018
30/03/2018,11:08.1,6.6688,3.1683,19.1,G,1.346208691,"Ado Odo/Ota, Ogun, 112104, Nigeria",2018
30/03/2018,24:12.9,6.6682,3.1386,17.3,G,1.935489692,"Ado Odo/Ota, Ogun, 112104, Nigeria",2018
30/03/2018,25:56.0,6.6564,3.1633,-11.7,G,1.59964956,"Ado Odo/Ota, Ogun, 112104, Nigeria",2018
30/03/2018,26:29.7,6.6732,3.1594,-24.8,G,0.601445249,"Covenant University, Idi-Iroko Road, Ado Odo/Ota, Ogun, 112104, Nigeria",2018
30/03/2018,27:00.8,6.6634,3.1686,7.5,G,1.508315168,"Ado Odo/Ota, Ogun, 112104, Nigeria",2018
7/4/2018,52:48.0,6.6616,3.165,12.8,G,1.273052455,"Anjorin Street, Ado Odo/Ota, Ogun, 112104, Nigeria",2018
8/4/2018,11:41.3,6.6657,3.1703,-25.5,G,1.606679135,"Ado Odo/Ota, Ogun, 112104, Nigeria",2018
8/4/2018,14:02.9,6.6682,3.1733,-23.7,G,1.899931267,"Ado Odo/Ota, Ogun, 112104, Nigeria",2018
9/4/2018,38:12.0,6.6846,3.1532,6.4,G,1.776333222,"Isale, Ado Odo/Ota, Ogun, 112104, Nigeria",2018
9/4/2018,51:30.7,6.6634,3.1496,16,G,0.94320031,"Ado Odo/Ota, Ogun, 112104, Nigeria",2018
20/04/2018,41:59.1,6.6652,3.1441,8.5,G,1.388512954,"Ado Odo/Ota, Ogun, 112104, Nigeria",2018
20/04/2018,43:06.1,6.6791,3.1516,5.8,G,1.239920713,"Ado Odo/Ota, Ogun, 112104, Nigeria",2018
20/04/2018,49:38.9,6.6588,3.1642,11.8,G,1.434090185,"Ado Odo/Ota, Ogun, 112104, Nigeria",2018
20/04/2018,50:39.1,6.6619,3.1656,8.9,G,1.304684579,"Ado Odo/Ota, Ogun, 112104, Nigeria",2018
20/04/2018,53:46.3,6.681,3.1609,-27.6,G,1.446827609,"Ado Odo/Ota, Ogun, 112104, Nigeria",2018
20/04/2018,53:46.4,6.6725,3.1682,-15.3,G,1.394197174,"Ado Odo/Ota, Ogun, 112104, Nigeria",2018
20/04/2018,57:36.4,6.6739,3.1692,16.9,G,1.549237217,"Ado Odo/Ota, Ogun, 112104, Nigeria",2018
20/04/2018,58:27.7,6.6649,3.1695,7.8,G,1.543798238,"Ado Odo/Ota, Ogun, 112104, Nigeria",2018
20/04/2018,58:43.0,6.6759,3.1436,17.1,G,1.586507735,"Ado Odo/Ota, Ogun, 112104, Nigeria",2018
20/04/2018,00:21.2,6.6695,3.1533,6.1,G,0.317815451,"Covenant University, Idi-Iroko Road, Ado Odo/Ota, Ogun, 112104, Nigeria",2018
20/04/2018,00:33.8,6.6788,3.156,-21.1,G,1.102133465,"Idi-Iroko Road, Ado Odo/Ota, Ogun, 112104, Nigeria",2018
20/04/2018,05:18.4,6.6818,3.1529,-60.3,G,1.478803307,"Idi-Iroko Road, Ado Odo/Ota, Ogun, 112104, Nigeria",2018
20/04/2018,05:18.6,6.6745,3.1518,-46.2,G,0.784845261,"Ado Odo/Ota, Ogun, Nigeria",2018
20/04/2018,05:18.7,6.661,3.1657,-13.2,G,1.375148224,"Ado Odo/Ota, Ogun, 112104, Nigeria",2018
20/04/2018,05:19.0,6.677,3.1664,-18.3,G,1.450750516,"Ado Odo/Ota, Ogun, 112104, Nigeria",2018
20/04/2018,07:49.3,6.6817,3.1519,20,G,1.498527978,"Idi-Iroko Road, Ado Odo/Ota, Ogun, 112104, Nigeria",2018
20/04/2018,12:23.3,6.6666,3.1515,11.5,G,0.56932124,"Ado Odo/Ota, Ogun, 112104, Nigeria",2018
20/04/2018,13:11.4,6.6758,3.1615,11.1,G,0.971995825,"Covenant University, Idi-Iroko Road, Ado Odo/Ota, Ogun, 112104, Nigeria",2018
20/04/2018,14:32.8,6.6784,3.1537,8.8,G,1.090595795,"Ado Odo/Ota, Ogun, 112104, Nigeria",2018
20/04/2018,21:58.7,6.68,3.1437,15.6,G,1.845338573,"Ado Odo/Ota, Ogun, Nigeria",2018
20/04/2018,23:43.5,6.6743,3.1418,17.6,G,1.691199919,"Ado Odo/Ota, Ogun, 112104, Nigeria",2018
20/04/2018,24:13.3,6.6812,3.1499,12.4,G,1.531183126,"Ado Odo/Ota, Ogun, 112104, Nigeria",2018
20/04/2018,24:45.2,6.6733,3.1586,9.8,G,0.562264562,"Covenant University, Idi-Iroko Road, Ado Odo/Ota, Ogun, 112104, Nigeria",2018
20/04/2018,33:43.3,6.665,3.1438,17.6,G,1.426783087,"Ado Odo/Ota, Ogun, 112104, Nigeria",2018
4/5/2018,09:28.4,6.6679,3.1389,56.1,G,1.904018867,"Ado Odo/Ota, Ogun, 112104, Nigeria",2018
10/5/2018,10:13.0,6.6822,3.149,-24.8,G,1.675579501,"Ado Odo/Ota, Ogun, 112104, Nigeria",2018
10/5/2018,19:19.7,6.682,3.1501,11.8,G,1.601926385,"Idi-Iroko Road, Ado Odo/Ota, Ogun, 112104, Nigeria",2018
10/5/2018,20:01.8,6.6718,3.16,48.8,G,0.537820048,"Covenant University, Idi-Iroko Road, Ado Odo/Ota, Ogun, 112104, Nigeria",2018
10/5/2018,25:47.2,6.6742,3.161,9.8,G,0.800190514,"Covenant University, Idi-Iroko Road, Ado Odo/Ota, Ogun, 112104, Nigeria",2018
10/5/2018,30:19.7,6.6855,3.1549,17.9,G,1.851907796,"Isale, Ado Odo/Ota, Ogun, 112104, Nigeria",2018
10/5/2018,31:16.5,6.6829,3.148,-53.1,G,1.79713904,"Ado Odo/Ota, Ogun, 112104, Nigeria",2018
12/5/2018,14:41.1,6.6708,3.1697,-37.2,G,1.515759267,"Ado Odo/Ota, Ogun, 112104, Nigeria",2018
12/5/2018,15:44.9,6.653,3.1577,-17.2,G,1.775457545,"Ado Odo/Ota, Ogun, 112104, Nigeria",2018
12/5/2018,20:05.3,6.6694,3.1498,-7.3,G,0.699327982,"Ado Odo/Ota, Ogun, 112104, Nigeria",2018
12/5/2018,23:57.1,6.677,3.1687,11,G,1.657253319,"Ado Odo/Ota, Ogun, 112104, Nigeria",2018
12/5/2018,26:35.8,6.675,3.1645,26.8,G,1.148967993,"Ado Odo/Ota, Ogun, 112104, Nigeria",2018
12/5/2018,31:10.0,6.6776,3.1687,22.9,G,1.694486146,"Ado Odo/Ota, Ogun, 112104, Nigeria",2018
12/5/2018,39:04.9,6.6643,3.1437,23.5,G,1.462615232,"Ado Odo/Ota, Ogun, 112104, Nigeria",2018
17/05/2018,16:12.4,6.6654,3.168,27.6,G,1.369155874,"Ado Odo/Ota, Ogun, 112104, Nigeria",2018
17/05/2018,34:48.7,6.6615,3.1487,25,G,1.159738687,"Ado Odo/Ota, Ogun, 112104, Nigeria",2018
17/05/2018,36:43.7,6.6708,3.1513,-23.6,G,0.572269014,"Ado Odo/Ota, Ogun, 112104, Nigeria",2018
17/05/2018,44:05.8,6.6802,3.1462,49.9,G,1.667346667,"Ado Odo/Ota, Ogun, 112104, Nigeria",2018
17/05/2018,47:13.6,6.6735,3.1391,44,G,1.947450861,"Ado Odo/Ota, Ogun, 112104, Nigeria",2018
7/7/2018,37:26.1,6.6811,3.1643,72.2,G,1.631434972,"A5-1, Otta, Ado Odo/Ota, Ogun, 112104, Nigeria",2018
7/7/2018,37:36.9,6.6808,3.1627,18.2,G,1.51119377,"A5-1, Otta, Ado Odo/Ota, Ogun, 112104, Nigeria",2018
7/7/2018,43:25.5,6.6531,3.1598,-25.8,G,1.802297458,"Ado Odo/Ota, Ogun, 112104, Nigeria",2018
7/7/2018,43:54.1,6.6728,3.1503,8,G,0.775261435,"Ado Odo/Ota, Ogun, 112104, Nigeria",2018
7/7/2018,48:02.9,6.6753,3.1458,-27.4,G,1.343509341,"Ado Odo/Ota, Ogun, 112104, Nigeria",2018
7/7/2018,48:05.5,6.6768,3.1525,16.6,G,0.965859023,"Ado Odo/Ota, Ogun, Nigeria",2018
7/7/2018,48:05.9,6.6689,3.1498,5.3,G,0.697016267,"Ado Odo/Ota, Ogun, 112104, Nigeria",2018
7/7/2018,50:28.2,6.6588,3.1587,-16.2,G,1.157697784,"Ado Odo/Ota, Ogun, 112104, Nigeria",2018
7/7/2018,50:54.2,6.6708,3.165,-32.5,G,1.004446624,"Ado Odo/Ota, Ogun, 112104, Nigeria",2018
7/7/2018,50:54.6,6.6835,3.1641,-17.2,G,1.848795078,"Ado Odo/Ota, Ogun, 112104, Nigeria",2018
7/7/2018,50:54.6,6.6605,3.1408,-26.3,G,1.931228538,"Ado Odo/Ota, Ogun, 112104, Nigeria",2018
7/7/2018,50:54.9,6.6828,3.1486,-25,G,1.755236866,"Ado Odo/Ota, Ogun, 112104, Nigeria",2018
7/7/2018,50:55.0,6.666,3.1424,-15.6,G,1.547991239,"Ado Odo/Ota, Ogun, 112104, Nigeria",2018
7/7/2018,50:55.0,6.6801,3.1529,-8.3,G,1.296081309,"Ado Odo/Ota, Ogun, 112104, Nigeria",2018
7/7/2018,50:59.9,6.6816,3.1457,-27.8,G,1.822033072,"Ado Odo/Ota, Ogun, 112104, Nigeria",2018
7/7/2018,51:44.3,6.6693,3.169,-23,G,1.424215306,"Ado Odo/Ota, Ogun, 112104, Nigeria",2018
7/7/2018,53:10.0,6.6645,3.1393,-31.4,G,1.919737184,"Ado Odo/Ota, Ogun, 112104, Nigeria",2018
7/7/2018,54:55.4,6.6726,3.1438,-26.9,G,1.42090659,"Ado Odo/Ota, Ogun, 112104, Nigeria",2018
7/7/2018,55:06.6,6.6544,3.1665,13.1,G,1.977909052,"Ado Odo/Ota, Ogun, 112104, Nigeria",2018
7/7/2018,55:27.5,6.6683,3.1504,-48.6,G,0.634139909,"Ado Odo/Ota, Ogun, 112104, Nigeria",2018
7/7/2018,56:04.6,6.6553,3.1642,-45.3,G,1.755357068,"Ado Odo/Ota, Ogun, 112104, Nigeria",2018
7/7/2018,58:11.7,6.6764,3.1701,-19.4,G,1.756259342,"Ado Odo/Ota, Ogun, 112104, Nigeria",2018
7/7/2018,58:12.3,6.6643,3.1505,-20.5,G,0.802748366,"Ado Odo/Ota, Ogun, 112104, Nigeria",2018
7/7/2018,59:34.0,6.6728,3.1612,18.6,G,0.710640168,"Covenant University Centre for Research Innovation and Discovery, A5-1, Otta, Ado Odo/Ota, Ogun, 112104, Nigeria",2018
7/7/2018,00:03.6,6.6805,3.1423,-19.5,G,1.998379387,"Ado Odo/Ota, Ogun, 112104, Nigeria",2018
7/7/2018,01:25.7,6.6535,3.1479,-84.1,G,1.936621926,"Ado Odo/Ota, Ogun, 112104, Nigeria",2018
7/7/2018,03:44.5,6.6605,3.1552,-12.6,G,0.938213843,"proposed covenant university college of medcine, Ado Odo/Ota, Ogun, 112104, Nigeria",2018
7/7/2018,04:09.6,6.6638,3.1715,7.9,G,1.791319949,"Ado Odo/Ota, Ogun, 112104, Nigeria",2018
7/7/2018,04:21.4,6.665,3.1681,-23.2,G,1.392911692,"Ado Odo/Ota, Ogun, 112104, Nigeria",2018
7/7/2018,04:21.6,6.6743,3.1546,-28.1,G,0.624404258,"Covenant University, Idi-Iroko Road, Ado Odo/Ota, Ogun, 112104, Nigeria",2018
7/7/2018,04:21.7,6.6776,3.171,-27.4,G,1.908439653,"Ado Odo/Ota, Ogun, 112104, Nigeria",2018
7/7/2018,09:32.9,6.6622,3.1632,28.5,G,1.079888571,"Anjorin Street, Ado Odo/Ota, Ogun, 112104, Nigeria",2018
7/7/2018,11:17.9,6.667,3.1475,-15.7,G,0.973951796,"Ado Odo/Ota, Ogun, 112104, Nigeria",2018
7/7/2018,12:44.3,6.653,3.1619,-16.9,G,1.878888924,"Ado Odo/Ota, Ogun, 112104, Nigeria",2018
7/7/2018,19:52.0,6.6683,3.1526,-27.8,G,0.39326612,"Covenant University, Idi-Iroko Road, Ado Odo/Ota, Ogun, 112104, Nigeria",2018
7/7/2018,26:14.0,6.6672,3.1694,-32.1,G,1.479627659,"Ado Odo/Ota, Ogun, 112104, Nigeria",2018
7/7/2018,37:54.8,6.6729,3.1685,-48.9,G,1.439114913,"Ado Odo/Ota, Ogun, 112104, Nigeria",2018
10/7/2018,20:15.1,6.6663,3.1461,-10.2,G,1.142516631,"Ado Odo/Ota, Ogun, 112104, Nigeria",2018
11/7/2018,06:40.9,6.6692,3.1688,30.1,G,1.401820036,"Ado Odo/Ota, Ogun, 112104, Nigeria",2018
21/07/2018,45:15.8,6.6605,3.1419,-47.6,G,1.825795149,"Ado Odo/Ota, Ogun, 112104, Nigeria",2018
20/08/2018,50:49.4,6.6679,3.1397,-39.5,G,1.815819358,"Ado Odo/Ota, Ogun, 112104, Nigeria",2018
23/08/2018,46:52.0,6.6835,3.163,-23.6,G,1.793998137,"Ado Odo/Ota, Ogun, 112104, Nigeria",2018
7/9/2018,12:25.7,6.6622,3.1491,-12.5,G,1.073676909,"Ado Odo/Ota, Ogun, 112104, Nigeria",2018
7/9/2018,14:12.1,6.657,3.1465,11.2,G,1.695405624,"Ado Odo/Ota, Ogun, 112104, Nigeria",2018
7/9/2018,15:54.4,6.6578,3.1506,-87.9,G,1.375076565,"Ado Odo/Ota, Ogun, 112104, Nigeria",2018
7/9/2018,32:19.6,6.6718,3.1609,54.6,G,0.620090968,"Covenant University, Idi-Iroko Road, Ado Odo/Ota, Ogun, 112104, Nigeria",2018
7/9/2018,45:36.7,6.6711,3.1709,-12.2,G,1.651720631,"Ado Odo/Ota, Ogun, 112104, Nigeria",2018
7/9/2018,50:24.1,6.6711,3.1577,-31.5,G,0.302064041,"Covenant University, Idi-Iroko Road, Ado Odo/Ota, Ogun, 112104, Nigeria",2018
7/9/2018,56:01.9,6.6737,3.1501,14,G,0.85260162,"Ado Odo/Ota, Ogun, 112104, Nigeria",2018
10/9/2018,46:11.8,6.6754,3.1622,5.1,G,0.988125956,"Covenant University, Idi-Iroko Road, Ado Odo/Ota, Ogun, 112104, Nigeria",2018
10/9/2018,08:12.3,6.6748,3.1665,-10.8,G,1.322300717,"Ado Odo/Ota, Ogun, 112104, Nigeria",2018
15/09/2018,41:53.3,6.6762,3.1652,-25,G,1.291704814,"Ado Odo/Ota, Ogun, 112104, Nigeria",2018
15/09/2018,05:19.9,6.6578,3.1513,-23.2,G,1.34264643,"Ado Odo/Ota, Ogun, 112104, Nigeria",2018
15/09/2018,05:20.0,6.6659,3.1506,-23.8,G,0.693488828,"Ado Odo/Ota, Ogun, 112104, Nigeria",2018
18/09/2018,28:23.9,6.6692,3.1637,-3.7,C,0.838849838,"Ado Odo/Ota, Ogun, 112104, Nigeria",2018
18/09/2018,30:42.2,6.6619,3.1517,5.4,C,0.917208724,"Ado Odo/Ota, Ogun, 112104, Nigeria",2018
21/09/2018,07:26.4,6.6651,3.1682,13.9,C,1.40002815,"Ado Odo/Ota, Ogun, 112104, Nigeria",2018
21/09/2018,09:21.3,6.6617,3.1675,-24.5,G,1.490341993,"Ado Odo/Ota, Ogun, 112104, Nigeria",2018
21/09/2018,09:21.4,6.6714,3.154,-25.4,G,0.363767704,"Covenant University, Idi-Iroko Road, Ado Odo/Ota, Ogun, 112104, Nigeria",2018
21/09/2018,09:21.5,6.6526,3.151,-31.6,G,1.897168998,"Ado Odo/Ota, Ogun, 112104, Nigeria",2018
21/09/2018,09:21.8,6.6797,3.1459,-19.8,G,1.648306431,"Ado Odo/Ota, Ogun, 112104, Nigeria",2018
21/09/2018,09:22.0,6.682,3.1523,-16.1,G,1.517431888,"Idi-Iroko Road, Ado Odo/Ota, Ogun, 112104, Nigeria",2018
21/09/2018,19:20.4,6.6793,3.1553,-32.2,G,1.161123302,"Idi-Iroko Road, Ado Odo/Ota, Ogun, 112104, Nigeria",2018
21/09/2018,23:05.5,6.6728,3.1463,-9.5,G,1.167577016,"Ado Odo/Ota, Ogun, 112104, Nigeria",2018
21/09/2018,23:12.1,6.6558,3.1493,-27.5,G,1.638327449,"Ado Odo/Ota, Ogun, 112104, Nigeria",2018
21/09/2018,23:12.4,6.6615,3.1663,-16.3,G,1.393315634,"Ado Odo/Ota, Ogun, 112104, Nigeria",2018
23/09/2018,50:46.5,6.6656,3.1583,-10.5,G,0.438388046,"Idi-Iroko Road, Ado Odo/Ota, Ogun, 112104, Nigeria",2018
23/09/2018,55:55.8,6.667,3.1538,7.5,C,0.330552438,"proposed covenant university college of medcine, Ado Odo/Ota, Ogun, 112104, Nigeria",2018
23/09/2018,56:34.9,6.6544,3.1546,-22,G,1.619712255,"Ado Odo/Ota, Ogun, 112104, Nigeria",2018
23/09/2018,00:08.8,6.6821,3.1608,-20.8,G,1.557610426,"Idi-Iroko Road, Otta, Ado Odo/Ota, Ogun, 112104, Nigeria",2018
23/09/2018,00:09.3,6.68,3.1492,-4.4,G,1.452254169,"Ado Odo/Ota, Ogun, 112104, Nigeria",2018
23/09/2018,00:25.7,6.6857,3.1603,9,C,1.925705379,"Ado Odo/Ota, Ogun, 112104, Nigeria",2018
23/09/2018,44:27.6,6.6814,3.1518,17,G,1.470392278,"Idi-Iroko Road, Ado Odo/Ota, Ogun, 112104, Nigeria",2018
23/09/2018,10:08.8,6.6537,3.1556,37.7,G,1.689870599,"Ado Odo/Ota, Ogun, 112104, Nigeria",2018
25/09/2018,59:54.8,6.6632,3.1582,-4.4,C,0.673332181,"Idi-Iroko Road, Ado Odo/Ota, Ogun, 112104, Nigeria",2018
26/09/2018,44:01.1,6.6608,3.1674,-26.7,G,1.537358011,"Ado Odo/Ota, Ogun, 112104, Nigeria",2018
3/10/2018,38:27.6,6.685,3.1536,-14.8,C,1.812812538,"Ado Odo/Ota, Ogun, 112104, Nigeria",2018
7/10/2018,53:05.7,6.6619,3.1601,7.4,C,0.893314487,"Ado Odo/Ota, Ogun, 112104, Nigeria",2018
7/10/2018,53:05.8,6.6691,3.1659,10.4,C,1.081364715,"Ado Odo/Ota, Ogun, 112104, Nigeria",2018
7/10/2018,58:32.3,6.6629,3.1491,10.1,C,1.021300559,"Ado Odo/Ota, Ogun, 112104, Nigeria",2018
7/10/2018,07:46.5,6.6771,3.1484,10.2,C,1.248559289,"Ado Odo/Ota, Ogun, 112104, Nigeria",2018
7/10/2018,10:58.7,6.6674,3.1516,18.8,C,0.5250063,"Ado Odo/Ota, Ogun, 112104, Nigeria",2018
7/10/2018,12:07.4,6.6779,3.1464,16.5,C,1.467740157,"Ado Odo/Ota, Ogun, 112104, Nigeria",2018
7/10/2018,14:53.3,6.6591,3.1446,23.3,G,1.67363544,"Ado Odo/Ota, Ogun, 112104, Nigeria",2018
9/10/2018,49:20.7,6.6668,3.1405,-10.7,C,1.739710237,"Ado Odo/Ota, Ogun, 112104, Nigeria",2018
9/10/2018,52:15.0,6.6723,3.1489,-22,G,0.882120796,"Ado Odo/Ota, Ogun, 112104, Nigeria",2018
9/10/2018,57:59.2,6.6766,3.1466,-68.2,G,1.355944601,"Ado Odo/Ota, Ogun, 112104, Nigeria",2018
11/10/2018,13:05.2,6.6714,3.1541,8.1,C,0.356789665,"Covenant University, Idi-Iroko Road, Ado Odo/Ota, Ogun, 112104, Nigeria",2018
11/10/2018,29:18.8,6.6691,3.1717,-44.6,G,1.721836659,"Ado Odo/Ota, Ogun, 112104, Nigeria",2018
11/10/2018,31:34.8,6.6531,3.1641,-11.3,G,1.964889228,"Ado Odo/Ota, Ogun, 112104, Nigeria",2018
11/10/2018,37:18.8,6.677,3.166,-16.6,G,1.416414775,"Ado Odo/Ota, Ogun, 112104, Nigeria",2018
15/10/2018,20:50.3,6.6592,3.1483,-10.8,C,1.380190023,"Ado Odo/Ota, Ogun, 112104, Nigeria",2018
15/10/2018,46:16.7,6.6682,3.1734,10.8,C,1.910966603,"Ado Odo/Ota, Ogun, 112104, Nigeria",2018
23/10/2018,14:06.6,6.6656,3.1674,9.4,C,1.299306749,"Ado Odo/Ota, Ogun, 112104, Nigeria",2018
23/10/2018,15:34.1,6.6746,3.1664,7,C,1.30173654,"Ado Odo/Ota, Ogun, 112104, Nigeria",2018
23/10/2018,36:31.9,6.6632,3.1645,-48.6,G,1.121849676,"Anjorin Street, Ado Odo/Ota, Ogun, 112104, Nigeria",2018
23/10/2018,39:06.4,6.6797,3.1595,-29.1,G,1.25905627,"Ado Odo/Ota, Ogun, 112104, Nigeria",2018
23/10/2018,39:06.4,6.6644,3.1409,-12.1,G,1.752544968,"Ado Odo/Ota, Ogun, 112104, Nigeria",2018
23/10/2018,40:32.7,6.68,3.1627,7.7,C,1.43387041,"A5-1, Otta, Ado Odo/Ota, Ogun, 112104, Nigeria",2018
23/10/2018,40:37.9,6.6715,3.1543,5.5,G,0.352573149,"Covenant University, Idi-Iroko Road, Ado Odo/Ota, Ogun, 112104, Nigeria",2018
23/10/2018,40:38.8,6.6789,3.1644,-7.8,G,1.441251125,"Ado Odo/Ota, Ogun, 112104, Nigeria",2018
23/10/2018,40:52.3,6.6783,3.1576,10.4,C,1.059308062,"Ado Odo/Ota, Ogun, 112104, Nigeria",2018
23/10/2018,43:45.6,6.6524,3.159,-14.6,G,1.86103538,"Ado Odo/Ota, Ogun, 112104, Nigeria",2018
23/10/2018,45:08.6,6.6626,3.172,-14.3,G,1.889022785,"Ado Odo/Ota, Ogun, 112104, Nigeria",2018
23/10/2018,47:51.9,6.6589,3.1457,7.3,C,1.59869341,"Ado Odo/Ota, Ogun, 112104, Nigeria",2018
23/10/2018,48:45.3,6.6838,3.166,16.2,C,1.985411996,"Ado Odo/Ota, Ogun, 112104, Nigeria",2018
23/10/2018,49:36.9,6.6591,3.171,-16,G,1.971997751,"Ado Odo/Ota, Ogun, 112104, Nigeria",2018
23/10/2018,50:41.1,6.6556,3.154,7.7,C,1.49593918,"Ado Odo/Ota, Ogun, 112104, Nigeria",2018
23/10/2018,50:52.2,6.6832,3.1581,7.8,C,1.606411098,"Ado Odo/Ota, Ogun, 112104, Nigeria",2018
23/10/2018,52:39.6,6.6705,3.1708,-10.4,G,1.632137634,"Ado Odo/Ota, Ogun, 112104, Nigeria",2018
23/10/2018,52:45.4,6.6557,3.1632,-9.7,C,1.66243959,"Ado Odo/Ota, Ogun, 112104, Nigeria",2018
23/10/2018,55:45.1,6.6554,3.1676,-7.3,C,1.9646233,"Ado Odo/Ota, Ogun, 112104, Nigeria",2018
23/10/2018,55:45.1,6.6595,3.1603,-9,C,1.141911486,"Ado Odo/Ota, Ogun, 112104, Nigeria",2018
23/10/2018,56:07.0,6.6636,3.1684,-9.3,C,1.479160423,"Ado Odo/Ota, Ogun, 112104, Nigeria",2018
23/10/2018,58:57.9,6.6617,3.1629,12.8,G,1.095979602,"Anjorin Street, Ado Odo/Ota, Ogun, 112104, Nigeria",2018
26/10/2018,24:16.3,6.6832,3.1473,3.9,C,1.865273787,"Idi-Iroko Road, Ado Odo/Ota, Ogun, 112104, Nigeria",2018
26/10/2018,29:12.9,6.6773,3.1421,3.3,C,1.808096169,"Ado Odo/Ota, Ogun, Nigeria",2018
26/10/2018,31:47.5,6.6679,3.1634,6.7,C,0.812479776,"Ado Odo/Ota, Ogun, 112104, Nigeria",2018
27/10/2018,51:46.0,6.6755,3.1485,-45.8,G,1.116685754,"Ado Odo/Ota, Ogun, 112104, Nigeria",2018
27/10/2018,51:46.2,6.6644,3.1623,-11.5,G,0.846369983,"Anjorin Street, Ado Odo/Ota, Ogun, 112104, Nigeria",2018
27/10/2018,04:37.3,6.6602,3.1622,-39.7,G,1.177154851,"Ado Odo/Ota, Ogun, 112104, Nigeria",2018
27/10/2018,04:37.4,6.6567,3.1673,-31,G,1.834126443,"Ado Odo/Ota, Ogun, 112104, Nigeria",2018
27/10/2018,07:35.8,6.6543,3.1613,-22.8,G,1.720462447,"Ado Odo/Ota, Ogun, 112104, Nigeria",2018
28/10/2018,32:42.4,6.6709,3.1728,-17.8,G,1.856676384,"Ado Odo/Ota, Ogun, 112104, Nigeria",2018
28/10/2018,45:23.2,6.6701,3.1415,-7.2,C,1.619296104,"Ado Odo/Ota, Ogun, 112104, Nigeria",2018
28/10/2018,54:43.9,6.6705,3.1687,9.9,C,1.401841141,"Ado Odo/Ota, Ogun, 112104, Nigeria",2018
28/10/2018,58:35.2,6.666,3.1628,9.2,C,0.805559408,"Ado Odo/Ota, Ogun, 112104, Nigeria",2018
28/10/2018,58:40.3,6.6617,3.1638,4.1,C,1.16623662,"Anjorin Street, Ado Odo/Ota, Ogun, 112104, Nigeria",2018
28/10/2018,01:11.2,6.6724,3.1494,-10.6,G,0.8377278,"Ado Odo/Ota, Ogun, 112104, Nigeria",2018
28/10/2018,01:28.4,6.667,3.1397,-13.6,C,1.824617649,"Ado Odo/Ota, Ogun, 112104, Nigeria",2018
28/10/2018,04:16.3,6.6829,3.1594,-9.4,C,1.599746128,"Ado Odo/Ota, Ogun, 112104, Nigeria",2018
28/10/2018,05:09.6,6.6769,3.1588,9.2,C,0.93899087,"Ado Odo/Ota, Ogun, 112104, Nigeria",2018
28/10/2018,07:42.3,6.6557,3.1655,-7.4,C,1.796104638,"Ado Odo/Ota, Ogun, 112104, Nigeria",2018
28/10/2018,09:09.3,6.6796,3.1695,15.7,C,1.898696145,"A5-1, Otta, Ado Odo/Ota, Ogun, 112104, Nigeria",2018
28/10/2018,09:10.9,6.6777,3.1713,2.6,C,1.942644346,"Ado Odo/Ota, Ogun, 112104, Nigeria",2018
28/10/2018,09:38.2,6.6656,3.1704,-20.4,G,1.619927113,"Ado Odo/Ota, Ogun, 112104, Nigeria",2018
28/10/2018,09:48.3,6.6775,3.1637,10.1,G,1.272512929,"Ado Odo/Ota, Ogun, 112104, Nigeria",2018
28/10/2018,11:07.6,6.672,3.1672,8,C,1.272603314,"Ado Odo/Ota, Ogun, 112104, Nigeria",2018
28/10/2018,12:11.0,6.6766,3.1494,8.3,C,1.133381783,"Ado Odo/Ota, Ogun, 112104, Nigeria",2018
28/10/2018,12:56.5,6.6738,3.1505,-13.2,G,0.825981698,"Ado Odo/Ota, Ogun, 112104, Nigeria",2018
28/10/2018,13:31.2,6.6734,3.1699,-6.4,C,1.603358496,"Ado Odo/Ota, Ogun, 112104, Nigeria",2018
28/10/2018,14:12.2,6.684,3.1613,-5,G,1.775314278,"Ado Odo/Ota, Ogun, 112104, Nigeria",2018
28/10/2018,14:35.9,6.6652,3.1426,4.6,C,1.547557742,"Ado Odo/Ota, Ogun, 112104, Nigeria",2018
28/10/2018,15:13.1,6.6707,3.1441,3.1,C,1.341734869,"Ado Odo/Ota, Ogun, 112104, Nigeria",2018
28/10/2018,15:52.8,6.6604,3.1693,-13,G,1.735727904,"Ado Odo/Ota, Ogun, 112104, Nigeria",2018
28/10/2018,16:22.1,6.6687,3.1725,-9.6,C,1.810153266,"Ado Odo/Ota, Ogun, 112104, Nigeria",2018
28/10/2018,16:53.2,6.6563,3.1527,6.1,C,1.449630449,"Ado Odo/Ota, Ogun, 112104, Nigeria",2018
28/10/2018,17:52.3,6.6578,3.1578,-5.9,G,1.247057057,"proposed covenant university college of medcine, Ado Odo/Ota, Ogun, 112104, Nigeria",2018
28/10/2018,18:35.7,6.6663,3.1644,-4.6,C,0.959643828,"Ado Odo/Ota, Ogun, 112104, Nigeria",2018
28/10/2018,18:54.5,6.6703,3.1513,-8,C,0.554033962,"Ado Odo/Ota, Ogun, 112104, Nigeria",2018
28/10/2018,19:41.5,6.6733,3.1491,7,C,0.916600897,"Ado Odo/Ota, Ogun, 112104, Nigeria",2018
28/10/2018,19:55.2,6.6599,3.1436,5.2,C,1.705383048,"Ado Odo/Ota, Ogun, 112104, Nigeria",2018
28/10/2018,19:59.3,6.673,3.1548,4.5,G,0.47952014,"Covenant University, Idi-Iroko Road, Ado Odo/Ota, Ogun, 112104, Nigeria",2018
28/10/2018,20:56.8,6.658,3.1696,-6.6,C,1.919741661,"Ado Odo/Ota, Ogun, 112104, Nigeria",2018
28/10/2018,21:19.3,6.671,3.1495,13.4,C,0.766954246,"Ado Odo/Ota, Ogun, 112104, Nigeria",2018
28/10/2018,22:01.4,6.6514,3.1598,-26.8,G,1.986895402,"Ado Odo/Ota, Ogun, 112104, Nigeria",2018
28/10/2018,22:01.5,6.6542,3.1618,-10.5,G,1.750009781,"Ado Odo/Ota, Ogun, 112104, Nigeria",2018
28/10/2018,22:35.6,6.6547,3.1489,22.1,G,1.767351946,"Ado Odo/Ota, Ogun, 112104, Nigeria",2018
28/10/2018,23:10.7,6.6658,3.171,7.7,C,1.679860544,"Ado Odo/Ota, Ogun, 112104, Nigeria",2018
28/10/2018,24:06.1,6.6799,3.1641,12.4,C,1.509160347,"A5-1, Otta, Ado Odo/Ota, Ogun, 112104, Nigeria",2018
28/10/2018,24:06.2,6.6637,3.1689,-12.2,C,1.525747559,"Ado Odo/Ota, Ogun, 112104, Nigeria",2018
28/10/2018,24:27.3,6.6634,3.173,4.5,C,1.962578959,"Ado Odo/Ota, Ogun, 112104, Nigeria",2018
28/10/2018,24:30.6,6.6579,3.155,8.3,G,1.228055447,"proposed covenant university college of medcine, Ado Odo/Ota, Ogun, 112104, Nigeria",2018
28/10/2018,24:43.8,6.6739,3.1631,7.8,C,0.951977758,"Cafeteria 2, A5-1, Otta, Ado Odo/Ota, Ogun, 112104, Nigeria",2018
28/10/2018,25:14.0,6.6779,3.1652,9.9,C,1.418301786,"Ado Odo/Ota, Ogun, 112104, Nigeria",2018
28/10/2018,25:20.9,6.6619,3.1463,-20.8,G,1.333438293,"Ado Odo/Ota, Ogun, 112104, Nigeria",2018
28/10/2018,25:41.3,6.6526,3.1623,-7,C,1.935925665,"Ado Odo/Ota, Ogun, 112104, Nigeria",2018
28/10/2018,25:41.5,6.6562,3.1641,-27.1,G,1.664106216,"Ado Odo/Ota, Ogun, 112104, Nigeria",2018
28/10/2018,25:49.3,6.6602,3.1475,10.3,C,1.355708684,"Ado Odo/Ota, Ogun, 112104, Nigeria",2018
28/10/2018,25:55.0,6.6572,3.1567,34.7,G,1.301371533,"proposed covenant university college of medcine, Ado Odo/Ota, Ogun, 112104, Nigeria",2018
28/10/2018,26:17.4,6.685,3.1599,7.1,C,1.839694703,"Ado Odo/Ota, Ogun, 112104, Nigeria",2018
28/10/2018,28:02.6,6.6598,3.1659,-12.9,G,1.479936101,"Ado Odo/Ota, Ogun, 112104, Nigeria",2018
28/10/2018,28:44.1,6.6606,3.1574,11.4,C,0.93261034,"Ado Odo/Ota, Ogun, 112104, Nigeria",2018
28/10/2018,28:44.1,6.6759,3.1564,-7.7,C,0.780252464,"Covenant University, Idi-Iroko Road, Ado Odo/Ota, Ogun, 112104, Nigeria",2018
28/10/2018,29:37.4,6.67,3.1601,-5,C,0.457539575,"Covenant University, Idi-Iroko Road, Ado Odo/Ota, Ogun, 112104, Nigeria",2018
28/10/2018,31:18.0,6.6539,3.1484,17.6,G,1.871671603,"Ado Odo/Ota, Ogun, 112104, Nigeria",2018
28/10/2018,31:31.0,6.6607,3.1609,3.9,C,1.053025186,"Ado Odo/Ota, Ogun, 112104, Nigeria",2018
28/10/2018,31:43.0,6.6665,3.1616,3.8,C,0.661853027,"Ado Odo/Ota, Ogun, 112104, Nigeria",2018
28/10/2018,31:54.7,6.6586,3.1693,8.4,C,1.852207582,"Ado Odo/Ota, Ogun, 112104, Nigeria",2018
28/10/2018,31:54.9,6.6711,3.1584,5.6,C,0.352636008,"Covenant University, Idi-Iroko Road, Ado Odo/Ota, Ogun, 112104, Nigeria",2018
28/10/2018,32:01.3,6.6629,3.1506,-18.1,G,0.902186916,"Ado Odo/Ota, Ogun, 112104, Nigeria",2018
28/10/2018,38:19.0,6.669,3.1594,5.6,C,0.363443464,"Covenant University, Idi-Iroko Road, Ado Odo/Ota, Ogun, 112104, Nigeria",2018
28/10/2018,39:15.0,6.663,3.1655,12.4,C,1.226387154,"Ado Odo/Ota, Ogun, 112104, Nigeria",2018
28/10/2018,41:31.7,6.6835,3.1563,-31,G,1.62481523,"Ado Odo/Ota, Ogun, 112104, Nigeria",2018
28/10/2018,44:22.0,6.6623,3.1531,-16.2,G,0.804594194,"Ado Odo/Ota, Ogun, 112104, Nigeria",2018
28/10/2018,51:35.7,6.668,3.1416,12.8,G,1.605690663,"Ado Odo/Ota, Ogun, 112104, Nigeria",2018
28/10/2018,51:52.6,6.6791,3.1458,-30,G,1.608102006,"Ado Odo/Ota, Ogun, 112104, Nigeria",2018
28/10/2018,55:11.8,6.6585,3.1563,-61,G,1.155380218,"proposed covenant university college of medcine, Ado Odo/Ota, Ogun, 112104, Nigeria",2018
29/10/2018,14:09.7,6.6801,3.1612,8,C,1.367453248,"Ado Odo/Ota, Ogun, 112104, Nigeria",2018
29/10/2018,22:50.5,6.6815,3.1661,-20.8,G,1.784218936,"A5-1, Otta, Ado Odo/Ota, Ogun, 112104, Nigeria",2018
1/11/2018,44:13.8,6.6695,3.1548,-14.9,G,0.159953788,"Covenant University, Idi-Iroko Road, Ado Odo/Ota, Ogun, 112104, Nigeria",2018
1/11/2018,05:18.0,6.6557,3.1662,4.2,G,1.841820654,"Ado Odo/Ota, Ogun, 112104, Nigeria",2018
3/11/2018,32:24.1,6.6678,3.1713,24.5,G,1.6818658,"Ado Odo/Ota, Ogun, 112104, Nigeria",2018
3/11/2018,43:30.8,6.671,3.1564,-19.4,G,0.236903054,"Covenant University, Idi-Iroko Road, Ado Odo/Ota, Ogun, 112104, Nigeria",2018
3/11/2018,47:30.1,6.6693,3.1558,-22.2,G,0.057186572,"Covenant University, Idi-Iroko Road, Ado Odo/Ota, Ogun, 112104, Nigeria",2018
3/11/2018,47:30.3,6.6596,3.1433,-13.4,G,1.751796993,"Ado Odo/Ota, Ogun, 112104, Nigeria",2018
3/11/2018,48:43.5,6.6687,3.1551,-15.7,G,0.113627691,"Covenant University, Idi-Iroko Road, Ado Odo/Ota, Ogun, 112104, Nigeria",2018
3/11/2018,49:01.9,6.6568,3.1524,-22.3,G,1.405321731,"Ado Odo/Ota, Ogun, 112104, Nigeria",2018
3/11/2018,53:00.2,6.6837,3.1515,-17.1,G,1.723858235,"Ado Odo/Ota, Ogun, 112104, Nigeria",2018
3/11/2018,03:29.9,6.6651,3.1631,-17.6,G,0.8793677,"Ado Odo/Ota, Ogun, 112104, Nigeria",2018
3/11/2018,08:30.9,6.6772,3.1433,8.1,C,1.689953922,"Ado Odo/Ota, Ogun, Nigeria",2018
3/11/2018,57:00.9,6.6699,3.1719,-8.6,G,1.747384469,"Ado Odo/Ota, Ogun, 112104, Nigeria",2018
3/11/2018,14:40.3,6.666,3.1452,6.2,C,1.24713475,"Ado Odo/Ota, Ogun, 112104, Nigeria",2018
3/11/2018,16:18.2,6.6757,3.1543,-8.4,C,0.783329047,"Ado Odo/Ota, Ogun, 112104, Nigeria",2018
3/11/2018,19:11.0,6.683,3.1577,6.4,C,1.578865677,"Ado Odo/Ota, Ogun, 112104, Nigeria",2018
3/11/2018,19:11.1,6.6582,3.1559,-6.3,C,1.18877901,"proposed covenant university college of medcine, Ado Odo/Ota, Ogun, 112104, Nigeria",2018
3/11/2018,19:11.3,6.6792,3.1667,10.9,C,1.637735875,"Ado Odo/Ota, Ogun, 112104, Nigeria",2018
3/11/2018,20:32.9,6.6569,3.1567,14.3,C,1.334689367,"proposed covenant university college of medcine, Ado Odo/Ota, Ogun, 112104, Nigeria",2018
5/11/2018,47:57.5,6.6681,3.164,12.5,C,0.875674727,"Ado Odo/Ota, Ogun, 112104, Nigeria",2018
5/11/2018,48:20.6,6.6843,3.154,6.9,C,1.729425572,"Ado Odo/Ota, Ogun, 112104, Nigeria",2018
5/11/2018,49:09.2,6.6593,3.1519,-11.4,G,1.163257522,"proposed covenant university college of medcine, Ado Odo/Ota, Ogun, 112104, Nigeria",2018
5/11/2018,49:57.2,6.6713,3.1633,-8.2,G,0.838002291,"Covenant University, Idi-Iroko Road, Ado Odo/Ota, Ogun, 112104, Nigeria",2018
5/11/2018,50:21.9,6.6605,3.1481,17.6,C,1.285669703,"Ado Odo/Ota, Ogun, 112104, Nigeria",2018
5/11/2018,50:47.0,6.6863,3.1528,18.2,G,1.970259757,"Isale, Ado Odo/Ota, Ogun, 112104, Nigeria",2018
5/11/2018,52:52.5,6.6746,3.1721,-9.6,C,1.876562846,"Ado Odo/Ota, Ogun, 112104, Nigeria",2018
5/11/2018,53:53.5,6.6694,3.1384,10.4,C,1.956884865,"Ado Odo/Ota, Ogun, 112104, Nigeria",2018
5/11/2018,54:10.7,6.6724,3.1385,-9.9,G,1.983806117,"Ado Odo/Ota, Ogun, 112104, Nigeria",2018
5/11/2018,55:13.5,6.6546,3.1653,-9,G,1.885309116,"Ado Odo/Ota, Ogun, 112104, Nigeria",2018
5/11/2018,56:09.2,6.6625,3.1538,-8,G,0.754874988,"Ado Odo/Ota, Ogun, 112104, Nigeria",2018
5/11/2018,56:42.1,6.6648,3.1462,-30.1,G,1.185283414,"Ado Odo/Ota, Ogun, 112104, Nigeria",2018
5/11/2018,57:03.5,6.686,3.1561,14.8,C,1.902669017,"Ado Odo/Ota, Ogun, 112104, Nigeria",2018
5/11/2018,57:20.0,6.6689,3.145,-17.3,G,1.227140103,"Ado Odo/Ota, Ogun, 112104, Nigeria",2018
5/11/2018,58:08.7,6.6654,3.1594,14.1,C,0.531452961,"Idi-Iroko Road, Ado Odo/Ota, Ogun, 112104, Nigeria",2018
5/11/2018,58:31.8,6.6656,3.1688,-15.4,G,1.448329852,"Ado Odo/Ota, Ogun, 112104, Nigeria",2018
5/11/2018,58:31.8,6.6751,3.1416,-12.2,G,1.745114595,"Ado Odo/Ota, Ogun, 112104, Nigeria",2018
5/11/2018,58:50.4,6.6619,3.1583,10.9,C,0.813862347,"Ado Odo/Ota, Ogun, 112104, Nigeria",2018
5/11/2018,59:00.3,6.6685,3.1631,-18.6,G,0.773081591,"Ado Odo/Ota, Ogun, 112104, Nigeria",2018
5/11/2018,59:00.4,6.6724,3.1505,-6.1,C,0.732432883,"Ado Odo/Ota, Ogun, 112104, Nigeria",2018
5/11/2018,59:40.1,6.667,3.1404,-7.7,G,1.747844275,"Ado Odo/Ota, Ogun, 112104, Nigeria",2018
5/11/2018,59:52.2,6.6697,3.1556,-17.1,G,0.106399619,"Covenant University, Idi-Iroko Road, Ado Odo/Ota, Ogun, 112104, Nigeria",2018
5/11/2018,59:52.3,6.6719,3.1682,29.1,G,1.376466646,"Ado Odo/Ota, Ogun, 112104, Nigeria",2018
5/11/2018,00:51.2,6.6775,3.1633,-16.8,G,1.243860634,"Ado Odo/Ota, Ogun, 112104, Nigeria",2018
5/11/2018,01:26.2,6.6737,3.1719,-28.6,G,1.82397432,"Ado Odo/Ota, Ogun, 112104, Nigeria",2018
5/11/2018,01:30.9,6.6859,3.1503,-34.6,G,1.997459186,"Ado Odo/Ota, Ogun, 112104, Nigeria",2018
5/11/2018,01:50.5,6.6716,3.1619,-13.4,G,0.70684676,"Covenant University, Idi-Iroko Road, Ado Odo/Ota, Ogun, 112104, Nigeria",2018
5/11/2018,01:59.1,6.6799,3.1617,14,C,1.371165924,"Ado Odo/Ota, Ogun, 112104, Nigeria",2018
5/11/2018,02:48.7,6.6785,3.1677,30.1,G,1.66741209,"Ado Odo/Ota, Ogun, 112104, Nigeria",2018
5/11/2018,03:08.9,6.6831,3.1626,8.3,C,1.735112217,"Ado Odo/Ota, Ogun, 112104, Nigeria",2018
5/11/2018,03:35.5,6.6529,3.1625,9.3,C,1.91278979,"Ado Odo/Ota, Ogun, 112104, Nigeria",2018
5/11/2018,03:48.9,6.6781,3.142,-3.8,C,1.864891081,"Ado Odo/Ota, Ogun, Nigeria",2018
5/11/2018,05:03.2,6.6673,3.1646,8.9,G,0.954038218,"Ado Odo/Ota, Ogun, 112104, Nigeria",2018
5/11/2018,05:20.0,6.6715,3.1592,18,G,0.447970793,"Covenant University, Idi-Iroko Road, Ado Odo/Ota, Ogun, 112104, Nigeria",2018
5/11/2018,06:31.4,6.6692,3.1684,-17,G,1.357656916,"Ado Odo/Ota, Ogun, 112104, Nigeria",2018
5/11/2018,06:34.3,6.675,3.1551,-21.7,G,0.688638794,"Covenant University, Idi-Iroko Road, Ado Odo/Ota, Ogun, 112104, Nigeria",2018
5/11/2018,07:34.0,6.673,3.1419,-5.8,G,1.634722464,"Ado Odo/Ota, Ogun, 112104, Nigeria",2018
5/11/2018,08:38.7,6.6625,3.1416,-44.5,G,1.753050882,"Ado Odo/Ota, Ogun, 112104, Nigeria",2018
5/11/2018,08:39.2,6.6556,3.1552,-12.6,G,1.481079464,"proposed covenant university college of medcine, Ado Odo/Ota, Ogun, 112104, Nigeria",2018
5/11/2018,08:39.2,6.6561,3.1672,-9.8,G,1.876738486,"Ado Odo/Ota, Ogun, 112104, Nigeria",2018
5/11/2018,09:32.0,6.6673,3.1623,-27,G,0.705982607,"Ado Odo/Ota, Ogun, 112104, Nigeria",2018
5/11/2018,11:30.4,6.6702,3.1525,16.4,C,0.42463106,"Covenant University, Idi-Iroko Road, Ado Odo/Ota, Ogun, 112104, Nigeria",2018
5/11/2018,13:39.9,6.6565,3.1618,14.7,C,1.514099311,"Ado Odo/Ota, Ogun, 112104, Nigeria",2018
5/11/2018,19:29.0,6.6699,3.1446,12.5,C,1.276276982,"Ado Odo/Ota, Ogun, 112104, Nigeria",2018
5/11/2018,49:18.9,6.6555,3.1676,-95.4,G,1.956147198,"Ado Odo/Ota, Ogun, 112104, Nigeria",2018
16/11/2018,10:03.5,6.6759,3.1482,-20.4,G,1.170964302,"Ado Odo/Ota, Ogun, 112104, Nigeria",2018
23/01/2019,08:15.4,6.6693,3.1687,8,C,1.391100029,"Ado Odo/Ota, Ogun, 112104, Nigeria",2019
23/01/2019,12:25.0,6.6833,3.1499,15,C,1.743090258,"Ado Odo/Ota, Ogun, 112104, Nigeria",2019
23/01/2019,13:19.5,6.6588,3.1597,5.8,C,1.189798114,"Ado Odo/Ota, Ogun, 112104, Nigeria",2019
23/01/2019,23:26.3,6.6769,3.1688,-8.2,C,1.660538215,"Ado Odo/Ota, Ogun, 112104, Nigeria",2019
23/01/2019,23:32.7,6.6753,3.153,-13.9,G,0.791366379,"Ado Odo/Ota, Ogun, 112104, Nigeria",2019
23/01/2019,53:20.9,6.6777,3.1617,12.3,C,1.157974036,"A5-1, Otta, Ado Odo/Ota, Ogun, 112104, Nigeria",2019
23/01/2019,54:25.8,6.6742,3.1556,-5.5,C,0.593260073,"Covenant University, Idi-Iroko Road, Ado Odo/Ota, Ogun, 112104, Nigeria",2019
23/01/2019,56:00.8,6.6582,3.1547,-4.4,C,1.198724574,"proposed covenant university college of medcine, Ado Odo/Ota, Ogun, 112104, Nigeria",2019
23/01/2019,04:37.5,6.6688,3.1656,8.2,G,1.048024062,"Ado Odo/Ota, Ogun, 112104, Nigeria",2019
24/01/2019,23:08.9,6.6756,3.1447,-4.1,C,1.464629859,"Ado Odo/Ota, Ogun, 112104, Nigeria",2019
24/01/2019,32:06.4,6.6616,3.1666,-12.4,G,1.413805786,"Ado Odo/Ota, Ogun, 112104, Nigeria",2019
24/01/2019,33:10.0,6.6551,3.156,-16.3,G,1.533303719,"Ado Odo/Ota, Ogun, 112104, Nigeria",2019
24/01/2019,33:10.0,6.6534,3.1636,-4.9,C,1.910594718,"Ado Odo/Ota, Ogun, 112104, Nigeria",2019
24/01/2019,33:10.1,6.6631,3.1578,-14.7,G,0.670175816,"Idi-Iroko Road, Ado Odo/Ota, Ogun, 112104, Nigeria",2019
24/01/2019,34:04.3,6.6557,3.1499,-8.8,G,1.619043378,"Ado Odo/Ota, Ogun, 112104, Nigeria",2019
24/01/2019,35:23.4,6.6573,3.1621,-9.1,G,1.448466162,"Ado Odo/Ota, Ogun, 112104, Nigeria",2019
24/01/2019,35:30.1,6.6823,3.1644,-5,C,1.749810768,"Ado Odo/Ota, Ogun, 112104, Nigeria",2019
24/01/2019,35:34.1,6.6778,3.1493,-13.8,G,1.244055143,"Ado Odo/Ota, Ogun, 112104, Nigeria",2019
24/01/2019,36:54.1,6.6799,3.151,-5.2,G,1.348236057,"Ado Odo/Ota, Ogun, Nigeria",2019
24/01/2019,37:16.6,6.6768,3.1637,-7.1,G,1.215026766,"Ado Odo/Ota, Ogun, 112104, Nigeria",2019
24/01/2019,37:43.2,6.6664,3.1496,-5,G,0.77052215,"Ado Odo/Ota, Ogun, 112104, Nigeria",2019
24/01/2019,45:28.0,6.6783,3.1472,20.7,G,1.436543918,"Ado Odo/Ota, Ogun, 112104, Nigeria",2019
24/01/2019,47:12.4,6.6671,3.1414,-5.8,C,1.636866963,"Ado Odo/Ota, Ogun, 112104, Nigeria",2019
24/01/2019,48:32.2,6.6651,3.1401,-13.6,G,1.817810712,"Ado Odo/Ota, Ogun, 112104, Nigeria",2019
24/01/2019,51:50.9,6.6799,3.1439,-20.2,G,1.821498663,"Ado Odo/Ota, Ogun, Nigeria",2019
24/01/2019,52:04.5,6.6709,3.1732,9.3,C,1.900539166,"Ado Odo/Ota, Ogun, 112104, Nigeria",2019
24/01/2019,54:25.6,6.6715,3.1659,-4.2,C,1.119415678,"Ado Odo/Ota, Ogun, 112104, Nigeria",2019
24/01/2019,54:42.3,6.6638,3.1412,-7.8,C,1.741334112,"Ado Odo/Ota, Ogun, 112104, Nigeria",2019
24/01/2019,55:56.1,6.6781,3.1647,-8.4,C,1.396004914,"Ado Odo/Ota, Ogun, 112104, Nigeria",2019
24/01/2019,56:20.9,6.6602,3.1426,-7.7,C,1.77768707,"Ado Odo/Ota, Ogun, 112104, Nigeria",2019
24/01/2019,57:41.2,6.6766,3.1528,10.5,C,0.932159996,"Ado Odo/Ota, Ogun, 112104, Nigeria",2019
24/01/2019,59:28.6,6.6639,3.1538,8,C,0.610644148,"Ado Odo/Ota, Ogun, 112104, Nigeria",2019
29/01/2019,33:58.0,6.6729,3.1479,17.9,G,1.010599141,"Ado Odo/Ota, Ogun, 112104, Nigeria",2019
30/01/2019,00:03.8,6.6559,3.1546,-8.4,C,1.453909196,"proposed covenant university college of medcine, Ado Odo/Ota, Ogun, 112104, Nigeria",2019
30/01/2019,01:01.3,6.6694,3.1433,4.5,C,1.416032079,"Ado Odo/Ota, Ogun, 112104, Nigeria",2019
8/2/2019,30:11.2,6.6843,3.1515,-8.7,G,1.787706091,"Ado Odo/Ota, Ogun, 112104, Nigeria",2019
8/2/2019,33:48.8,6.6585,3.1706,3.5,C,1.973608654,"Ado Odo/Ota, Ogun, 112104, Nigeria",2019
8/2/2019,35:36.4,6.6792,3.169,-8.9,G,1.827790933,"Ado Odo/Ota, Ogun, 112104, Nigeria",2019
8/2/2019,39:23.8,6.6614,3.161,3.6,C,0.992459008,"Ado Odo/Ota, Ogun, 112104, Nigeria",2019
8/2/2019,01:24.8,6.6517,3.1593,8.2,C,1.943495726,"Ado Odo/Ota, Ogun, 112104, Nigeria",2019
8/2/2019,01:24.8,6.6834,3.1653,5.8,C,1.906163879,"Ado Odo/Ota, Ogun, 112104, Nigeria",2019
23/02/2019,20:05.7,6.6783,3.1536,-10.9,G,1.082592708,"Ado Odo/Ota, Ogun, 112104, Nigeria",2019
24/02/2019,30:49.9,6.6603,3.1446,-36.8,G,1.590087203,"Ado Odo/Ota, Ogun, 112104, Nigeria",2019
24/02/2019,11:45.7,6.6733,3.1596,-5,C,0.623742826,"Covenant University, Idi-Iroko Road, Ado Odo/Ota, Ogun, 112104, Nigeria",2019
28/02/2019,06:24.1,6.6739,3.1594,8.1,G,0.665146738,"Covenant University, Idi-Iroko Road, Ado Odo/Ota, Ogun, 112104, Nigeria",2019
28/02/2019,15:17.8,6.6668,3.1646,-16,G,0.965881166,"Ado Odo/Ota, Ogun, 112104, Nigeria",2019
28/02/2019,39:09.5,6.6734,3.1492,5.9,C,0.913349461,"Ado Odo/Ota, Ogun, 112104, Nigeria",2019
28/02/2019,40:11.2,6.6566,3.1454,-7.7,C,1.807388801,"Ado Odo/Ota, Ogun, 112104, Nigeria",2019
28/02/2019,41:42.1,6.6832,3.1535,5.1,C,1.617240736,"Ado Odo/Ota, Ogun, 112104, Nigeria",2019
28/02/2019,53:39.1,6.6582,3.1645,-14.7,G,1.507002101,"Ado Odo/Ota, Ogun, 112104, Nigeria",2019
1/3/2019,53:00.6,6.6669,3.1472,-6.8,C,1.008709896,"Ado Odo/Ota, Ogun, 112104, Nigeria",2019
1/3/2019,55:43.2,6.6774,3.1637,-27.1,G,1.264167256,"Ado Odo/Ota, Ogun, 112104, Nigeria",2019
1/3/2019,04:38.3,6.6567,3.1505,10.4,C,1.490301387,"Ado Odo/Ota, Ogun, 112104, Nigeria",2019
1/3/2019,11:56.5,6.6568,3.1538,4.4,C,1.368242553,"proposed covenant university college of medcine, Ado Odo/Ota, Ogun, 112104, Nigeria",2019
1/3/2019,12:14.2,6.6644,3.146,10.2,C,1.223178639,"Ado Odo/Ota, Ogun, 112104, Nigeria",2019
1/3/2019,17:00.7,6.6793,3.1532,9.1,C,1.201478049,"Ado Odo/Ota, Ogun, 112104, Nigeria",2019
1/3/2019,17:18.6,6.6608,3.1646,-9.5,C,1.299224634,"Anjorin Street, Ado Odo/Ota, Ogun, 112104, Nigeria",2019
1/3/2019,20:09.5,6.6812,3.1572,6.8,C,1.374205058,"Idi-Iroko Road, Ado Odo/Ota, Ogun, 112104, Nigeria",2019
1/3/2019,23:23.2,6.6741,3.1395,-4.2,C,1.923898555,"Ado Odo/Ota, Ogun, 112104, Nigeria",2019
1/3/2019,27:35.0,6.6762,3.1651,14.8,C,1.283141136,"Ado Odo/Ota, Ogun, 112104, Nigeria",2019
1/3/2019,34:54.7,6.6807,3.1552,-32,G,1.317184639,"Idi-Iroko Road, Ado Odo/Ota, Ogun, 112104, Nigeria",2019
1/3/2019,42:22.6,6.6599,3.165,12.5,C,1.401004612,"Ado Odo/Ota, Ogun, 112104, Nigeria",2019
6/3/2019,50:34.2,6.6624,3.1704,-14.7,G,1.735236517,"Ado Odo/Ota, Ogun, 112104, Nigeria",2019
6/3/2019,55:58.7,6.6803,3.1675,-27.5,G,1.786636307,"A5-1, Otta, Ado Odo/Ota, Ogun, 112104, Nigeria",2019
24/03/2019,12:48.3,6.6681,3.1656,-7.1,C,1.051643097,"Ado Odo/Ota, Ogun, 112104, Nigeria",2019
24/03/2019,18:33.9,6.6557,3.1684,-19.5,G,1.998203938,"Ado Odo/Ota, Ogun, 112104, Nigeria",2019
24/03/2019,29:57.0,6.6861,3.1569,-5.8,C,1.915770289,"Ado Odo/Ota, Ogun, 112104, Nigeria",2019
24/03/2019,47:33.0,6.6711,3.1674,6.9,C,1.270782255,"Ado Odo/Ota, Ogun, 112104, Nigeria",2019
30/03/2019,10:43.0,6.6584,3.1685,8.9,C,1.797904289,"Ado Odo/Ota, Ogun, 112104, Nigeria",2019
30/03/2019,17:12.9,6.6562,3.1504,4.1,C,1.545512094,"Ado Odo/Ota, Ogun, 112104, Nigeria",2019
30/03/2019,17:33.1,6.685,3.1582,-11.5,G,1.806266822,"Ado Odo/Ota, Ogun, 112104, Nigeria",2019
30/03/2019,19:14.8,6.6606,3.1697,-8.4,C,1.761224856,"Ado Odo/Ota, Ogun, 112104, Nigeria",2019
30/03/2019,24:18.8,6.6607,3.1656,5.4,C,1.388308288,"Ado Odo/Ota, Ogun, 112104, Nigeria",2019
30/03/2019,24:43.2,6.6675,3.1422,-5,C,1.544123402,"Ado Odo/Ota, Ogun, 112104, Nigeria",2019
30/03/2019,24:43.4,6.6588,3.1681,5.8,C,1.735437711,"Ado Odo/Ota, Ogun, 112104, Nigeria",2019
30/03/2019,24:43.5,6.6593,3.1652,11.8,C,1.464409044,"Ado Odo/Ota, Ogun, 112104, Nigeria",2019
30/03/2019,24:55.0,6.6804,3.1554,-9.3,C,1.282384142,"Idi-Iroko Road, Ado Odo/Ota, Ogun, 112104, Nigeria",2019
30/03/2019,26:08.9,6.6551,3.1512,12.3,C,1.62636741,"Ado Odo/Ota, Ogun, 112104, Nigeria",2019
30/03/2019,34:13.7,6.6563,3.1564,6.4,C,1.400184272,"proposed covenant university college of medcine, Ado Odo/Ota, Ogun, 112104, Nigeria",2019
30/03/2019,40:16.1,6.6785,3.1578,5.3,C,1.084861729,"Ado Odo/Ota, Ogun, 112104, Nigeria",2019
4/4/2019,29:27.8,6.661,3.1672,11.1,C,1.506441644,"Ado Odo/Ota, Ogun, 112104, Nigeria",2019
4/4/2019,35:05.3,6.6635,3.1618,4.7,C,0.868228654,"Anjorin Street, Ado Odo/Ota, Ogun, 112104, Nigeria",2019
4/4/2019,44:37.1,6.6827,3.1453,14.7,C,1.945267139,"Idi-Iroko Road, Ado Odo/Ota, Ogun, 112104, Nigeria",2019
7/4/2019,10:49.2,6.672,3.1549,5.5,G,0.370898038,"Covenant University, Idi-Iroko Road, Ado Odo/Ota, Ogun, 112104, Nigeria",2019
7/4/2019,14:00.1,6.6681,3.1588,4.2,C,0.309652998,"Covenant University, Idi-Iroko Road, Ado Odo/Ota, Ogun, 112104, Nigeria",2019
7/4/2019,14:54.9,6.6763,3.1556,5.6,C,0.82600886,"Covenant University, Idi-Iroko Road, Ado Odo/Ota, Ogun, 112104, Nigeria",2019
7/4/2019,15:07.3,6.6676,3.1647,-5.1,C,0.95934594,"Ado Odo/Ota, Ogun, 112104, Nigeria",2019
7/4/2019,15:27.2,6.6824,3.168,4.4,C,1.995277287,"Idi-Iroko Road, Otta, Ado Odo/Ota, Ogun, 112104, Nigeria",2019
7/4/2019,16:29.7,6.6576,3.1615,22.9,G,1.389216665,"Ado Odo/Ota, Ogun, 112104, Nigeria",2019
7/4/2019,16:43.5,6.6696,3.1662,-5.1,C,1.117044216,"Ado Odo/Ota, Ogun, 112104, Nigeria",2019
7/4/2019,17:31.6,6.6742,3.1634,-10.7,C,0.998396258,"A5-1, Otta, Ado Odo/Ota, Ogun, 112104, Nigeria",2019
7/4/2019,18:59.6,6.6793,3.1555,9.1,C,1.159628334,"Idi-Iroko Road, Ado Odo/Ota, Ogun, 112104, Nigeria",2019
7/4/2019,19:34.7,6.6615,3.1569,-7.5,C,0.826213914,"Ado Odo/Ota, Ogun, 112104, Nigeria",2019
7/4/2019,19:42.2,6.6562,3.1618,-11.9,G,1.54451216,"Ado Odo/Ota, Ogun, 112104, Nigeria",2019
7/4/2019,20:35.9,6.6736,3.1594,-11.4,G,0.637461918,"Covenant University, Idi-Iroko Road, Ado Odo/Ota, Ogun, 112104, Nigeria",2019
7/4/2019,20:36.0,6.6748,3.1636,-5.5,C,1.056455133,"A5-1, Otta, Ado Odo/Ota, Ogun, 112104, Nigeria",2019
7/4/2019,21:04.9,6.6551,3.1669,3.7,C,1.941830952,"Ado Odo/Ota, Ogun, 112104, Nigeria",2019
7/4/2019,21:23.7,6.671,3.1577,-17.4,G,0.293084568,"Covenant University, Idi-Iroko Road, Ado Odo/Ota, Ogun, 112104, Nigeria",2019
7/4/2019,21:44.6,6.6854,3.1568,-8,C,1.837527391,"Ado Odo/Ota, Ogun, 112104, Nigeria",2019
7/4/2019,21:44.8,6.6532,3.1546,11.6,C,1.752489895,"Ado Odo/Ota, Ogun, 112104, Nigeria",2019
7/4/2019,21:48.9,6.655,3.1546,-24.4,G,1.553365612,"Ado Odo/Ota, Ogun, 112104, Nigeria",2019
7/4/2019,21:54.8,6.6825,3.1537,-9,C,1.536733214,"Isale, Ado Odo/Ota, Ogun, 112104, Nigeria",2019
7/4/2019,21:55.6,6.6816,3.1569,-3.3,C,1.416093719,"Ado Odo/Ota, Ogun, 112104, Nigeria",2019
7/4/2019,22:02.2,6.6696,3.1386,-15.3,G,1.935586291,"Ado Odo/Ota, Ogun, 112104, Nigeria",2019
7/4/2019,22:21.3,6.6788,3.1563,-12.9,G,1.102262576,"Ado Odo/Ota, Ogun, 112104, Nigeria",2019
7/4/2019,22:58.6,6.6765,3.1463,-8.4,C,1.374898251,"Ado Odo/Ota, Ogun, 112104, Nigeria",2019
7/4/2019,23:12.7,6.6597,3.1448,10.4,C,1.613873964,"Ado Odo/Ota, Ogun, 112104, Nigeria",2019
7/4/2019,23:29.8,6.657,3.1658,-8.5,C,1.700797192,"Ado Odo/Ota, Ogun, 112104, Nigeria",2019
7/4/2019,23:43.3,6.6621,3.162,-10.2,G,0.996425844,"Anjorin Street, Ado Odo/Ota, Ogun, 112104, Nigeria",2019
7/4/2019,23:43.3,6.6668,3.1691,-10.7,G,1.453212227,"Ado Odo/Ota, Ogun, 112104, Nigeria",2019
7/4/2019,24:14.6,6.6677,3.1518,-13.2,G,0.494142516,"Ado Odo/Ota, Ogun, 112104, Nigeria",2019
7/4/2019,24:18.4,6.6835,3.1495,-7,C,1.781204498,"Ado Odo/Ota, Ogun, 112104, Nigeria",2019
7/4/2019,24:34.2,6.6794,3.1534,-17,G,1.206525253,"Ado Odo/Ota, Ogun, 112104, Nigeria",2019
7/4/2019,25:25.4,6.6836,3.1523,8.2,C,1.689083513,"Ado Odo/Ota, Ogun, 112104, Nigeria",2019
7/4/2019,25:26.2,6.6731,3.1671,-18.1,G,1.300835956,"Ado Odo/Ota, Ogun, 112104, Nigeria",2019
7/4/2019,25:27.1,6.6578,3.1588,-13,G,1.26828654,"Ado Odo/Ota, Ogun, 112104, Nigeria",2019
7/4/2019,25:40.9,6.6615,3.1559,8.6,C,0.821937843,"proposed covenant university college of medcine, Ado Odo/Ota, Ogun, 112104, Nigeria",2019
7/4/2019,25:42.0,6.6827,3.1528,-6.8,G,1.578662711,"Ado Odo/Ota, Ogun, 112104, Nigeria",2019
7/4/2019,25:53.7,6.6688,3.1434,-14.1,G,1.403882522,"Ado Odo/Ota, Ogun, 112104, Nigeria",2019
7/4/2019,26:37.8,6.6598,3.1604,-9.8,G,1.116137634,"Ado Odo/Ota, Ogun, 112104, Nigeria",2019
7/4/2019,26:37.8,6.6689,3.1556,-15.1,G,0.056461816,"Covenant University, Idi-Iroko Road, Ado Odo/Ota, Ogun, 112104, Nigeria",2019
7/4/2019,26:46.5,6.6542,3.1463,-10.7,G,1.960079972,"Ado Odo/Ota, Ogun, 112104, Nigeria",2019
7/4/2019,27:26.0,6.6627,3.146,-7.7,C,1.311720278,"Ado Odo/Ota, Ogun, 112104, Nigeria",2019
7/4/2019,28:14.8,6.6775,3.1444,-8.8,G,1.609253216,"Ado Odo/Ota, Ogun, Nigeria",2019
7/4/2019,28:17.3,6.6704,3.1398,5.5,C,1.809257418,"Ado Odo/Ota, Ogun, 112104, Nigeria",2019
7/4/2019,28:28.4,6.6627,3.168,4.7,C,1.482456354,"Ado Odo/Ota, Ogun, 112104, Nigeria",2019
7/4/2019,29:10.3,6.6696,3.1545,-36.1,G,0.194713161,"Covenant University, Idi-Iroko Road, Ado Odo/Ota, Ogun, 112104, Nigeria",2019
7/4/2019,29:44.1,6.6657,3.1659,7.7,G,1.137778377,"Ado Odo/Ota, Ogun, 112104, Nigeria",2019
7/4/2019,30:05.3,6.6677,3.1427,-19,G,1.487047076,"Ado Odo/Ota, Ogun, 112104, Nigeria",2019
7/4/2019,30:10.1,6.6587,3.1645,-11.6,C,1.463552106,"Ado Odo/Ota, Ogun, 112104, Nigeria",2019
7/4/2019,30:16.4,6.665,3.1598,-5.4,C,0.59411771,"Idi-Iroko Road, Ado Odo/Ota, Ogun, 112104, Nigeria",2019
7/4/2019,30:16.4,6.6553,3.1676,10,C,1.973125655,"Ado Odo/Ota, Ogun, 112104, Nigeria",2019
7/4/2019,30:26.1,6.6769,3.1683,-10,C,1.614207401,"Ado Odo/Ota, Ogun, 112104, Nigeria",2019
7/4/2019,30:42.7,6.6638,3.1499,-8.4,C,0.889245252,"Ado Odo/Ota, Ogun, 112104, Nigeria",2019
7/4/2019,31:01.3,6.6595,3.1587,-21.4,G,1.082443302,"Ado Odo/Ota, Ogun, 112104, Nigeria",2019
7/4/2019,31:16.1,6.6622,3.1679,-13.7,G,1.499469751,"Ado Odo/Ota, Ogun, 112104, Nigeria",2019
7/4/2019,31:16.1,6.6642,3.1435,-6.5,C,1.487197911,"Ado Odo/Ota, Ogun, 112104, Nigeria",2019
7/4/2019,31:39.1,6.6624,3.1485,-6.8,G,1.107794966,"Ado Odo/Ota, Ogun, 112104, Nigeria",2019
7/4/2019,32:13.4,6.6669,3.1592,-34.1,G,0.40655829,"Covenant University, Idi-Iroko Road, Ado Odo/Ota, Ogun, 112104, Nigeria",2019
7/4/2019,32:13.4,6.6729,3.1485,-17.2,G,0.951586088,"Ado Odo/Ota, Ogun, 112104, Nigeria",2019
7/4/2019,33:04.7,6.6631,3.1556,-18.1,G,0.64616558,"proposed covenant university college of medcine, Ado Odo/Ota, Ogun, 112104, Nigeria",2019
7/4/2019,33:04.7,6.6615,3.1583,-22.4,G,0.856434766,"Ado Odo/Ota, Ogun, 112104, Nigeria",2019
7/4/2019,33:04.8,6.6614,3.1582,-12.8,G,0.864093713,"Ado Odo/Ota, Ogun, 112104, Nigeria",2019
7/4/2019,33:04.9,6.6571,3.1644,-8,C,1.598883502,"Ado Odo/Ota, Ogun, 112104, Nigeria",2019
7/4/2019,33:26.6,6.668,3.1675,14.9,C,1.261696845,"Ado Odo/Ota, Ogun, 112104, Nigeria",2019
7/4/2019,33:33.7,6.6554,3.153,-20.6,G,1.538750114,"Ado Odo/Ota, Ogun, 112104, Nigeria",2019
7/4/2019,33:55.6,6.6527,3.1542,-26.1,G,1.812454664,"Ado Odo/Ota, Ogun, 112104, Nigeria",2019
7/4/2019,34:27.5,6.6589,3.1593,-24.5,G,1.165214616,"Ado Odo/Ota, Ogun, 112104, Nigeria",2019
7/4/2019,34:45.6,6.6776,3.1711,-21.8,G,1.917963728,"Ado Odo/Ota, Ogun, 112104, Nigeria",2019
7/4/2019,35:49.5,6.6591,3.1496,-20.9,G,1.304568153,"Ado Odo/Ota, Ogun, 112104, Nigeria",2019
7/4/2019,36:11.1,6.6572,3.1554,-18.1,G,1.302115945,"proposed covenant university college of medcine, Ado Odo/Ota, Ogun, 112104, Nigeria",2019
7/4/2019,36:34.2,6.668,3.1636,10,G,0.832977879,"Ado Odo/Ota, Ogun, 112104, Nigeria",2019
7/4/2019,37:32.0,6.6606,3.1717,-13.9,G,1.95287493,"Ado Odo/Ota, Ogun, 112104, Nigeria",2019
7/4/2019,37:32.3,6.6683,3.1544,-9.6,C,0.200002714,"Covenant University, Idi-Iroko Road, Ado Odo/Ota, Ogun, 112104, Nigeria",2019
7/4/2019,37:39.9,6.6691,3.166,-9.6,C,1.092406393,"Ado Odo/Ota, Ogun, 112104, Nigeria",2019
7/4/2019,37:40.0,6.6574,3.1686,-14.7,G,1.880039708,"Ado Odo/Ota, Ogun, 112104, Nigeria",2019
7/4/2019,38:12.7,6.6862,3.1592,4.7,C,1.954902823,"Ado Odo/Ota, Ogun, 112104, Nigeria",2019
7/4/2019,38:30.6,6.6718,3.1388,-14.1,G,1.939087038,"Ado Odo/Ota, Ogun, 112104, Nigeria",2019
7/4/2019,38:32.1,6.6686,3.1692,20.7,G,1.44592789,"Ado Odo/Ota, Ogun, 112104, Nigeria",2019
7/4/2019,38:42.9,6.6808,3.161,17.1,C,1.430283484,"Ado Odo/Ota, Ogun, 112104, Nigeria",2019
7/4/2019,38:53.9,6.6825,3.1485,-12.9,G,1.731246312,"Ado Odo/Ota, Ogun, 112104, Nigeria",2019
7/4/2019,39:15.5,6.6648,3.1679,18,G,1.379102963,"Ado Odo/Ota, Ogun, 112104, Nigeria",2019
7/4/2019,39:34.1,6.6754,3.1542,7.9,C,0.754140926,"Covenant University, Idi-Iroko Road, Ado Odo/Ota, Ogun, 112104, Nigeria",2019
7/4/2019,40:17.5,6.6767,3.1638,-11.4,C,1.214695686,"Ado Odo/Ota, Ogun, 112104, Nigeria",2019
7/4/2019,41:27.2,6.6845,3.1495,-27.6,G,1.883179578,"Ado Odo/Ota, Ogun, 112104, Nigeria",2019
7/4/2019,41:33.8,6.6573,3.1684,-11.9,C,1.871533237,"Ado Odo/Ota, Ogun, 112104, Nigeria",2019
7/4/2019,42:03.1,6.6731,3.1433,-16.8,G,1.49035688,"Ado Odo/Ota, Ogun, 112104, Nigeria",2019
7/4/2019,42:16.7,6.6818,3.1444,-19.5,G,1.932341377,"Ado Odo/Ota, Ogun, 112104, Nigeria",2019
7/4/2019,42:34.7,6.6672,3.1417,-14.8,G,1.602643598,"Ado Odo/Ota, Ogun, 112104, Nigeria",2019
7/4/2019,42:44.2,6.6745,3.1676,24,G,1.413958425,"Ado Odo/Ota, Ogun, 112104, Nigeria",2019
7/4/2019,42:59.3,6.6671,3.1498,-7.2,G,0.724844333,"Ado Odo/Ota, Ogun, 112104, Nigeria",2019
7/4/2019,43:08.7,6.6667,3.1526,-12.3,C,0.457833237,"proposed covenant university college of medcine, Ado Odo/Ota, Ogun, 112104, Nigeria",2019
7/4/2019,43:14.9,6.6651,3.1463,-5.6,C,1.162591312,"Ado Odo/Ota, Ogun, 112104, Nigeria",2019
7/4/2019,43:26.8,6.6643,3.158,20.8,G,0.551259222,"Idi-Iroko Road, Ado Odo/Ota, Ogun, 112104, Nigeria",2019
7/4/2019,43:33.7,6.6571,3.1465,-10.5,G,1.686749553,"Ado Odo/Ota, Ogun, 112104, Nigeria",2019
7/4/2019,43:40.4,6.6737,3.1461,-11.5,G,1.228271071,"Ado Odo/Ota, Ogun, 112104, Nigeria",2019
7/4/2019,43:41.9,6.6707,3.1395,-13.5,G,1.8455905,"Ado Odo/Ota, Ogun, 112104, Nigeria",2019
7/4/2019,43:41.9,6.6606,3.1572,12.7,C,0.929495199,"Ado Odo/Ota, Ogun, 112104, Nigeria",2019
7/4/2019,44:23.9,6.6802,3.1491,14.5,C,1.476980134,"Ado Odo/Ota, Ogun, 112104, Nigeria",2019
7/4/2019,44:24.1,6.6717,3.1653,-10.1,G,1.061890114,"Ado Odo/Ota, Ogun, 112104, Nigeria",2019
7/4/2019,44:46.8,6.6678,3.1672,-36.6,G,1.230657526,"Ado Odo/Ota, Ogun, 112104, Nigeria",2019
7/4/2019,44:59.6,6.6713,3.1523,-8.9,G,0.499041725,"Covenant University, Idi-Iroko Road, Ado Odo/Ota, Ogun, 112104, Nigeria",2019
7/4/2019,45:05.1,6.6676,3.1718,7.6,C,1.73864054,"Ado Odo/Ota, Ogun, 112104, Nigeria",2019
7/4/2019,45:12.5,6.6558,3.1557,18.1,C,1.456126235,"proposed covenant university college of medcine, Ado Odo/Ota, Ogun, 112104, Nigeria",2019
7/4/2019,45:12.7,6.6546,3.1629,-6.1,C,1.756883886,"Ado Odo/Ota, Ogun, 112104, Nigeria",2019
7/4/2019,45:19.3,6.6587,3.1466,-12.4,C,1.544995552,"Ado Odo/Ota, Ogun, 112104, Nigeria",2019
7/4/2019,45:20.9,6.6549,3.1593,-12.7,G,1.59486711,"Ado Odo/Ota, Ogun, 112104, Nigeria",2019
7/4/2019,45:39.8,6.6638,3.143,-14.7,G,1.5546682,"Ado Odo/Ota, Ogun, 112104, Nigeria",2019
7/4/2019,45:49.3,6.678,3.1651,14.4,C,1.418427494,"Ado Odo/Ota, Ogun, 112104, Nigeria",2019
7/4/2019,45:58.0,6.6796,3.1568,-9.8,C,1.193448659,"Idi-Iroko Road, Ado Odo/Ota, Ogun, 112104, Nigeria",2019
7/4/2019,45:58.1,6.6841,3.1625,-9.5,C,1.832673346,"Ado Odo/Ota, Ogun, 112104, Nigeria",2019
7/4/2019,46:19.4,6.6821,3.1589,15.7,C,1.500951244,"Idi-Iroko Road, Ado Odo/Ota, Ogun, 112104, Nigeria",2019
7/4/2019,46:32.6,6.665,3.1703,-7.8,C,1.625632082,"Ado Odo/Ota, Ogun, 112104, Nigeria",2019
7/4/2019,46:32.8,6.6609,3.1596,-8.5,C,0.968294909,"Ado Odo/Ota, Ogun, 112104, Nigeria",2019
7/4/2019,46:47.1,6.6838,3.1564,-11.3,C,1.658346727,"Ado Odo/Ota, Ogun, 112104, Nigeria",2019
7/4/2019,46:55.8,6.6658,3.1595,-6.8,C,0.5079917,"Idi-Iroko Road, Ado Odo/Ota, Ogun, 112104, Nigeria",2019
7/4/2019,47:09.8,6.6796,3.1617,-12.7,G,1.341462685,"Ado Odo/Ota, Ogun, 112104, Nigeria",2019
7/4/2019,47:39.3,6.6568,3.1583,-16,G,1.365788777,"Ado Odo/Ota, Ogun, 112104, Nigeria",2019
7/4/2019,48:01.7,6.6685,3.1562,22.6,G,0.044342985,"Covenant University, Idi-Iroko Road, Ado Odo/Ota, Ogun, 112104, Nigeria",2019
7/4/2019,48:01.7,6.6589,3.1624,18.4,C,1.310003955,"Ado Odo/Ota, Ogun, 112104, Nigeria",2019
7/4/2019,48:06.7,6.673,3.168,-21.7,G,1.390334606,"Ado Odo/Ota, Ogun, 112104, Nigeria",2019
7/4/2019,48:07.0,6.6837,3.1609,9.8,C,1.729760195,"Ado Odo/Ota, Ogun, 112104, Nigeria",2019
7/4/2019,48:13.8,6.6606,3.1456,-13,G,1.482278579,"Ado Odo/Ota, Ogun, 112104, Nigeria",2019
7/4/2019,48:34.4,6.6541,3.1557,-43.8,G,1.645076252,"Ado Odo/Ota, Ogun, 112104, Nigeria",2019
7/4/2019,48:34.6,6.6734,3.1665,-39.2,G,1.252227591,"Ado Odo/Ota, Ogun, 112104, Nigeria",2019
7/4/2019,48:45.0,6.6668,3.1413,-21.9,G,1.65218914,"Ado Odo/Ota, Ogun, 112104, Nigeria",2019
7/4/2019,49:02.4,6.6809,3.1652,-31.3,G,1.670733259,"A5-1, Otta, Ado Odo/Ota, Ogun, 112104, Nigeria",2019
7/4/2019,49:02.4,6.6678,3.1625,-16,G,0.715919147,"Ado Odo/Ota, Ogun, 112104, Nigeria",2019
7/4/2019,49:04.1,6.6604,3.1466,-27.1,G,1.412236882,"Ado Odo/Ota, Ogun, 112104, Nigeria",2019
7/4/2019,50:01.2,6.6839,3.164,-10,C,1.882864712,"Ado Odo/Ota, Ogun, 112104, Nigeria",2019
7/4/2019,50:04.5,6.6527,3.1516,-11.5,C,1.86779836,"Ado Odo/Ota, Ogun, 112104, Nigeria",2019
7/4/2019,50:12.3,6.6674,3.1607,13.2,C,0.533165124,"Covenant University, Idi-Iroko Road, Ado Odo/Ota, Ogun, 112104, Nigeria",2019
7/4/2019,50:34.8,6.6522,3.16,-20,G,1.904776103,"Ado Odo/Ota, Ogun, 112104, Nigeria",2019
7/4/2019,50:57.6,6.6764,3.1452,-9.1,G,1.466178766,"Ado Odo/Ota, Ogun, 112104, Nigeria",2019
7/4/2019,51:00.0,6.6682,3.1394,12.5,C,1.847208111,"Ado Odo/Ota, Ogun, 112104, Nigeria",2019
7/4/2019,51:19.9,6.6562,3.1595,29.2,G,1.459739584,"Ado Odo/Ota, Ogun, 112104, Nigeria",2019
7/4/2019,51:19.9,6.6533,3.1521,-15.4,G,1.789119165,"Ado Odo/Ota, Ogun, 112104, Nigeria",2019
7/4/2019,51:21.7,6.6558,3.1522,-29.4,G,1.518166797,"Ado Odo/Ota, Ogun, 112104, Nigeria",2019
7/4/2019,51:21.8,6.6622,3.1519,-34.4,G,0.877212916,"Ado Odo/Ota, Ogun, 112104, Nigeria",2019
7/4/2019,51:32.6,6.6529,3.1538,9.9,C,1.79611293,"Ado Odo/Ota, Ogun, 112104, Nigeria",2019
7/4/2019,51:35.4,6.6625,3.1496,-22.3,G,1.010842367,"Ado Odo/Ota, Ogun, 112104, Nigeria",2019
7/4/2019,51:35.4,6.6604,3.1522,-16.2,G,1.038062833,"proposed covenant university college of medcine, Ado Odo/Ota, Ogun, 112104, Nigeria",2019
7/4/2019,51:35.4,6.6669,3.15,-16.3,G,0.710237395,"Ado Odo/Ota, Ogun, 112104, Nigeria",2019
7/4/2019,51:42.7,6.6539,3.1576,9.8,C,1.674780862,"Ado Odo/Ota, Ogun, 112104, Nigeria",2019
7/4/2019,51:42.8,6.6586,3.1605,14.3,C,1.242521733,"Ado Odo/Ota, Ogun, 112104, Nigeria",2019
7/4/2019,51:51.4,6.6695,3.163,-12.9,G,0.763854726,"Ado Odo/Ota, Ogun, 112104, Nigeria",2019
7/4/2019,51:51.4,6.6598,3.1433,-16.1,G,1.738777205,"Ado Odo/Ota, Ogun, 112104, Nigeria",2019
7/4/2019,51:56.4,6.6827,3.1576,-13.7,C,1.544503513,"Ado Odo/Ota, Ogun, 112104, Nigeria",2019
7/4/2019,51:56.9,6.6546,3.1605,-30.1,G,1.661147647,"Ado Odo/Ota, Ogun, 112104, Nigeria",2019
7/4/2019,52:14.8,6.6643,3.1633,25.3,G,0.943792403,"Anjorin Street, Ado Odo/Ota, Ogun, 112104, Nigeria",2019
7/4/2019,52:27.9,6.6801,3.1699,-17.8,G,1.968036943,"A5-1, Otta, Ado Odo/Ota, Ogun, 112104, Nigeria",2019
7/4/2019,52:36.2,6.6684,3.171,-11.9,G,1.645266378,"Ado Odo/Ota, Ogun, 112104, Nigeria",2019
7/4/2019,53:12.6,6.6564,3.1518,8.4,G,1.4680588,"Ado Odo/Ota, Ogun, 112104, Nigeria",2019
7/4/2019,53:17.6,6.6606,3.1654,24.9,G,1.379117244,"Ado Odo/Ota, Ogun, 112104, Nigeria",2019
7/4/2019,53:23.5,6.6743,3.1705,19.1,G,1.699230799,"Ado Odo/Ota, Ogun, 112104, Nigeria",2019
7/4/2019,53:49.8,6.654,3.1617,-11.9,C,1.766895474,"Ado Odo/Ota, Ogun, 112104, Nigeria",2019
7/4/2019,54:09.9,6.6648,3.156,-36,G,0.454829394,"proposed covenant university college of medcine, Ado Odo/Ota, Ogun, 112104, Nigeria",2019
7/4/2019,54:10.0,6.6587,3.1494,-55.2,G,1.353868355,"Ado Odo/Ota, Ogun, 112104, Nigeria",2019
7/4/2019,54:10.1,6.659,3.1562,-23.4,G,1.099638223,"proposed covenant university college of medcine, Ado Odo/Ota, Ogun, 112104, Nigeria",2019
7/4/2019,54:10.2,6.6662,3.1523,-28.2,G,0.516295202,"proposed covenant university college of medcine, Ado Odo/Ota, Ogun, 112104, Nigeria",2019
7/4/2019,54:10.2,6.6634,3.1483,-20,G,1.056756525,"Ado Odo/Ota, Ogun, 112104, Nigeria",2019
7/4/2019,54:18.9,6.6651,3.1726,-15.7,G,1.869181407,"Ado Odo/Ota, Ogun, 112104, Nigeria",2019
7/4/2019,54:26.1,6.6707,3.1618,-9.4,G,0.659780516,"Covenant University, Idi-Iroko Road, Ado Odo/Ota, Ogun, 112104, Nigeria",2019
7/4/2019,54:58.5,6.6586,3.1519,-15.5,G,1.234994299,"Ado Odo/Ota, Ogun, 112104, Nigeria",2019
7/4/2019,54:59.7,6.6525,3.1538,-7.9,G,1.840150346,"Ado Odo/Ota, Ogun, 112104, Nigeria",2019
7/4/2019,55:16.2,6.6621,3.1499,14.2,C,1.02001065,"Ado Odo/Ota, Ogun, 112104, Nigeria",2019
7/4/2019,55:33.4,6.6752,3.162,10.8,C,0.956799845,"Covenant University, Idi-Iroko Road, Ado Odo/Ota, Ogun, 112104, Nigeria",2019
7/4/2019,56:02.4,6.6835,3.1487,-25,G,1.819207212,"Ado Odo/Ota, Ogun, 112104, Nigeria",2019
7/4/2019,56:02.6,6.6721,3.1637,15.3,C,0.911021069,"Ado Odo/Ota, Ogun, 112104, Nigeria",2019
7/4/2019,56:30.1,6.6672,3.1739,-19.2,G,1.973609084,"Ado Odo/Ota, Ogun, 112104, Nigeria",2019
7/4/2019,56:30.1,6.6793,3.1666,-26,G,1.637709044,"Ado Odo/Ota, Ogun, 112104, Nigeria",2019
7/4/2019,56:30.2,6.6775,3.1684,-19.9,G,1.660973538,"Ado Odo/Ota, Ogun, 112104, Nigeria",2019
7/4/2019,56:30.3,6.6794,3.1653,-13.6,C,1.547882115,"Ado Odo/Ota, Ogun, 112104, Nigeria",2019
7/4/2019,56:56.5,6.679,3.1448,-13.7,C,1.680654095,"Ado Odo/Ota, Ogun, 112104, Nigeria",2019
7/4/2019,57:06.4,6.6639,3.1405,-8.6,G,1.811185728,"Ado Odo/Ota, Ogun, 112104, Nigeria",2019
7/4/2019,57:29.4,6.6709,3.1716,-8.8,C,1.725184232,"Ado Odo/Ota, Ogun, 112104, Nigeria",2019
7/4/2019,57:29.5,6.6747,3.1727,-7.5,C,1.942717875,"Ado Odo/Ota, Ogun, 112104, Nigeria",2019
7/4/2019,57:29.7,6.671,3.1685,-9.1,C,1.388248762,"Ado Odo/Ota, Ogun, 112104, Nigeria",2019
7/4/2019,57:34.6,6.6663,3.1506,10.3,C,0.673305493,"Ado Odo/Ota, Ogun, 112104, Nigeria",2019
7/4/2019,57:46.7,6.6769,3.1708,-18,G,1.850745926,"Ado Odo/Ota, Ogun, 112104, Nigeria",2019
7/4/2019,58:09.6,6.6703,3.1646,-12.1,G,0.950573068,"Ado Odo/Ota, Ogun, 112104, Nigeria",2019
7/4/2019,58:09.7,6.6799,3.1592,-9.4,G,1.271016357,"Ado Odo/Ota, Ogun, 112104, Nigeria",2019
7/4/2019,58:14.7,6.6608,3.1525,11.3,C,0.983899834,"proposed covenant university college of medcine, Ado Odo/Ota, Ogun, 112104, Nigeria",2019
7/4/2019,58:26.0,6.6786,3.1685,-15.9,G,1.743021811,"Ado Odo/Ota, Ogun, 112104, Nigeria",2019
7/4/2019,58:27.3,6.6656,3.1611,23,G,0.661309047,"Idi-Iroko Road, Ado Odo/Ota, Ogun, 112104, Nigeria",2019
7/4/2019,58:27.3,6.6555,3.1552,12.1,C,1.492173455,"proposed covenant university college of medcine, Ado Odo/Ota, Ogun, 112104, Nigeria",2019
7/4/2019,58:28.7,6.6801,3.1656,-22.7,G,1.628585035,"A5-1, Otta, Ado Odo/Ota, Ogun, 112104, Nigeria",2019
7/4/2019,58:30.7,6.6532,3.1475,-10.3,G,1.986922302,"Ado Odo/Ota, Ogun, 112104, Nigeria",2019
7/4/2019,58:34.0,6.6646,3.1676,-22,G,1.355530298,"Ado Odo/Ota, Ogun, 112104, Nigeria",2019
7/4/2019,58:51.4,6.6744,3.1602,-6.3,G,0.761223998,"Covenant University, Idi-Iroko Road, Ado Odo/Ota, Ogun, 112104, Nigeria",2019
7/4/2019,59:03.4,6.677,3.1651,-27,G,1.341267189,"Ado Odo/Ota, Ogun, 112104, Nigeria",2019
7/4/2019,59:17.3,6.6616,3.1469,23.1,G,1.300692893,"Ado Odo/Ota, Ogun, 112104, Nigeria",2019
7/4/2019,59:30.7,6.6778,3.1507,-18,C,1.157135785,"Ado Odo/Ota, Ogun, 112104, Nigeria",2019
7/4/2019,59:35.8,6.664,3.1397,14.5,C,1.892262515,"Ado Odo/Ota, Ogun, 112104, Nigeria",2019
7/4/2019,00:02.2,6.6685,3.1412,8.4,C,1.647389536,"Ado Odo/Ota, Ogun, 112104, Nigeria",2019
7/4/2019,00:09.0,6.6796,3.1444,-17.9,G,1.758235262,"Ado Odo/Ota, Ogun, 112104, Nigeria",2019
7/4/2019,00:44.3,6.6771,3.1568,-12.7,C,0.916198213,"Ado Odo/Ota, Ogun, 112104, Nigeria",2019
7/4/2019,00:50.0,6.6727,3.1541,-18.4,G,0.478455435,"Covenant University, Idi-Iroko Road, Ado Odo/Ota, Ogun, 112104, Nigeria",2019
7/4/2019,00:50.2,6.6777,3.1441,-11.1,G,1.649115637,"Ado Odo/Ota, Ogun, Nigeria",2019
7/4/2019,01:43.3,6.6576,3.1666,-13.5,G,1.708116973,"Ado Odo/Ota, Ogun, 112104, Nigeria",2019
7/4/2019,01:52.4,6.6647,3.147,-9.8,G,1.108832988,"Ado Odo/Ota, Ogun, 112104, Nigeria",2019
7/4/2019,02:15.7,6.667,3.1588,-25.5,G,0.363737508,"Covenant University, Idi-Iroko Road, Ado Odo/Ota, Ogun, 112104, Nigeria",2019
7/4/2019,02:45.7,6.6705,3.1463,22.2,G,1.0982719,"Ado Odo/Ota, Ogun, 112104, Nigeria",2019
7/4/2019,02:48.8,6.6669,3.1554,16.2,C,0.23468566,"Covenant University, Idi-Iroko Road, Ado Odo/Ota, Ogun, 112104, Nigeria",2019
7/4/2019,03:06.6,6.6782,3.1414,10.1,C,1.926564857,"Ado Odo/Ota, Ogun, Nigeria",2019
7/4/2019,03:44.7,6.6812,3.144,16.3,G,1.913911774,"Ado Odo/Ota, Ogun, 112104, Nigeria",2019
7/4/2019,03:47.9,6.6651,3.1416,-27.7,G,1.657101849,"Ado Odo/Ota, Ogun, 112104, Nigeria",2019
7/4/2019,04:40.5,6.6705,3.1737,-7.1,C,1.95080214,"Ado Odo/Ota, Ogun, 112104, Nigeria",2019
7/4/2019,04:49.0,6.6689,3.1695,-8.6,G,1.478703861,"Ado Odo/Ota, Ogun, 112104, Nigeria",2019
7/4/2019,04:58.2,6.668,3.1619,11.6,C,0.646935514,"Ado Odo/Ota, Ogun, 112104, Nigeria",2019
7/4/2019,04:58.2,6.6574,3.1664,19.2,G,1.709766541,"Ado Odo/Ota, Ogun, 112104, Nigeria",2019
7/4/2019,04:58.3,6.6819,3.166,12.8,C,1.812708268,"A5-1, Otta, Ado Odo/Ota, Ogun, 112104, Nigeria",2019
7/4/2019,05:42.2,6.6735,3.1537,-17.3,G,0.577757215,"Covenant University, Idi-Iroko Road, Ado Odo/Ota, Ogun, 112104, Nigeria",2019
7/4/2019,06:54.1,6.6588,3.156,-6.5,G,1.121900498,"proposed covenant university college of medcine, Ado Odo/Ota, Ogun, 112104, Nigeria",2019
7/4/2019,07:03.9,6.6784,3.1465,12.8,C,1.498398915,"Ado Odo/Ota, Ogun, 112104, Nigeria",2019
7/4/2019,07:11.6,6.6698,3.1393,-19.1,G,1.859422408,"Ado Odo/Ota, Ogun, 112104, Nigeria",2019
7/4/2019,07:36.5,6.6607,3.1428,-12,G,1.729275502,"Ado Odo/Ota, Ogun, 112104, Nigeria",2019
7/4/2019,08:02.6,6.6666,3.141,-10.2,C,1.688209001,"Ado Odo/Ota, Ogun, 112104, Nigeria",2019
7/4/2019,08:25.6,6.6628,3.1663,37.1,G,1.313273995,"Ado Odo/Ota, Ogun, 112104, Nigeria",2019
7/4/2019,08:27.3,6.6647,3.1718,-21.4,G,1.794241547,"Ado Odo/Ota, Ogun, 112104, Nigeria",2019
7/4/2019,08:27.5,6.6699,3.1573,-18.4,G,0.172862066,"Covenant University, Idi-Iroko Road, Ado Odo/Ota, Ogun, 112104, Nigeria",2019
7/4/2019,08:28.0,6.6613,3.1462,-15.2,G,1.382122396,"Ado Odo/Ota, Ogun, 112104, Nigeria",2019
7/4/2019,08:33.6,6.675,3.1523,-10.4,C,0.799321855,"Ado Odo/Ota, Ogun, 112104, Nigeria",2019
7/4/2019,09:05.8,6.6681,3.1485,-5,C,0.845155873,"Ado Odo/Ota, Ogun, 112104, Nigeria",2019
7/4/2019,09:11.6,6.6752,3.147,-5.7,C,1.22678714,"Ado Odo/Ota, Ogun, 112104, Nigeria",2019
7/4/2019,09:11.7,6.6728,3.142,-8.2,C,1.618003329,"Ado Odo/Ota, Ogun, 112104, Nigeria",2019
7/4/2019,09:36.5,6.6654,3.1521,-10.3,C,0.588855465,"proposed covenant university college of medcine, Ado Odo/Ota, Ogun, 112104, Nigeria",2019
7/4/2019,09:36.6,6.6618,3.1488,-13.1,C,1.128420711,"Ado Odo/Ota, Ogun, 112104, Nigeria",2019
7/4/2019,09:42.7,6.6722,3.1521,-31.5,G,0.576021501,"Covenant University, Idi-Iroko Road, Ado Odo/Ota, Ogun, 112104, Nigeria",2019
7/4/2019,09:42.9,6.6708,3.1567,-34.5,G,0.222235643,"Covenant University, Idi-Iroko Road, Ado Odo/Ota, Ogun, 112104, Nigeria",2019
7/4/2019,09:43.0,6.6796,3.1603,-17.6,G,1.27771464,"Ado Odo/Ota, Ogun, 112104, Nigeria",2019
7/4/2019,10:28.3,6.6618,3.1517,-46.2,G,0.926648853,"Ado Odo/Ota, Ogun, 112104, Nigeria",2019
7/4/2019,11:01.5,6.6767,3.1493,-104.5,G,1.149016909,"Ado Odo/Ota, Ogun, 112104, Nigeria",2019
7/4/2019,11:56.1,6.6729,3.1619,-25.4,G,0.779539331,"Covenant University, Idi-Iroko Road, Ado Odo/Ota, Ogun, 112104, Nigeria",2019
7/4/2019,12:39.9,6.675,3.1659,15.9,C,1.276925202,"Ado Odo/Ota, Ogun, 112104, Nigeria",2019
7/4/2019,13:11.9,6.6592,3.1589,-13.5,G,1.120521332,"Ado Odo/Ota, Ogun, 112104, Nigeria",2019
7/4/2019,15:05.9,6.6811,3.1452,-9.2,C,1.815425324,"Ado Odo/Ota, Ogun, 112104, Nigeria",2019
7/4/2019,15:29.1,6.6686,3.1726,15.5,C,1.821359149,"Ado Odo/Ota, Ogun, 112104, Nigeria",2019
7/4/2019,15:33.5,6.668,3.1615,-12.6,G,0.603314845,"Covenant University, Idi-Iroko Road, Ado Odo/Ota, Ogun, 112104, Nigeria",2019
7/4/2019,16:26.5,6.6683,3.1498,17.5,C,0.700084697,"Ado Odo/Ota, Ogun, 112104, Nigeria",2019
7/4/2019,17:15.8,6.6768,3.1608,-65.1,G,1.020782086,"Covenant University, Idi-Iroko Road, Ado Odo/Ota, Ogun, 112104, Nigeria",2019
7/4/2019,17:15.9,6.6752,3.1629,-18.7,G,1.026955859,"A5-1, Otta, Ado Odo/Ota, Ogun, 112104, Nigeria",2019
7/4/2019,17:15.9,6.6821,3.1605,-31.1,G,1.546910826,"Idi-Iroko Road, Otta, Ado Odo/Ota, Ogun, 112104, Nigeria",2019
7/4/2019,17:16.3,6.6861,3.1568,-35.5,G,1.915299802,"Ado Odo/Ota, Ogun, 112104, Nigeria",2019
7/4/2019,18:45.8,6.6549,3.1672,-10.3,G,1.979762005,"Ado Odo/Ota, Ogun, 112104, Nigeria",2019
7/4/2019,18:57.6,6.6724,3.1434,-22.5,G,1.457120406,"Ado Odo/Ota, Ogun, 112104, Nigeria",2019
7/4/2019,19:46.1,6.6549,3.1493,-26.9,G,1.727841477,"Ado Odo/Ota, Ogun, 112104, Nigeria",2019
7/4/2019,20:06.9,6.6609,3.1575,-23.6,G,0.90147061,"Ado Odo/Ota, Ogun, 112104, Nigeria",2019
7/4/2019,21:38.6,6.6618,3.165,-12.3,C,1.259010679,"Anjorin Street, Ado Odo/Ota, Ogun, 112104, Nigeria",2019
7/4/2019,22:08.4,6.6637,3.1407,-10.5,C,1.797187615,"Ado Odo/Ota, Ogun, 112104, Nigeria",2019
7/4/2019,23:01.5,6.6677,3.1382,-11.1,C,1.982563789,"Ado Odo/Ota, Ogun, 112104, Nigeria",2019
7/4/2019,25:50.4,6.6519,3.1577,13.9,C,1.897211584,"Ado Odo/Ota, Ogun, 112104, Nigeria",2019
7/4/2019,34:31.7,6.668,3.1738,-10.8,G,1.956106904,"Ado Odo/Ota, Ogun, 112104, Nigeria",2019
7/4/2019,38:42.9,6.6683,3.1607,-13.5,G,0.51102181,"Covenant University, Idi-Iroko Road, Ado Odo/Ota, Ogun, 112104, Nigeria",2019
9/4/2019,55:27.4,6.684,3.165,-16.4,G,1.946038306,"Ado Odo/Ota, Ogun, 112104, Nigeria",2019
12/4/2019,11:04.1,6.6686,3.1461,6.2,C,1.106119545,"Ado Odo/Ota, Ogun, 112104, Nigeria",2019
12/4/2019,25:59.8,6.6819,3.1685,-17,G,1.991288434,"A5-1, Otta, Ado Odo/Ota, Ogun, 112104, Nigeria",2019
13/04/2019,12:26.6,6.6827,3.1458,-7.5,C,1.911870315,"Idi-Iroko Road, Ado Odo/Ota, Ogun, 112104, Nigeria",2019
13/04/2019,27:18.5,6.6784,3.1587,5.7,C,1.095555288,"Ado Odo/Ota, Ogun, 112104, Nigeria",2019
23/04/2019,19:01.5,6.672,3.1578,7.3,C,0.393021276,"Covenant University, Idi-Iroko Road, Ado Odo/Ota, Ogun, 112104, Nigeria",2019
23/04/2019,21:28.1,6.6667,3.1544,15.6,G,0.308145652,"proposed covenant university college of medcine, Ado Odo/Ota, Ogun, 112104, Nigeria",2019
23/04/2019,29:34.5,6.6555,3.156,14.4,C,1.488827215,"proposed covenant university college of medcine, Ado Odo/Ota, Ogun, 112104, Nigeria",2019
23/04/2019,36:27.8,6.6769,3.1434,12,C,1.662609758,"Ado Odo/Ota, Ogun, Nigeria",2019
23/04/2019,41:24.6,6.68,3.1419,-4.1,G,1.99744042,"Ado Odo/Ota, Ogun, 112104, Nigeria",2019
23/04/2019,43:29.1,6.6738,3.1502,-4.4,C,0.851121751,"Ado Odo/Ota, Ogun, 112104, Nigeria",2019
23/04/2019,44:47.8,6.6771,3.169,10.2,C,1.691123276,"Ado Odo/Ota, Ogun, 112104, Nigeria",2019
23/04/2019,46:16.7,6.6666,3.1573,-12.7,C,0.286387293,"Covenant University, Idi-Iroko Road, Ado Odo/Ota, Ogun, 112104, Nigeria",2019
23/04/2019,46:24.4,6.6776,3.1696,-21.6,G,1.776951032,"Ado Odo/Ota, Ogun, 112104, Nigeria",2019
23/04/2019,46:41.5,6.6581,3.1648,-9.9,C,1.536263276,"Ado Odo/Ota, Ogun, 112104, Nigeria",2019
23/04/2019,47:22.0,6.6795,3.1703,-30.4,G,1.961576794,"Ado Odo/Ota, Ogun, 112104, Nigeria",2019
23/04/2019,47:51.5,6.6675,3.1704,-24.9,G,1.585642737,"Ado Odo/Ota, Ogun, 112104, Nigeria",2019
23/04/2019,49:37.3,6.6591,3.152,-13.6,C,1.179379266,"proposed covenant university college of medcine, Ado Odo/Ota, Ogun, 112104, Nigeria",2019
23/04/2019,49:42.0,6.6826,3.1646,-24.5,G,1.789796059,"Ado Odo/Ota, Ogun, 112104, Nigeria",2019
23/04/2019,49:42.1,6.6633,3.167,-26.1,G,1.353685242,"Ado Odo/Ota, Ogun, 112104, Nigeria",2019
23/04/2019,51:24.7,6.658,3.1575,8.8,C,1.220467367,"proposed covenant university college of medcine, Ado Odo/Ota, Ogun, 112104, Nigeria",2019
23/04/2019,52:23.0,6.6743,3.1558,12.8,C,0.602668239,"Covenant University, Idi-Iroko Road, Ado Odo/Ota, Ogun, 112104, Nigeria",2019
23/04/2019,52:42.0,6.6801,3.1656,-14.4,G,1.628585035,"A5-1, Otta, Ado Odo/Ota, Ogun, 112104, Nigeria",2019
23/04/2019,52:44.6,6.653,3.1561,-5.9,G,1.766764384,"Ado Odo/Ota, Ogun, 112104, Nigeria",2019
23/04/2019,53:47.5,6.6585,3.1506,5.5,C,1.305735216,"Ado Odo/Ota, Ogun, 112104, Nigeria",2019
23/04/2019,54:00.0,6.676,3.1699,9.6,C,1.715916113,"Ado Odo/Ota, Ogun, 112104, Nigeria",2019
23/04/2019,54:52.6,6.6696,3.1651,-9.1,C,0.995899364,"Ado Odo/Ota, Ogun, 112104, Nigeria",2019
23/04/2019,55:14.9,6.6749,3.1614,-8.3,C,0.887668568,"Covenant University, Idi-Iroko Road, Ado Odo/Ota, Ogun, 112104, Nigeria",2019
23/04/2019,57:15.2,6.6587,3.1482,7.2,C,1.430730744,"Ado Odo/Ota, Ogun, 112104, Nigeria",2019
23/04/2019,57:21.1,6.6808,3.1478,9.5,G,1.611428417,"Ado Odo/Ota, Ogun, 112104, Nigeria",2019
23/04/2019,57:57.0,6.6606,3.1615,-9.5,C,1.097143314,"Ado Odo/Ota, Ogun, 112104, Nigeria",2019
23/04/2019,57:57.1,6.6669,3.1589,-21.5,G,0.379184893,"Covenant University, Idi-Iroko Road, Ado Odo/Ota, Ogun, 112104, Nigeria",2019
23/04/2019,57:57.3,6.6721,3.1546,-8.8,G,0.394136535,"Mary Hall, Idi-Iroko Road, Ado Odo/Ota, Ogun, 112104, Nigeria",2019
23/04/2019,58:25.0,6.6655,3.1457,-11.4,G,1.210006756,"Ado Odo/Ota, Ogun, 112104, Nigeria",2019
23/04/2019,59:27.0,6.6657,3.1692,18.6,C,1.48842899,"Ado Odo/Ota, Ogun, 112104, Nigeria",2019
23/04/2019,59:29.8,6.6579,3.1537,-15.3,G,1.25058893,"proposed covenant university college of medcine, Ado Odo/Ota, Ogun, 112104, Nigeria",2019
23/04/2019,00:19.2,6.6784,3.1701,-15.4,G,1.87226419,"Ado Odo/Ota, Ogun, 112104, Nigeria",2019
23/04/2019,01:27.6,6.6816,3.168,-5.6,G,1.929185971,"A5-1, Otta, Ado Odo/Ota, Ogun, 112104, Nigeria",2019
23/04/2019,02:44.1,6.6781,3.1712,-6.5,C,1.956033457,"Ado Odo/Ota, Ogun, 112104, Nigeria",2019
23/04/2019,02:44.2,6.6662,3.1628,8.6,C,0.796952104,"Ado Odo/Ota, Ogun, 112104, Nigeria",2019
23/04/2019,02:47.9,6.6561,3.1687,-5.1,C,1.988812552,"Ado Odo/Ota, Ogun, 112104, Nigeria",2019
23/04/2019,04:03.5,6.6675,3.1408,-15.8,G,1.698038339,"Ado Odo/Ota, Ogun, 112104, Nigeria",2019
23/04/2019,04:14.7,6.6675,3.1659,-19.3,G,1.092086702,"Ado Odo/Ota, Ogun, 112104, Nigeria",2019
23/04/2019,04:14.8,6.6595,3.164,-20.7,G,1.35979934,"Ado Odo/Ota, Ogun, 112104, Nigeria",2019
23/04/2019,04:37.5,6.6649,3.16,20.4,G,0.617415951,"Idi-Iroko Road, Ado Odo/Ota, Ogun, 112104, Nigeria",2019
23/04/2019,05:54.5,6.6624,3.154,-7.1,C,0.758268123,"Ado Odo/Ota, Ogun, 112104, Nigeria",2019
23/04/2019,06:26.6,6.6838,3.1494,-19.9,G,1.816162184,"Ado Odo/Ota, Ogun, 112104, Nigeria",2019
23/04/2019,06:53.7,6.6533,3.1548,21.4,G,1.739443286,"Ado Odo/Ota, Ogun, 112104, Nigeria",2019
23/04/2019,07:22.9,6.6667,3.1514,-25,G,0.574422353,"Ado Odo/Ota, Ogun, 112104, Nigeria",2019
23/04/2019,13:26.1,6.6601,3.146,-18.4,G,1.483950991,"Ado Odo/Ota, Ogun, 112104, Nigeria",2019
24/04/2019,43:20.3,6.6603,3.1451,-13.6,G,1.546291317,"Ado Odo/Ota, Ogun, 112104, Nigeria",2019
24/04/2019,59:57.2,6.6625,3.1502,9.2,C,0.964825704,"Ado Odo/Ota, Ogun, 112104, Nigeria",2019
24/04/2019,03:52.3,6.669,3.1475,-18.7,G,0.951113221,"Ado Odo/Ota, Ogun, 112104, Nigeria",2019
24/04/2019,06:49.5,6.6651,3.156,5.3,C,0.421484021,"proposed covenant university college of medcine, Ado Odo/Ota, Ogun, 112104, Nigeria",2019
24/04/2019,17:09.6,6.6811,3.1592,28,G,1.400012291,"Ado Odo/Ota, Ogun, 112104, Nigeria",2019
25/04/2019,06:15.7,6.6672,3.1599,16.7,C,0.458663606,"Covenant University, Idi-Iroko Road, Ado Odo/Ota, Ogun, 112104, Nigeria",2019
3/5/2019,33:32.1,6.6795,3.1627,-9.5,G,1.386252049,"Ado Odo/Ota, Ogun, 112104, Nigeria",2019
3/5/2019,34:29.5,6.6859,3.1581,-15.1,G,1.904259992,"Ado Odo/Ota, Ogun, 112104, Nigeria",2019
3/5/2019,38:51.4,6.6824,3.1488,8,C,1.705601442,"Ado Odo/Ota, Ogun, 112104, Nigeria",2019
3/5/2019,46:26.5,6.681,3.1523,-7.4,C,1.410937456,"Idi-Iroko Road, Ado Odo/Ota, Ogun, 112104, Nigeria",2019
3/5/2019,07:11.6,6.677,3.1451,7.2,C,1.514038477,"Ado Odo/Ota, Ogun, Nigeria",2019
9/5/2019,01:48.4,6.6652,3.1536,-4.4,C,0.495143257,"proposed covenant university college of medcine, Ado Odo/Ota, Ogun, 112104, Nigeria",2019
9/5/2019,02:58.5,6.6851,3.1602,-14.9,G,1.858296725,"Ado Odo/Ota, Ogun, 112104, Nigeria",2019
9/5/2019,04:56.5,6.6859,3.1548,10.7,C,1.897083314,"Isale, Ado Odo/Ota, Ogun, 112104, Nigeria",2019
9/5/2019,06:55.7,6.6834,3.1567,5.6,C,1.614872009,"Ado Odo/Ota, Ogun, 112104, Nigeria",2019
9/5/2019,11:45.1,6.6743,3.144,-10,C,1.466674617,"Ado Odo/Ota, Ogun, 112104, Nigeria",2019
9/5/2019,12:20.2,6.6745,3.1639,3.1,C,1.062668068,"A5-1, Otta, Ado Odo/Ota, Ogun, 112104, Nigeria",2019
9/5/2019,17:48.8,6.6688,3.171,-14.5,G,1.644397065,"Ado Odo/Ota, Ogun, 112104, Nigeria",2019
9/5/2019,18:30.8,6.6804,3.1473,-7.3,C,1.607882017,"Ado Odo/Ota, Ogun, 112104, Nigeria",2019
9/5/2019,29:10.5,6.6578,3.1461,-10.5,C,1.656156482,"Ado Odo/Ota, Ogun, 112104, Nigeria",2019
9/5/2019,30:58.3,6.6792,3.1471,25.1,G,1.518217189,"Ado Odo/Ota, Ogun, 112104, Nigeria",2019
11/5/2019,48:56.3,6.6602,3.1413,-8.5,C,1.89981048,"Ado Odo/Ota, Ogun, 112104, Nigeria",2019
11/5/2019,49:43.4,6.6799,3.1524,-15.3,G,1.291158576,"Ado Odo/Ota, Ogun, 112104, Nigeria",2019
11/5/2019,52:33.0,6.6829,3.1662,-8.9,C,1.915399337,"Ado Odo/Ota, Ogun, 112104, Nigeria",2019
11/5/2019,00:21.3,6.6826,3.1624,-8.9,C,1.675358093,"Ado Odo/Ota, Ogun, 112104, Nigeria",2019
11/5/2019,03:17.1,6.6597,3.1483,-16,G,1.337242821,"Ado Odo/Ota, Ogun, 112104, Nigeria",2019
11/5/2019,18:41.9,6.6844,3.1589,-12.8,G,1.752042892,"Ado Odo/Ota, Ogun, 112104, Nigeria",2019
11/5/2019,28:14.1,6.681,3.1623,-18.8,G,1.510221335,"A5-1, Otta, Ado Odo/Ota, Ogun, 112104, Nigeria",2019
19/05/2019,40:27.0,6.6599,3.1623,-25.5,G,1.210884827,"Ado Odo/Ota, Ogun, 112104, Nigeria",2019
19/05/2019,07:17.8,6.6661,3.1616,-8.6,G,0.680924081,"Ado Odo/Ota, Ogun, 112104, Nigeria",2019
19/05/2019,20:17.4,6.6643,3.1579,6.2,C,0.547175195,"Idi-Iroko Road, Ado Odo/Ota, Ogun, 112104, Nigeria",2019
19/05/2019,21:25.0,6.6644,3.1594,-3.5,G,0.617318619,"Idi-Iroko Road, Ado Odo/Ota, Ogun, 112104, Nigeria",2019
19/05/2019,25:43.9,6.6529,3.1581,-6.6,C,1.791401916,"Ado Odo/Ota, Ogun, 112104, Nigeria",2019
19/05/2019,25:51.3,6.6609,3.1619,7.3,C,1.094477829,"Ado Odo/Ota, Ogun, 112104, Nigeria",2019
19/05/2019,27:16.3,6.6599,3.1572,10.8,C,1.006727791,"proposed covenant university college of medcine, Ado Odo/Ota, Ogun, 112104, Nigeria",2019
19/05/2019,29:05.6,6.6681,3.1687,6.9,C,1.393114931,"Ado Odo/Ota, Ogun, 112104, Nigeria",2019
19/05/2019,31:50.3,6.6533,3.1555,-10.4,C,1.734718982,"Ado Odo/Ota, Ogun, 112104, Nigeria",2019
19/05/2019,32:05.7,6.6671,3.1698,-6,C,1.524868586,"Ado Odo/Ota, Ogun, 112104, Nigeria",2019
19/05/2019,38:23.7,6.6631,3.1409,-6.9,C,1.799061513,"Ado Odo/Ota, Ogun, 112104, Nigeria",2019
19/05/2019,42:05.1,6.6603,3.168,-4.8,C,1.623639821,"Ado Odo/Ota, Ogun, 112104, Nigeria",2019
20/05/2019,45:28.5,6.6599,3.1532,5.3,C,1.04995668,"proposed covenant university college of medcine, Ado Odo/Ota, Ogun, 112104, Nigeria",2019
20/05/2019,47:23.2,6.6737,3.1725,-7.3,C,1.887425298,"Ado Odo/Ota, Ogun, 112104, Nigeria",2019
20/05/2019,49:39.9,6.6606,3.154,-2.8,C,0.950716302,"proposed covenant university college of medcine, Ado Odo/Ota, Ogun, 112104, Nigeria",2019
20/05/2019,49:41.8,6.6726,3.147,-12.4,G,1.087577881,"Ado Odo/Ota, Ogun, 112104, Nigeria",2019
20/05/2019,52:55.4,6.6674,3.1674,-9.7,C,1.257719838,"Ado Odo/Ota, Ogun, 112104, Nigeria",2019
20/05/2019,53:18.6,6.6741,3.1638,-9.3,C,1.028037641,"Cafeteria 2, A5-1, Otta, Ado Odo/Ota, Ogun, 112104, Nigeria",2019
20/05/2019,54:00.4,6.6634,3.149,-14.6,G,0.994646998,"Ado Odo/Ota, Ogun, 112104, Nigeria",2019
20/05/2019,54:30.3,6.6527,3.1639,-5.4,C,1.995107078,"Ado Odo/Ota, Ogun, 112104, Nigeria",2019
20/05/2019,55:10.6,6.6628,3.1541,8.4,C,0.712556033,"Ado Odo/Ota, Ogun, 112104, Nigeria",2019
20/05/2019,55:39.7,6.655,3.1646,-9.8,C,1.806678653,"Ado Odo/Ota, Ogun, 112104, Nigeria",2019
20/05/2019,55:39.7,6.6772,3.1533,-14.8,G,0.974908656,"Ado Odo/Ota, Ogun, 112104, Nigeria",2019
20/05/2019,55:56.4,6.6653,3.1683,-11.7,G,1.404082279,"Ado Odo/Ota, Ogun, 112104, Nigeria",2019
20/05/2019,56:35.2,6.6624,3.16,-4.2,C,0.839690265,"Idi-Iroko Road, Ado Odo/Ota, Ogun, 112104, Nigeria",2019
20/05/2019,56:45.5,6.6606,3.1445,-6,C,1.579232607,"Ado Odo/Ota, Ogun, 112104, Nigeria",2019
20/05/2019,56:52.2,6.6727,3.1652,-17,G,1.089584069,"Ado Odo/Ota, Ogun, 112104, Nigeria",2019
20/05/2019,56:52.3,6.6671,3.1716,-11.6,G,1.722162146,"Ado Odo/Ota, Ogun, 112104, Nigeria",2019
20/05/2019,57:06.7,6.6788,3.1626,-27.6,G,1.314581277,"Ado Odo/Ota, Ogun, 112104, Nigeria",2019
20/05/2019,57:13.2,6.6712,3.1681,-6.3,C,1.348788414,"Ado Odo/Ota, Ogun, 112104, Nigeria",2019
20/05/2019,57:17.5,6.6802,3.1518,-3.8,C,1.344841843,"Ado Odo/Ota, Ogun, 112104, Nigeria",2019
20/05/2019,57:19.2,6.6512,3.1559,-15.3,G,1.967053016,"Ado Odo/Ota, Ogun, 112104, Nigeria",2019
20/05/2019,57:25.7,6.6819,3.1553,-7,G,1.449540036,"Idi-Iroko Road, Ado Odo/Ota, Ogun, 112104, Nigeria",2019
20/05/2019,57:26.8,6.6622,3.164,10.9,C,1.145563277,"Anjorin Street, Ado Odo/Ota, Ogun, 112104, Nigeria",2019
20/05/2019,57:52.3,6.6643,3.1475,-9.7,C,1.079277059,"Ado Odo/Ota, Ogun, 112104, Nigeria",2019
20/05/2019,58:01.3,6.6646,3.1667,5.2,C,1.262970594,"Ado Odo/Ota, Ogun, 112104, Nigeria",2019
20/05/2019,58:08.6,6.6747,3.1426,-7.5,C,1.62609034,"Ado Odo/Ota, Ogun, 112104, Nigeria",2019
20/05/2019,58:20.6,6.6614,3.1597,9.7,C,0.922248409,"Ado Odo/Ota, Ogun, 112104, Nigeria",2019
20/05/2019,58:36.6,6.6759,3.163,7,C,1.089323141,"A5-1, Otta, Ado Odo/Ota, Ogun, 112104, Nigeria",2019
20/05/2019,58:45.4,6.6591,3.1708,17.5,C,1.953616732,"Ado Odo/Ota, Ogun, 112104, Nigeria",2019
20/05/2019,58:55.9,6.6573,3.1653,-9.1,G,1.640271399,"Ado Odo/Ota, Ogun, 112104, Nigeria",2019
20/05/2019,59:17.4,6.6728,3.1613,-12.7,G,0.719406514,"Covenant University, Idi-Iroko Road, Ado Odo/Ota, Ogun, 112104, Nigeria",2019
20/05/2019,59:46.5,6.6709,3.1426,-2.4,C,1.508862112,"Ado Odo/Ota, Ogun, 112104, Nigeria",2019
20/05/2019,59:54.4,6.6589,3.1449,11.4,C,1.663374758,"Ado Odo/Ota, Ogun, 112104, Nigeria",2019
20/05/2019,59:54.5,6.6832,3.1498,4.9,C,1.737274964,"Ado Odo/Ota, Ogun, 112104, Nigeria",2019
20/05/2019,00:21.5,6.6861,3.1531,6.7,G,1.94246588,"Isale, Ado Odo/Ota, Ogun, 112104, Nigeria",2019
20/05/2019,00:22.7,6.6846,3.1592,-19,G,1.779991627,"Ado Odo/Ota, Ogun, 112104, Nigeria",2019
20/05/2019,00:25.2,6.6711,3.1472,-6.6,G,1.01440981,"Ado Odo/Ota, Ogun, 112104, Nigeria",2019
20/05/2019,00:37.9,6.6813,3.1628,-9.6,G,1.565332254,"A5-1, Otta, Ado Odo/Ota, Ogun, 112104, Nigeria",2019
20/05/2019,00:39.8,6.6526,3.1612,10.9,C,1.896440248,"Ado Odo/Ota, Ogun, 112104, Nigeria",2019
20/05/2019,00:51.2,6.6707,3.1739,-13.2,G,1.974941602,"Ado Odo/Ota, Ogun, 112104, Nigeria",2019
20/05/2019,01:07.0,6.6813,3.161,-13,G,1.481915754,"A5-1, Otta, Ado Odo/Ota, Ogun, 112104, Nigeria",2019
20/05/2019,01:25.9,6.6598,3.1666,-6.7,C,1.537319643,"Ado Odo/Ota, Ogun, 112104, Nigeria",2019
20/05/2019,01:51.1,6.6792,3.1507,-6,C,1.2929422,"Ado Odo/Ota, Ogun, 112104, Nigeria",2019
20/05/2019,01:55.0,6.6634,3.1403,-4,C,1.849818312,"Ado Odo/Ota, Ogun, 112104, Nigeria",2019
20/05/2019,02:02.0,6.6748,3.1661,-5.8,C,1.284156028,"Ado Odo/Ota, Ogun, 112104, Nigeria",2019
20/05/2019,02:44.6,6.6816,3.1633,-5.5,C,1.621137178,"A5-1, Otta, Ado Odo/Ota, Ogun, 112104, Nigeria",2019
20/05/2019,02:49.5,6.6747,3.1419,-9.9,C,1.697311816,"Ado Odo/Ota, Ogun, 112104, Nigeria",2019
20/05/2019,03:02.2,6.6618,3.1616,6.3,C,0.994398419,"Anjorin Street, Ado Odo/Ota, Ogun, 112104, Nigeria",2019
20/05/2019,03:17.0,6.662,3.1614,-3.1,C,0.963312019,"Anjorin Street, Ado Odo/Ota, Ogun, 112104, Nigeria",2019
20/05/2019,03:17.2,6.6697,3.1594,-3.9,C,0.374263001,"Covenant University, Idi-Iroko Road, Ado Odo/Ota, Ogun, 112104, Nigeria",2019
20/05/2019,03:48.4,6.6557,3.1613,-12.2,C,1.57453349,"Ado Odo/Ota, Ogun, 112104, Nigeria",2019
20/05/2019,03:51.4,6.6827,3.1644,9.5,C,1.787867624,"Ado Odo/Ota, Ogun, 112104, Nigeria",2019
20/05/2019,04:11.6,6.6797,3.159,6.6,C,1.243759115,"Ado Odo/Ota, Ogun, 112104, Nigeria",2019
20/05/2019,04:13.3,6.6668,3.1501,-6.7,C,0.703344105,"Ado Odo/Ota, Ogun, 112104, Nigeria",2019
20/05/2019,04:21.7,6.6799,3.1696,11.4,C,1.928316208,"A5-1, Otta, Ado Odo/Ota, Ogun, 112104, Nigeria",2019
20/05/2019,04:21.9,6.6681,3.1575,7.8,C,0.176703756,"Covenant University, Idi-Iroko Road, Ado Odo/Ota, Ogun, 112104, Nigeria",2019
20/05/2019,04:36.0,6.6659,3.1683,-17.1,G,1.386595469,"Ado Odo/Ota, Ogun, 112104, Nigeria",2019
20/05/2019,04:36.1,6.6551,3.1484,-21.3,G,1.753901903,"Ado Odo/Ota, Ogun, 112104, Nigeria",2019
20/05/2019,04:57.0,6.6749,3.1441,-7.8,C,1.485411091,"Ado Odo/Ota, Ogun, 112104, Nigeria",2019
20/05/2019,05:11.0,6.6652,3.1431,-10.8,G,1.494383002,"Ado Odo/Ota, Ogun, 112104, Nigeria",2019
20/05/2019,05:27.8,6.6798,3.166,-25.5,G,1.632413745,"A5-1, Otta, Ado Odo/Ota, Ogun, 112104, Nigeria",2019
20/05/2019,05:29.5,6.6569,3.1498,-4.4,C,1.504329629,"Ado Odo/Ota, Ogun, 112104, Nigeria",2019
20/05/2019,05:39.8,6.6765,3.1697,-6.9,C,1.722960653,"Ado Odo/Ota, Ogun, 112104, Nigeria",2019
20/05/2019,05:42.8,6.6808,3.149,19.4,G,1.539795728,"Ado Odo/Ota, Ogun, 112104, Nigeria",2019
20/05/2019,06:32.3,6.6711,3.1657,-20.3,G,1.087184863,"Ado Odo/Ota, Ogun, 112104, Nigeria",2019
20/05/2019,06:32.3,6.6594,3.1452,-18.5,G,1.601701174,"Ado Odo/Ota, Ogun, 112104, Nigeria",2019
20/05/2019,06:37.3,6.6775,3.1435,-17.6,G,1.69017626,"Ado Odo/Ota, Ogun, Nigeria",2019
20/05/2019,06:39.9,6.6761,3.1629,6.5,C,1.097775456,"A5-1, Otta, Ado Odo/Ota, Ogun, 112104, Nigeria",2019
20/05/2019,06:49.4,6.679,3.1422,-8.2,C,1.903804218,"Ado Odo/Ota, Ogun, Nigeria",2019
20/05/2019,07:16.9,6.6773,3.1641,-5,C,1.285767822,"Ado Odo/Ota, Ogun, 112104, Nigeria",2019
20/05/2019,07:27.2,6.6583,3.1463,-4.7,C,1.600150007,"Ado Odo/Ota, Ogun, 112104, Nigeria",2019
20/05/2019,07:35.1,6.6558,3.1487,12.4,C,1.669792035,"Ado Odo/Ota, Ogun, 112104, Nigeria",2019
20/05/2019,07:37.2,6.6721,3.1579,-5.6,C,0.408074407,"Covenant University, Idi-Iroko Road, Ado Odo/Ota, Ogun, 112104, Nigeria",2019
20/05/2019,07:39.8,6.6574,3.157,-7.7,C,1.281272854,"proposed covenant university college of medcine, Ado Odo/Ota, Ogun, 112104, Nigeria",2019
20/05/2019,07:39.9,6.651,3.1578,10,C,1.997880341,"Ado Odo/Ota, Ogun, 112104, Nigeria",2019
20/05/2019,07:46.0,6.6701,3.1525,-7.3,C,0.42094301,"Covenant University, Idi-Iroko Road, Ado Odo/Ota, Ogun, 112104, Nigeria",2019
20/05/2019,07:50.8,6.6607,3.1496,9.4,C,1.160277457,"Ado Odo/Ota, Ogun, 112104, Nigeria",2019
20/05/2019,07:55.7,6.671,3.1727,6.6,C,1.847093053,"Ado Odo/Ota, Ogun, 112104, Nigeria",2019
20/05/2019,08:00.3,6.6768,3.1692,-12.4,G,1.692178836,"Ado Odo/Ota, Ogun, 112104, Nigeria",2019
20/05/2019,08:04.3,6.6565,3.1565,-6.9,G,1.378251113,"proposed covenant university college of medcine, Ado Odo/Ota, Ogun, 112104, Nigeria",2019
20/05/2019,08:05.0,6.6547,3.1648,6.9,C,1.846657422,"Ado Odo/Ota, Ogun, 112104, Nigeria",2019
20/05/2019,08:09.5,6.6562,3.1463,-7.1,C,1.779014867,"Ado Odo/Ota, Ogun, 112104, Nigeria",2019
20/05/2019,08:16.6,6.6514,3.1585,19,G,1.962492188,"Ado Odo/Ota, Ogun, 112104, Nigeria",2019
20/05/2019,08:20.8,6.6613,3.1578,-12.9,G,0.864215498,"Ado Odo/Ota, Ogun, 112104, Nigeria",2019
20/05/2019,08:23.5,6.6682,3.1618,-7.2,C,0.632948378,"Covenant University, Idi-Iroko Road, Ado Odo/Ota, Ogun, 112104, Nigeria",2019
20/05/2019,08:37.8,6.6615,3.1693,15.4,C,1.672362698,"Ado Odo/Ota, Ogun, 112104, Nigeria",2019
20/05/2019,08:59.1,6.6511,3.1567,5.9,C,1.979103314,"Ado Odo/Ota, Ogun, 112104, Nigeria",2019
20/05/2019,08:59.3,6.6576,3.1571,-12.5,C,1.26000964,"proposed covenant university college of medcine, Ado Odo/Ota, Ogun, 112104, Nigeria",2019
20/05/2019,09:06.9,6.6769,3.172,-9,C,1.967948765,"Ado Odo/Ota, Ogun, 112104, Nigeria",2019
20/05/2019,09:13.3,6.6572,3.1542,-12.2,G,1.31677199,"proposed covenant university college of medcine, Ado Odo/Ota, Ogun, 112104, Nigeria",2019
20/05/2019,09:13.6,6.6636,3.1512,-11.6,G,0.800034434,"Ado Odo/Ota, Ogun, 112104, Nigeria",2019
20/05/2019,09:18.4,6.6512,3.1541,-5.3,G,1.979416459,"Ado Odo/Ota, Ogun, 112104, Nigeria",2019
20/05/2019,09:24.9,6.6759,3.1726,-5.9,C,1.980919934,"Ado Odo/Ota, Ogun, 112104, Nigeria",2019
20/05/2019,09:26.7,6.6665,3.1406,10.6,C,1.73356316,"Ado Odo/Ota, Ogun, 112104, Nigeria",2019
20/05/2019,09:30.5,6.6568,3.1454,5.4,C,1.790634193,"Ado Odo/Ota, Ogun, 112104, Nigeria",2019
20/05/2019,09:36.2,6.6725,3.1491,-32.7,G,0.872242398,"Ado Odo/Ota, Ogun, 112104, Nigeria",2019
20/05/2019,09:36.3,6.6684,3.166,29.7,G,1.093507028,"Ado Odo/Ota, Ogun, 112104, Nigeria",2019
20/05/2019,09:41.0,6.6734,3.1685,-4.1,C,1.457304194,"Ado Odo/Ota, Ogun, 112104, Nigeria",2019
20/05/2019,09:50.9,6.6813,3.1513,4.9,C,1.478807591,"Idi-Iroko Road, Ado Odo/Ota, Ogun, 112104, Nigeria",2019
20/05/2019,10:01.0,6.6663,3.1666,-3.2,C,1.193655631,"Ado Odo/Ota, Ogun, 112104, Nigeria",2019
20/05/2019,10:08.0,6.6556,3.148,5.4,G,1.727996289,"Ado Odo/Ota, Ogun, 112104, Nigeria",2019
20/05/2019,10:15.0,6.6586,3.1433,-11.6,G,1.819577578,"Ado Odo/Ota, Ogun, 112104, Nigeria",2019
20/05/2019,10:39.1,6.6567,3.1454,-15.1,G,1.798996638,"Ado Odo/Ota, Ogun, 112104, Nigeria",2019
20/05/2019,10:42.1,6.662,3.1439,-5.8,G,1.550996208,"Ado Odo/Ota, Ogun, 112104, Nigeria",2019
20/05/2019,11:01.6,6.6583,3.1565,-4.5,G,1.178213963,"proposed covenant university college of medcine, Ado Odo/Ota, Ogun, 112104, Nigeria",2019
20/05/2019,11:07.0,6.6788,3.1481,4.6,C,1.413274692,"Ado Odo/Ota, Ogun, 112104, Nigeria",2019
20/05/2019,11:13.0,6.668,3.1588,-10.7,C,0.312984755,"Covenant University, Idi-Iroko Road, Ado Odo/Ota, Ogun, 112104, Nigeria",2019
20/05/2019,11:30.8,6.6754,3.1406,-5.8,C,1.85978676,"Ado Odo/Ota, Ogun, 112104, Nigeria",2019
20/05/2019,11:32.5,6.6631,3.1397,-3.6,C,1.923404408,"Ado Odo/Ota, Ogun, 112104, Nigeria",2019
20/05/2019,11:32.5,6.6822,3.1508,-6.2,C,1.592117043,"Ado Odo/Ota, Ogun, 112104, Nigeria",2019
20/05/2019,11:42.0,6.667,3.1502,-22.4,G,0.685794424,"Ado Odo/Ota, Ogun, 112104, Nigeria",2019
20/05/2019,11:44.8,6.6818,3.1666,-7.6,C,1.844720048,"A5-1, Otta, Ado Odo/Ota, Ogun, 112104, Nigeria",2019
20/05/2019,11:45.3,6.672,3.1677,8.1,C,1.325829971,"Ado Odo/Ota, Ogun, 112104, Nigeria",2019
20/05/2019,11:46.6,6.6586,3.149,9.5,C,1.387702908,"Ado Odo/Ota, Ogun, 112104, Nigeria",2019
20/05/2019,11:52.6,6.6708,3.1654,4.8,C,1.047665262,"Ado Odo/Ota, Ogun, 112104, Nigeria",2019
20/05/2019,11:53.8,6.6829,3.1545,-6.5,C,1.568092125,"Ado Odo/Ota, Ogun, 112104, Nigeria",2019
20/05/2019,11:55.8,6.6797,3.15,11.9,G,1.378643512,"Ado Odo/Ota, Ogun, Nigeria",2019
20/05/2019,12:07.1,6.6629,3.1458,-8.4,C,1.319210546,"Ado Odo/Ota, Ogun, 112104, Nigeria",2019
20/05/2019,12:07.1,6.6554,3.1527,-5.1,C,1.546486056,"Ado Odo/Ota, Ogun, 112104, Nigeria",2019
20/05/2019,12:07.2,6.6804,3.1544,4.1,C,1.293852221,"Idi-Iroko Road, Ado Odo/Ota, Ogun, 112104, Nigeria",2019
20/05/2019,12:29.3,6.6599,3.1454,-12,G,1.548697524,"Ado Odo/Ota, Ogun, 112104, Nigeria",2019
20/05/2019,12:45.3,6.6587,3.152,-9.5,C,1.220549147,"proposed covenant university college of medcine, Ado Odo/Ota, Ogun, 112104, Nigeria",2019
20/05/2019,13:02.0,6.6699,3.1614,5.1,C,0.594839798,"Covenant University, Idi-Iroko Road, Ado Odo/Ota, Ogun, 112104, Nigeria",2019
20/05/2019,13:02.1,6.6829,3.146,-9.9,C,1.916827917,"Idi-Iroko Road, Ado Odo/Ota, Ogun, 112104, Nigeria",2019
20/05/2019,13:15.3,6.6827,3.1564,-17.3,G,1.53605675,"Ado Odo/Ota, Ogun, 112104, Nigeria",2019
20/05/2019,13:15.7,6.6653,3.1618,-4.8,G,0.744319972,"Ado Odo/Ota, Ogun, 112104, Nigeria",2019
20/05/2019,13:50.4,6.6738,3.1629,-6.8,C,0.927568276,"Covenant University, Idi-Iroko Road, Ado Odo/Ota, Ogun, 112104, Nigeria",2019
20/05/2019,13:50.9,6.6809,3.1678,-7.5,C,1.857491008,"A5-1, Otta, Ado Odo/Ota, Ogun, 112104, Nigeria",2019
20/05/2019,13:51.6,6.6802,3.1422,-12.7,G,1.9855251,"Ado Odo/Ota, Ogun, 112104, Nigeria",2019
20/05/2019,14:03.7,6.6737,3.1505,12.1,G,0.818672699,"Ado Odo/Ota, Ogun, 112104, Nigeria",2019
20/05/2019,14:10.0,6.6767,3.1604,8.2,C,0.989320258,"Covenant University, Idi-Iroko Road, Ado Odo/Ota, Ogun, 112104, Nigeria",2019
20/05/2019,14:19.8,6.6618,3.1547,-18,G,0.803507547,"proposed covenant university college of medcine, Ado Odo/Ota, Ogun, 112104, Nigeria",2019
20/05/2019,14:34.6,6.6699,3.1685,-15.6,G,1.37287083,"Ado Odo/Ota, Ogun, 112104, Nigeria",2019
20/05/2019,15:28.1,6.6624,3.1693,-7.8,C,1.625534626,"Ado Odo/Ota, Ogun, 112104, Nigeria",2019
20/05/2019,15:32.7,6.6765,3.1477,15.9,C,1.256652998,"Ado Odo/Ota, Ogun, 112104, Nigeria",2019
20/05/2019,15:55.7,6.6605,3.1628,6.3,C,1.189900421,"Ado Odo/Ota, Ogun, 112104, Nigeria",2019
20/05/2019,15:59.9,6.6573,3.1599,-7.6,C,1.35486711,"Ado Odo/Ota, Ogun, 112104, Nigeria",2019
20/05/2019,16:13.7,6.6644,3.1421,-8.5,C,1.625940405,"Ado Odo/Ota, Ogun, 112104, Nigeria",2019
20/05/2019,16:13.8,6.657,3.1558,6.2,C,1.322430711,"proposed covenant university college of medcine, Ado Odo/Ota, Ogun, 112104, Nigeria",2019
20/05/2019,16:15.8,6.6713,3.1408,-6.4,C,1.712115768,"Ado Odo/Ota, Ogun, 112104, Nigeria",2019
20/05/2019,16:47.1,6.6545,3.1626,11,C,1.753143127,"Ado Odo/Ota, Ogun, 112104, Nigeria",2019
20/05/2019,17:03.3,6.6843,3.1532,-6.4,C,1.743536157,"Ado Odo/Ota, Ogun, 112104, Nigeria",2019
20/05/2019,17:46.1,6.6735,3.1421,14.9,C,1.630150099,"Ado Odo/Ota, Ogun, 112104, Nigeria",2019
20/05/2019,18:09.7,6.6671,3.1482,-12.2,C,0.89608177,"Ado Odo/Ota, Ogun, 112104, Nigeria",2019
20/05/2019,18:17.6,6.6809,3.1655,-7.7,C,1.690846863,"A5-1, Otta, Ado Odo/Ota, Ogun, 112104, Nigeria",2019
20/05/2019,18:26.3,6.6785,3.1517,4.3,C,1.174507597,"Ado Odo/Ota, Ogun, 112104, Nigeria",2019
20/05/2019,18:26.5,6.6741,3.1427,-8.8,C,1.590460635,"Ado Odo/Ota, Ogun, 112104, Nigeria",2019
20/05/2019,18:41.3,6.6805,3.154,6.7,C,1.311979747,"Idi-Iroko Road, Ado Odo/Ota, Ogun, 112104, Nigeria",2019
20/05/2019,18:41.5,6.6691,3.1386,4.2,C,1.934113957,"Ado Odo/Ota, Ogun, 112104, Nigeria",2019
20/05/2019,18:49.8,6.6801,3.1524,-4.8,C,1.312266318,"Ado Odo/Ota, Ogun, 112104, Nigeria",2019
20/05/2019,19:04.4,6.6634,3.1623,-14.9,G,0.916357727,"Anjorin Street, Ado Odo/Ota, Ogun, 112104, Nigeria",2019
20/05/2019,19:18.8,6.6545,3.1626,-5.3,C,1.753143127,"Ado Odo/Ota, Ogun, 112104, Nigeria",2019
20/05/2019,19:26.5,6.6718,3.1609,-18.2,G,0.620090968,"Covenant University, Idi-Iroko Road, Ado Odo/Ota, Ogun, 112104, Nigeria",2019
20/05/2019,19:41.0,6.666,3.1697,-4.8,C,1.534789296,"Ado Odo/Ota, Ogun, 112104, Nigeria",2019
20/05/2019,20:16.0,6.6587,3.1563,-21.7,G,1.133144929,"proposed covenant university college of medcine, Ado Odo/Ota, Ogun, 112104, Nigeria",2019
20/05/2019,20:43.1,6.6693,3.1446,-5.7,C,1.272137591,"Ado Odo/Ota, Ogun, 112104, Nigeria",2019
20/05/2019,21:14.2,6.6845,3.1578,15,C,1.745868519,"Ado Odo/Ota, Ogun, 112104, Nigeria",2019
20/05/2019,21:31.1,6.6665,3.1576,-5.3,C,0.312410309,"Covenant University, Idi-Iroko Road, Ado Odo/Ota, Ogun, 112104, Nigeria",2019
20/05/2019,21:49.9,6.6622,3.1501,4.2,C,0.996965708,"Ado Odo/Ota, Ogun, 112104, Nigeria",2019
20/05/2019,21:57.4,6.6603,3.1677,-9.3,G,1.596963767,"Ado Odo/Ota, Ogun, 112104, Nigeria",2019
20/05/2019,22:11.2,6.6601,3.1692,-4.2,C,1.744932078,"Ado Odo/Ota, Ogun, 112104, Nigeria",2019
20/05/2019,23:30.9,6.678,3.1662,7.4,G,1.505956309,"Ado Odo/Ota, Ogun, 112104, Nigeria",2019
20/05/2019,23:44.1,6.674,3.1437,16.4,G,1.483859146,"Ado Odo/Ota, Ogun, 112104, Nigeria",2019
20/05/2019,23:48.6,6.6762,3.1507,-6.2,C,1.008980603,"Ado Odo/Ota, Ogun, 112104, Nigeria",2019
20/05/2019,24:21.2,6.6742,3.1562,-4.4,C,0.590650078,"Covenant University, Idi-Iroko Road, Ado Odo/Ota, Ogun, 112104, Nigeria",2019
20/05/2019,24:36.5,6.6729,3.1581,6.8,C,0.497170741,"Covenant University, Idi-Iroko Road, Ado Odo/Ota, Ogun, 112104, Nigeria",2019
20/05/2019,26:37.5,6.6679,3.1675,-10.8,G,1.262616726,"Ado Odo/Ota, Ogun, 112104, Nigeria",2019
20/05/2019,26:59.3,6.6655,3.1537,10.9,C,0.461420941,"proposed covenant university college of medcine, Ado Odo/Ota, Ogun, 112104, Nigeria",2019
20/05/2019,29:19.6,6.6679,3.1469,-5.5,C,1.023225133,"Ado Odo/Ota, Ogun, 112104, Nigeria",2019
20/05/2019,30:02.8,6.6782,3.1413,-81.5,G,1.935887747,"Ado Odo/Ota, Ogun, Nigeria",2019
20/05/2019,30:02.9,6.6796,3.1474,-27.5,G,1.531046635,"Ado Odo/Ota, Ogun, 112104, Nigeria",2019
20/05/2019,30:02.9,6.6793,3.1471,-42.6,G,1.526631858,"Ado Odo/Ota, Ogun, 112104, Nigeria",2019
20/05/2019,31:34.6,6.6849,3.1523,-52.1,G,1.829431464,"Isale, Ado Odo/Ota, Ogun, 112104, Nigeria",2019
20/05/2019,32:57.3,6.6616,3.167,-19.5,G,1.450224484,"Ado Odo/Ota, Ogun, 112104, Nigeria",2019
20/05/2019,32:58.2,6.6774,3.1544,-7.7,C,0.965075582,"Ado Odo/Ota, Ogun, 112104, Nigeria",2019
26/05/2019,33:30.6,6.6598,3.1684,-6.7,C,1.692176402,"Ado Odo/Ota, Ogun, 112104, Nigeria",2019
26/05/2019,33:30.6,6.6788,3.1547,15.1,G,1.113029769,"Ado Odo/Ota, Ogun, 112104, Nigeria",2019
26/05/2019,36:01.9,6.6563,3.1627,-12.7,G,1.577672343,"Ado Odo/Ota, Ogun, 112104, Nigeria",2019
26/05/2019,38:20.8,6.6658,3.1514,30.7,G,0.623451716,"Ado Odo/Ota, Ogun, 112104, Nigeria",2019
26/05/2019,38:21.3,6.6635,3.173,-7.6,G,1.959149263,"Ado Odo/Ota, Ogun, 112104, Nigeria",2019
26/05/2019,39:22.6,6.684,3.1581,11,C,1.694575149,"Ado Odo/Ota, Ogun, 112104, Nigeria",2019
26/05/2019,39:50.6,6.6673,3.1666,-78.9,G,1.171817244,"Ado Odo/Ota, Ogun, 112104, Nigeria",2019
26/05/2019,39:50.6,6.6793,3.17,-27.9,G,1.921732948,"Ado Odo/Ota, Ogun, 112104, Nigeria",2019
26/05/2019,40:02.5,6.6786,3.1478,15.5,C,1.417232804,"Ado Odo/Ota, Ogun, 112104, Nigeria",2019
26/05/2019,40:40.0,6.6765,3.1562,-37.4,G,0.846373755,"Covenant University, Idi-Iroko Road, Ado Odo/Ota, Ogun, 112104, Nigeria",2019
26/05/2019,40:40.1,6.6625,3.1596,-54.6,G,0.808183383,"Idi-Iroko Road, Ado Odo/Ota, Ogun, 112104, Nigeria",2019
26/05/2019,41:22.9,6.6636,3.1606,-56.6,G,0.769184026,"Idi-Iroko Road, Ado Odo/Ota, Ogun, 112104, Nigeria",2019
26/05/2019,48:55.2,6.6704,3.1462,-27.8,G,1.107428201,"Ado Odo/Ota, Ogun, 112104, Nigeria",2019
26/05/2019,14:19.9,6.652,3.1535,-6.6,G,1.899972138,"Ado Odo/Ota, Ogun, 112104, Nigeria",2019
26/05/2019,25:33.2,6.6749,3.152,8.3,C,0.808032391,"Ado Odo/Ota, Ogun, 112104, Nigeria",2019
26/05/2019,25:33.2,6.664,3.1733,-47.9,G,1.974696033,"Ado Odo/Ota, Ogun, 112104, Nigeria",2019
26/05/2019,25:33.2,6.6565,3.1682,-53.1,G,1.918422077,"Ado Odo/Ota, Ogun, 112104, Nigeria",2019
14/06/2019,46:03.7,6.6799,3.1501,-5,C,1.392779693,"Ado Odo/Ota, Ogun, Nigeria",2019
14/06/2019,46:04.0,6.6612,3.1708,10.9,C,1.83379267,"Ado Odo/Ota, Ogun, 112104, Nigeria",2019
14/06/2019,49:10.3,6.6726,3.164,15.6,G,0.964048666,"Ado Odo/Ota, Ogun, 112104, Nigeria",2019
14/06/2019,55:08.3,6.6521,3.1584,6.9,C,1.883877579,"Ado Odo/Ota, Ogun, 112104, Nigeria",2019
14/06/2019,55:32.1,6.6748,3.1523,-18.4,G,0.780503815,"Ado Odo/Ota, Ogun, 112104, Nigeria",2019
14/06/2019,57:29.0,6.6839,3.1653,-20.4,G,1.953450959,"Ado Odo/Ota, Ogun, 112104, Nigeria",2019
20/06/2019,42:23.5,6.6743,3.1612,-75.3,G,0.823348488,"Covenant University, Idi-Iroko Road, Ado Odo/Ota, Ogun, 112104, Nigeria",2019
20/06/2019,42:56.2,6.6658,3.173,17,C,1.896617807,"Ado Odo/Ota, Ogun, 112104, Nigeria",2019
20/06/2019,56:16.8,6.6726,3.1448,-11.1,G,1.315615547,"Ado Odo/Ota, Ogun, 112104, Nigeria",2019
20/06/2019,56:17.0,6.6619,3.1621,-24.7,G,1.020501538,"Anjorin Street, Ado Odo/Ota, Ogun, 112104, Nigeria",2019
20/06/2019,02:28.7,6.667,3.1546,-50.5,G,0.268267335,"Covenant University, Idi-Iroko Road, Ado Odo/Ota, Ogun, 112104, Nigeria",2019
20/06/2019,02:28.9,6.6563,3.1448,-32.2,G,1.876195265,"Ado Odo/Ota, Ogun, 112104, Nigeria",2019
20/06/2019,02:29.1,6.6562,3.1629,-13.6,G,1.597792373,"Ado Odo/Ota, Ogun, 112104, Nigeria",2019
20/06/2019,02:29.2,6.67,3.1384,-20.7,G,1.959956191,"Ado Odo/Ota, Ogun, 112104, Nigeria",2019
20/06/2019,04:07.8,6.6585,3.1621,-17.7,G,1.331151759,"Ado Odo/Ota, Ogun, 112104, Nigeria",2019
20/06/2019,17:50.3,6.6642,3.1447,-9.1,C,1.363869236,"Ado Odo/Ota, Ogun, 112104, Nigeria",2019
22/06/2019,37:09.3,6.6747,3.1698,-35.5,G,1.644126458,"Ado Odo/Ota, Ogun, 112104, Nigeria",2019
22/06/2019,37:09.3,6.6715,3.1572,27.2,G,0.314262514,"Covenant University, Idi-Iroko Road, Ado Odo/Ota, Ogun, 112104, Nigeria",2019
22/06/2019,39:25.8,6.6612,3.1697,-18.7,G,1.727245694,"Ado Odo/Ota, Ogun, 112104, Nigeria",2019
22/06/2019,39:25.8,6.6726,3.1631,-8.2,G,0.875251799,"Covenant University, Idi-Iroko Road, Ado Odo/Ota, Ogun, 112104, Nigeria",2019
22/06/2019,39:51.2,6.6753,3.1468,-11,C,1.251270263,"Ado Odo/Ota, Ogun, 112104, Nigeria",2019
22/06/2019,40:04.8,6.6722,3.1672,-50.1,G,1.278827529,"Ado Odo/Ota, Ogun, 112104, Nigeria",2019
22/06/2019,43:19.6,6.6545,3.1588,-10.6,C,1.62729885,"Ado Odo/Ota, Ogun, 112104, Nigeria",2019
22/06/2019,44:23.5,6.6839,3.1656,-25.4,G,1.970866702,"Ado Odo/Ota, Ogun, 112104, Nigeria",2019
22/06/2019,46:58.3,6.6851,3.1612,-8.3,G,1.888176246,"Ado Odo/Ota, Ogun, 112104, Nigeria",2019
22/06/2019,48:54.3,6.6563,3.1625,-62.5,G,1.567606379,"Ado Odo/Ota, Ogun, 112104, Nigeria",2019
22/06/2019,48:54.4,6.6682,3.1593,-20.7,G,0.360423537,"Covenant University, Idi-Iroko Road, Ado Odo/Ota, Ogun, 112104, Nigeria",2019
22/06/2019,50:05.9,6.6654,3.148,18.3,G,0.976210665,"Ado Odo/Ota, Ogun, 112104, Nigeria",2019
22/06/2019,42:23.8,6.6813,3.1463,-25.7,G,1.754601477,"Idi-Iroko Road, Ado Odo/Ota, Ogun, 112104, Nigeria",2019
22/06/2019,50:57.3,6.6542,3.1642,-40.6,G,1.861687149,"Ado Odo/Ota, Ogun, 112104, Nigeria",2019
1/7/2019,39:57.0,6.6639,3.1719,8.9,C,1.829886548,"Ado Odo/Ota, Ogun, 112104, Nigeria",2019
1/7/2019,46:02.5,6.6811,3.1647,-6.4,G,1.656332461,"A5-1, Otta, Ado Odo/Ota, Ogun, 112104, Nigeria",2019
11/7/2019,59:24.0,6.6759,3.1713,-5.8,C,1.849795084,"Ado Odo/Ota, Ogun, 112104, Nigeria",2019
11/7/2019,14:10.2,6.6781,3.1501,-8.2,C,1.220563803,"Ado Odo/Ota, Ogun, 112104, Nigeria",2019
6/9/2019,29:07.1,6.6594,3.1553,15.7,G,1.05891246,"proposed covenant university college of medcine, Ado Odo/Ota, Ogun, 112104, Nigeria",2019
14/09/2019,20:00.4,6.6678,3.1395,-3.1,C,1.838566813,"Ado Odo/Ota, Ogun, 112104, Nigeria",2019
14/09/2019,20:36.0,6.6615,3.1521,14,C,0.933427953,"proposed covenant university college of medcine, Ado Odo/Ota, Ogun, 112104, Nigeria",2019
14/09/2019,45:29.3,6.652,3.1606,-5.3,C,1.942297738,"Ado Odo/Ota, Ogun, 112104, Nigeria",2019
14/09/2019,48:13.9,6.6762,3.1491,6.3,C,1.122707211,"Ado Odo/Ota, Ogun, 112104, Nigeria",2019
14/09/2019,51:11.1,6.6603,3.1525,11.6,C,1.034970376,"proposed covenant university college of medcine, Ado Odo/Ota, Ogun, 112104, Nigeria",2019
21/09/2019,00:18.3,6.6809,3.1636,-6.2,C,1.570930935,"A5-1, Otta, Ado Odo/Ota, Ogun, 112104, Nigeria",2019
21/09/2019,55:13.4,6.672,3.1633,-10.2,C,0.866049568,"Covenant University, Idi-Iroko Road, Ado Odo/Ota, Ogun, 112104, Nigeria",2019
21/09/2019,03:25.6,6.6672,3.1728,-24.1,G,1.852709352,"Ado Odo/Ota, Ogun, 112104, Nigeria",2019
22/09/2019,09:04.5,6.6642,3.1581,-5.5,C,0.56576326,"Idi-Iroko Road, Ado Odo/Ota, Ogun, 112104, Nigeria",2019
22/09/2019,09:13.9,6.6789,3.1698,9,C,1.87744023,"Ado Odo/Ota, Ogun, 112104, Nigeria",2019
22/09/2019,10:31.6,6.6806,3.1527,13.1,C,1.355614239,"Ado Odo/Ota, Ogun, 112104, Nigeria",2019
22/09/2019,12:04.6,6.6641,3.1662,3.8,C,1.23495178,"Ado Odo/Ota, Ogun, 112104, Nigeria",2019
22/09/2019,12:39.8,6.6761,3.1558,26.4,G,0.802574679,"Covenant University, Idi-Iroko Road, Ado Odo/Ota, Ogun, 112104, Nigeria",2019
22/09/2019,25:30.8,6.6761,3.1692,8.2,C,1.653054479,"Ado Odo/Ota, Ogun, 112104, Nigeria",2019
22/09/2019,27:03.3,6.6755,3.1492,5.3,C,1.059714013,"Ado Odo/Ota, Ogun, 112104, Nigeria",2019
22/09/2019,42:54.0,6.6676,3.169,4.9,C,1.430680473,"Ado Odo/Ota, Ogun, 112104, Nigeria",2019
19/10/2019,37:36.0,6.6678,3.1592,-18.6,G,0.361994836,"Covenant University, Idi-Iroko Road, Ado Odo/Ota, Ogun, 112104, Nigeria",2019
23/10/2019,10:04.6,6.6702,3.1667,13.4,C,1.178514817,"Ado Odo/Ota, Ogun, 112104, Nigeria",2019
23/10/2019,16:13.2,6.6552,3.1635,-18.9,G,1.727092412,"Ado Odo/Ota, Ogun, 112104, Nigeria",2019
23/10/2019,17:33.4,6.6833,3.1511,-28.2,G,1.695319449,"Ado Odo/Ota, Ogun, 112104, Nigeria",2019
23/10/2019,19:16.5,6.6626,3.1709,5.8,C,1.776735299,"Ado Odo/Ota, Ogun, 112104, Nigeria",2019
23/10/2019,21:01.0,6.6731,3.158,-28,G,0.512621926,"Covenant University, Idi-Iroko Road, Ado Odo/Ota, Ogun, 112104, Nigeria",2019
23/10/2019,21:01.8,6.6863,3.1599,-21.4,G,1.980731952,"Ado Odo/Ota, Ogun, 112104, Nigeria",2019
23/10/2019,21:57.0,6.6822,3.1514,-39.4,G,1.568913858,"Ado Odo/Ota, Ogun, 112104, Nigeria",2019
23/10/2019,22:32.4,6.6686,3.1504,-9.7,G,0.631567287,"Ado Odo/Ota, Ogun, 112104, Nigeria",2019
23/10/2019,22:57.0,6.6803,3.1436,-6.4,C,1.875956594,"Ado Odo/Ota, Ogun, 112104, Nigeria",2019
23/10/2019,25:12.7,6.6676,3.141,-29.8,G,1.675054375,"Ado Odo/Ota, Ogun, 112104, Nigeria",2019
23/10/2019,25:12.8,6.6861,3.1557,-19.4,G,1.914326618,"Ado Odo/Ota, Ogun, 112104, Nigeria",2019
23/10/2019,26:47.0,6.6753,3.1492,-38,G,1.044409819,"Ado Odo/Ota, Ogun, 112104, Nigeria",2019
23/10/2019,26:47.1,6.6526,3.1537,-22.6,G,1.830712868,"Ado Odo/Ota, Ogun, 112104, Nigeria",2019
23/10/2019,26:47.1,6.6705,3.1589,-27.2,G,0.356321376,"Covenant University, Idi-Iroko Road, Ado Odo/Ota, Ogun, 112104, Nigeria",2019
23/10/2019,26:47.6,6.6777,3.1517,-19.8,G,1.094187382,"Ado Odo/Ota, Ogun, 112104, Nigeria",2019
23/10/2019,26:47.6,6.6755,3.1492,-9.5,G,1.059714013,"Ado Odo/Ota, Ogun, 112104, Nigeria",2019
23/10/2019,27:28.2,6.6684,3.1642,21.6,G,0.895010686,"Ado Odo/Ota, Ogun, 112104, Nigeria",2019
23/10/2019,28:08.7,6.6826,3.1487,7.6,C,1.730418975,"Ado Odo/Ota, Ogun, 112104, Nigeria",2019
23/10/2019,33:50.7,6.6796,3.1537,6.2,C,1.220425996,"Ado Odo/Ota, Ogun, 112104, Nigeria",2019
24/10/2019,38:46.2,6.6574,3.1661,-8.7,C,1.687927146,"Ado Odo/Ota, Ogun, 112104, Nigeria",2019
27/10/2019,23:58.2,6.6756,3.1612,-12.4,G,0.934210722,"Covenant University, Idi-Iroko Road, Ado Odo/Ota, Ogun, 112104, Nigeria",2019
30/10/2019,15:11.6,6.6526,3.1552,-97.6,G,1.814035037,"Ado Odo/Ota, Ogun, 112104, Nigeria",2019
30/10/2019,15:11.7,6.6585,3.1531,-16.6,G,1.202107823,"proposed covenant university college of medcine, Ado Odo/Ota, Ogun, 112104, Nigeria",2019
30/10/2019,40:54.6,6.6603,3.1718,-52.4,G,1.978504201,"Ado Odo/Ota, Ogun, 112104, Nigeria",2019
30/10/2019,49:17.7,6.6832,3.1548,60.6,G,1.597897195,"Ado Odo/Ota, Ogun, 112104, Nigeria",2019
30/10/2019,09:43.8,6.6841,3.161,23.6,G,1.775487511,"Ado Odo/Ota, Ogun, 112104, Nigeria",2019
30/10/2019,15:37.5,6.662,3.1607,-32.4,G,0.918493053,"Ado Odo/Ota, Ogun, 112104, Nigeria",2019
30/10/2019,15:37.6,6.6709,3.1569,-36.1,G,0.239998609,"Covenant University, Idi-Iroko Road, Ado Odo/Ota, Ogun, 112104, Nigeria",2019
15/11/2019,02:32.0,6.6603,3.1463,-12.7,G,1.444380544,"Ado Odo/Ota, Ogun, 112104, Nigeria",2019
15/11/2019,03:45.1,6.6792,3.1473,10.7,C,1.503830717,"Ado Odo/Ota, Ogun, 112104, Nigeria",2019
15/11/2019,06:32.6,6.6624,3.1426,-13.6,G,1.657499069,"Ado Odo/Ota, Ogun, 112104, Nigeria",2019
15/11/2019,10:09.9,6.6603,3.15,19.4,G,1.169460254,"Ado Odo/Ota, Ogun, 112104, Nigeria",2019
15/11/2019,14:30.9,6.6669,3.1443,22.8,G,1.323066197,"Ado Odo/Ota, Ogun, 112104, Nigeria",2019
15/11/2019,15:09.0,6.6817,3.146,-17.8,G,1.810045959,"Idi-Iroko Road, Ado Odo/Ota, Ogun, 112104, Nigeria",2019
21/11/2019,02:12.8,6.6746,3.1479,-28.1,G,1.107096346,"Ado Odo/Ota, Ogun, 112104, Nigeria",2019
21/11/2019,06:13.5,6.6544,3.1663,-20.6,G,1.965177598,"Ado Odo/Ota, Ogun, 112104, Nigeria",2019
21/11/2019,09:34.1,6.6731,3.1475,21,G,1.060055668,"Ado Odo/Ota, Ogun, 112104, Nigeria",2019
21/11/2019,12:32.8,6.6689,3.1505,19.9,G,0.619706608,"Ado Odo/Ota, Ogun, 112104, Nigeria",2019
21/11/2019,14:55.8,6.6744,3.146,-13.8,C,1.273786089,"Ado Odo/Ota, Ogun, 112104, Nigeria",2019
5/12/2019,35:26.1,6.6544,3.1505,12.5,C,1.726169318,"Ado Odo/Ota, Ogun, 112104, Nigeria",2019
12/12/2019,44:44.1,6.6614,3.1414,67.7,G,1.825713647,"Ado Odo/Ota, Ogun, 112104, Nigeria",2019
2/3/2020,05:34.5,6.6574,3.1543,7.8,C,1.29307103,"proposed covenant university college of medcine, Ado Odo/Ota, Ogun, 112104, Nigeria",2020
2/3/2020,06:57.0,6.676,3.1534,5.2,C,0.845511264,"Ado Odo/Ota, Ogun, 112104, Nigeria",2020
2/3/2020,07:50.8,6.6702,3.1698,9.3,C,1.518847175,"Ado Odo/Ota, Ogun, 112104, Nigeria",2020
2/3/2020,21:29.0,6.6619,3.1415,-25.8,G,1.791077126,"Ado Odo/Ota, Ogun, 112104, Nigeria",2020
2/3/2020,25:51.7,6.6702,3.1675,-5.1,C,1.266237275,"Ado Odo/Ota, Ogun, 112104, Nigeria",2020
2/3/2020,26:20.6,6.6807,3.1427,4.9,C,1.979551587,"Ado Odo/Ota, Ogun, 112104, Nigeria",2020
2/3/2020,27:29.8,6.6701,3.1724,13.4,C,1.804018107,"Ado Odo/Ota, Ogun, 112104, Nigeria",2020
2/3/2020,32:53.9,6.6695,3.1382,3.9,C,1.979314495,"Ado Odo/Ota, Ogun, 112104, Nigeria",2020
2/3/2020,38:44.0,6.6793,3.1576,-3.5,C,1.169282524,"Ado Odo/Ota, Ogun, 112104, Nigeria",2020
2/3/2020,43:32.1,6.6798,3.165,-3.7,C,1.560684668,"A5-1, Otta, Ado Odo/Ota, Ogun, 112104, Nigeria",2020
2/3/2020,45:01.0,6.6702,3.1516,5.7,C,0.519110239,"Ado Odo/Ota, Ogun, 112104, Nigeria",2020
2/3/2020,49:28.3,6.6765,3.1415,6.7,C,1.822142198,"Ado Odo/Ota, Ogun, 112104, Nigeria",2020
6/3/2020,30:20.9,6.6754,3.1704,41.3,G,1.736246312,"Ado Odo/Ota, Ogun, 112104, Nigeria",2020
24/03/2020,08:30.9,6.6866,3.1571,-36.4,G,1.972411508,"Ado Odo/Ota, Ogun, 112104, Nigeria",2020
24/03/2020,08:31.0,6.6689,3.1503,-9.3,C,0.641795079,"Ado Odo/Ota, Ogun, 112104, Nigeria",2020
24/03/2020,09:12.9,6.6807,3.1663,5.8,C,1.72947703,"A5-1, Otta, Ado Odo/Ota, Ogun, 112104, Nigeria",2020
24/03/2020,10:13.3,6.6542,3.1489,-10.5,G,1.817157253,"Ado Odo/Ota, Ogun, 112104, Nigeria",2020
24/03/2020,41:10.6,6.656,3.146,-7.5,C,1.816878468,"Ado Odo/Ota, Ogun, 112104, Nigeria",2020
24/03/2020,43:20.2,6.6674,3.1458,-8.3,C,1.150758597,"Ado Odo/Ota, Ogun, 112104, Nigeria",2020
22/04/2020,51:11.8,6.6806,3.1626,-21.1,G,1.486385216,"A5-1, Otta, Ado Odo/Ota, Ogun, 112104, Nigeria",2020
22/04/2020,55:55.1,6.6725,3.1431,6.7,C,1.492021922,"Ado Odo/Ota, Ogun, 112104, Nigeria",2020
22/04/2020,02:12.2,6.666,3.1689,12.3,C,1.44850993,"Ado Odo/Ota, Ogun, 112104, Nigeria",2020
22/04/2020,06:27.0,6.6711,3.1696,-4.8,C,1.509896408,"Ado Odo/Ota, Ogun, 112104, Nigeria",2020
22/04/2020,08:02.0,6.6857,3.154,-8,C,1.883794165,"Isale, Ado Odo/Ota, Ogun, 112104, Nigeria",2020
22/04/2020,08:50.9,6.6786,3.1712,12.7,C,1.985709989,"Ado Odo/Ota, Ogun, 112104, Nigeria",2020
22/04/2020,12:10.6,6.6857,3.1611,-9.7,C,1.948818963,"Ado Odo/Ota, Ogun, 112104, Nigeria",2020
22/04/2020,14:30.8,6.6754,3.1605,-14.4,G,0.87128072,"Covenant University, Idi-Iroko Road, Ado Odo/Ota, Ogun, 112104, Nigeria",2020
22/04/2020,15:12.6,6.6721,3.1587,8.4,C,0.457430902,"Covenant University, Idi-Iroko Road, Ado Odo/Ota, Ogun, 112104, Nigeria",2020
22/04/2020,17:11.2,6.6684,3.1491,-4.9,C,0.776231282,"Ado Odo/Ota, Ogun, 112104, Nigeria",2020
22/04/2020,43:38.9,6.6572,3.1691,-32.7,G,1.935782173,"Ado Odo/Ota, Ogun, 112104, Nigeria",2020
22/04/2020,45:45.3,6.6611,3.1698,-4.1,C,1.74235132,"Ado Odo/Ota, Ogun, 112104, Nigeria",2020
22/04/2020,46:46.5,6.6848,3.158,-11,G,1.781490888,"Ado Odo/Ota, Ogun, 112104, Nigeria",2020
26/04/2020,18:28.5,6.6574,3.1484,-6.7,C,1.535356987,"Ado Odo/Ota, Ogun, 112104, Nigeria",2020
26/04/2020,18:50.3,6.679,3.1538,18.4,G,1.152913011,"Ado Odo/Ota, Ogun, 112104, Nigeria",2020
26/04/2020,19:30.9,6.6618,3.1503,-14.5,G,1.016484739,"Ado Odo/Ota, Ogun, 112104, Nigeria",2020
26/04/2020,20:59.5,6.6609,3.1539,-7,C,0.921278747,"proposed covenant university college of medcine, Ado Odo/Ota, Ogun, 112104, Nigeria",2020
26/04/2020,21:32.6,6.6737,3.1613,-23,G,0.783967443,"Covenant University, Idi-Iroko Road, Ado Odo/Ota, Ogun, 112104, Nigeria",2020
26/04/2020,23:19.6,6.6539,3.1482,21.7,G,1.88182527,"Ado Odo/Ota, Ogun, 112104, Nigeria",2020
26/04/2020,24:13.0,6.6782,3.1671,10.3,C,1.59525636,"Ado Odo/Ota, Ogun, 112104, Nigeria",2020
26/04/2020,24:48.1,6.6546,3.1463,-5.5,C,1.923173527,"Ado Odo/Ota, Ogun, 112104, Nigeria",2020
26/04/2020,25:30.2,6.6658,3.161,-17.2,G,0.639929373,"Idi-Iroko Road, Ado Odo/Ota, Ogun, 112104, Nigeria",2020
26/04/2020,25:39.1,6.6652,3.1716,-5.6,C,1.759130143,"Ado Odo/Ota, Ogun, 112104, Nigeria",2020
26/04/2020,26:53.6,6.6651,3.1609,5.8,C,0.676189846,"Idi-Iroko Road, Ado Odo/Ota, Ogun, 112104, Nigeria",2020
26/04/2020,29:48.6,6.6698,3.1723,-6.1,C,1.79080889,"Ado Odo/Ota, Ogun, 112104, Nigeria",2020
26/04/2020,34:56.4,6.6678,3.1491,5.5,C,0.783735054,"Ado Odo/Ota, Ogun, 112104, Nigeria",2020
27/04/2020,11:29.5,6.6623,3.1514,-9.5,G,0.898610474,"Ado Odo/Ota, Ogun, 112104, Nigeria",2020
15/05/2020,11:08.1,6.6867,3.1536,-16.1,G,1.999827834,"Isale, Ado Odo/Ota, Ogun, 112104, Nigeria",2020
15/05/2020,15:37.3,6.6576,3.1682,13.5,C,1.832567563,"Ado Odo/Ota, Ogun, 112104, Nigeria",2020
24/05/2020,42:16.5,6.6711,3.1691,5.3,C,1.455440048,"Ado Odo/Ota, Ogun, 112104, Nigeria",2020
24/05/2020,47:46.4,6.6776,3.1704,-7.7,C,1.851649823,"Ado Odo/Ota, Ogun, 112104, Nigeria",2020
24/05/2020,30:53.1,6.6724,3.1588,-12.4,G,0.490525458,"Covenant University, Idi-Iroko Road, Ado Odo/Ota, Ogun, 112104, Nigeria",2020
24/05/2020,32:38.9,6.6644,3.1389,16.9,G,1.965290074,"Ado Odo/Ota, Ogun, 112104, Nigeria",2020
24/05/2020,36:32.8,6.6774,3.1632,19.6,G,1.228252357,"Ado Odo/Ota, Ogun, 112104, Nigeria",2020
24/05/2020,36:32.9,6.6791,3.1541,-12.7,G,1.156944074,"Ado Odo/Ota, Ogun, 112104, Nigeria",2020
24/05/2020,37:30.8,6.6648,3.1512,-39.4,G,0.70775322,"Ado Odo/Ota, Ogun, 112104, Nigeria",2020
24/05/2020,37:30.8,6.6795,3.1425,-13.3,G,1.910985893,"Ado Odo/Ota, Ogun, Nigeria",2020
24/05/2020,39:18.4,6.654,3.164,-11.2,C,1.870839911,"Ado Odo/Ota, Ogun, 112104, Nigeria",2020
24/05/2020,40:36.9,6.6624,3.1703,7.5,C,1.725198355,"Ado Odo/Ota, Ogun, 112104, Nigeria",2020
24/05/2020,47:19.0,6.6661,3.1631,10.8,C,0.831839295,"Ado Odo/Ota, Ogun, 112104, Nigeria",2020
24/05/2020,50:26.2,6.6825,3.1468,-16.3,G,1.829781598,"Idi-Iroko Road, Ado Odo/Ota, Ogun, 112104, Nigeria",2020
24/05/2020,50:42.2,6.6727,3.1676,13,C,1.337753964,"Ado Odo/Ota, Ogun, 112104, Nigeria",2020
25/05/2020,03:45.6,6.6638,3.1485,-43,G,1.013309368,"Ado Odo/Ota, Ogun, 112104, Nigeria",2020
25/05/2020,11:22.2,6.6709,3.1704,6.6,C,1.593864142,"Ado Odo/Ota, Ogun, 112104, Nigeria",2020
25/05/2020,15:24.5,6.6655,3.1586,-45.3,G,0.466431212,"Idi-Iroko Road, Ado Odo/Ota, Ogun, 112104, Nigeria",2020
25/05/2020,15:24.6,6.6723,3.1631,-19.9,G,0.860027716,"Covenant University, Idi-Iroko Road, Ado Odo/Ota, Ogun, 112104, Nigeria",2020
25/05/2020,16:52.6,6.657,3.1427,14.1,C,1.985326871,"Ado Odo/Ota, Ogun, 112104, Nigeria",2020
25/05/2020,20:28.8,6.6669,3.1397,-10.7,G,1.825931227,"Ado Odo/Ota, Ogun, 112104, Nigeria",2020
25/05/2020,22:24.5,6.654,3.1484,-13.5,G,1.861776738,"Ado Odo/Ota, Ogun, 112104, Nigeria",2020
25/05/2020,25:01.0,6.6621,3.1451,-10.1,C,1.431351533,"Ado Odo/Ota, Ogun, 112104, Nigeria",2020
25/05/2020,29:30.3,6.679,3.1412,-24.2,G,1.993996993,"Ado Odo/Ota, Ogun, Nigeria",2020
25/05/2020,47:32.9,6.6712,3.172,-6.1,C,1.773522892,"Ado Odo/Ota, Ogun, 112104, Nigeria",2020
25/05/2020,48:31.9,6.6763,3.1414,-3.7,C,1.821763097,"Ado Odo/Ota, Ogun, 112104, Nigeria",2020
28/05/2020,38:17.7,6.6626,3.1636,10,C,1.083097665,"Anjorin Street, Ado Odo/Ota, Ogun, 112104, Nigeria",2020
28/05/2020,38:44.3,6.6752,3.1583,-8.2,C,0.742234847,"Ado Odo/Ota, Ogun, 112104, Nigeria",2020
28/05/2020,51:19.8,6.6838,3.1599,-106.9,G,1.710027763,"Ado Odo/Ota, Ogun, 112104, Nigeria",2020
28/05/2020,51:19.8,6.6663,3.1529,20.9,G,0.456773954,"proposed covenant university college of medcine, Ado Odo/Ota, Ogun, 112104, Nigeria",2020
28/05/2020,51:19.9,6.6639,3.1727,-43.6,G,1.914270601,"Ado Odo/Ota, Ogun, 112104, Nigeria",2020
28/05/2020,51:20.3,6.6695,3.1614,-56.7,G,0.588057489,"Covenant University, Idi-Iroko Road, Ado Odo/Ota, Ogun, 112104, Nigeria",2020
1/6/2020,22:50.7,6.6658,3.1394,9.9,C,1.87731128,"Ado Odo/Ota, Ogun, 112104, Nigeria",2020
1/6/2020,31:48.2,6.6595,3.169,13.5,C,1.765295906,"Ado Odo/Ota, Ogun, 112104, Nigeria",2020
2/6/2020,30:51.0,6.6774,3.1469,19.6,G,1.389437582,"Ado Odo/Ota, Ogun, 112104, Nigeria",2020
15/06/2020,42:31.1,6.6816,3.1634,-37.3,G,1.626574515,"A5-1, Otta, Ado Odo/Ota, Ogun, 112104, Nigeria",2020
17/06/2020,17:57.1,6.6727,3.1558,-18.4,G,0.425166751,"Covenant University, Idi-Iroko Road, Ado Odo/Ota, Ogun, 112104, Nigeria",2020
20/06/2020,36:48.0,6.6632,3.1462,-86.2,G,1.264252156,"Ado Odo/Ota, Ogun, 112104, Nigeria",2020
20/06/2020,36:48.0,6.6724,3.1455,-74.1,G,1.23523616,"Ado Odo/Ota, Ogun, 112104, Nigeria",2020
20/06/2020,36:48.3,6.6673,3.1594,-12.1,G,0.403922709,"Covenant University, Idi-Iroko Road, Ado Odo/Ota, Ogun, 112104, Nigeria",2020
20/06/2020,38:05.2,6.6657,3.1389,-9.6,C,1.933635407,"Ado Odo/Ota, Ogun, 112104, Nigeria",2020
20/06/2020,39:32.0,6.6658,3.1657,-27.2,G,1.113330466,"Ado Odo/Ota, Ogun, 112104, Nigeria",2020
20/06/2020,47:09.9,6.6736,3.167,23.4,G,1.311733943,"Ado Odo/Ota, Ogun, 112104, Nigeria",2020
20/06/2020,48:07.8,6.6696,3.1688,-10.6,C,1.403621541,"Ado Odo/Ota, Ogun, 112104, Nigeria",2020
20/06/2020,49:10.4,6.6558,3.1614,-23.5,G,1.568261985,"Ado Odo/Ota, Ogun, 112104, Nigeria",2020
20/06/2020,49:12.9,6.6548,3.1625,-14.2,G,1.718187959,"Ado Odo/Ota, Ogun, 112104, Nigeria",2020
20/06/2020,49:36.9,6.6651,3.1635,-8.1,C,0.918388604,"Ado Odo/Ota, Ogun, 112104, Nigeria",2020
20/06/2020,50:33.0,6.6732,3.1389,8.5,C,1.960346059,"Ado Odo/Ota, Ogun, 112104, Nigeria",2020
20/06/2020,50:43.9,6.6645,3.1632,19.6,G,0.922565696,"Ado Odo/Ota, Ogun, 112104, Nigeria",2020
20/06/2020,53:28.4,6.6575,3.1614,13.8,C,1.394610318,"Ado Odo/Ota, Ogun, 112104, Nigeria",2020
20/06/2020,00:06.8,6.6624,3.1629,-11.4,G,1.040571502,"Anjorin Street, Ado Odo/Ota, Ogun, 112104, Nigeria",2020
22/06/2020,04:58.2,6.6525,3.1632,20.6,G,1.983425784,"Ado Odo/Ota, Ogun, 112104, Nigeria",2020
6/7/2020,28:16.1,6.6613,3.1487,-21,G,1.175598606,"Ado Odo/Ota, Ogun, 112104, Nigeria",2020
6/7/2020,29:27.6,6.6577,3.1594,-15.1,G,1.296088463,"Ado Odo/Ota, Ogun, 112104, Nigeria",2020
6/7/2020,39:47.1,6.6641,3.1562,-11.1,G,0.532590761,"proposed covenant university college of medcine, Ado Odo/Ota, Ogun, 112104, Nigeria",2020
6/7/2020,40:26.4,6.6592,3.1448,-63.5,G,1.649635154,"Ado Odo/Ota, Ogun, 112104, Nigeria",2020
6/7/2020,28:22.8,6.6622,3.1477,-14.4,G,1.190018714,"Ado Odo/Ota, Ogun, 112104, Nigeria",2020
9/9/2020,48:06.9,6.665,3.1492,-21.9,G,0.877264681,"Ado Odo/Ota, Ogun, 112104, Nigeria",2020
9/9/2020,49:40.0,6.6571,3.1657,-7.2,C,1.685206265,"Ado Odo/Ota, Ogun, 112104, Nigeria",2020
9/9/2020,50:29.0,6.6743,3.1622,-28.4,G,0.902354072,"Covenant University, Idi-Iroko Road, Ado Odo/Ota, Ogun, 112104, Nigeria",2020
9/9/2020,50:29.1,6.6779,3.1658,-18.3,G,1.465947915,"Ado Odo/Ota, Ogun, 112104, Nigeria",2020
9/9/2020,50:29.2,6.6837,3.1638,-26.1,G,1.852952389,"Ado Odo/Ota, Ogun, 112104, Nigeria",2020
9/9/2020,51:59.3,6.6623,3.1488,-32.7,G,1.090309345,"Ado Odo/Ota, Ogun, 112104, Nigeria",2020
9/9/2020,51:59.6,6.655,3.164,-21.6,G,1.773195698,"Ado Odo/Ota, Ogun, 112104, Nigeria",2020
9/9/2020,54:15.8,6.6808,3.1617,-28.9,G,1.461222439,"A5-1, Otta, Ado Odo/Ota, Ogun, 112104, Nigeria",2020
9/9/2020,56:04.0,6.6624,3.163,-21.2,G,1.048557498,"Anjorin Street, Ado Odo/Ota, Ogun, 112104, Nigeria",2020
9/9/2020,58:49.8,6.6689,3.1501,-8.1,C,0.663883552,"Ado Odo/Ota, Ogun, 112104, Nigeria",2020
9/9/2020,00:31.8,6.6592,3.1617,-11.2,G,1.241652707,"Ado Odo/Ota, Ogun, 112104, Nigeria",2020
9/9/2020,00:32.0,6.6724,3.1402,-9,C,1.80010552,"Ado Odo/Ota, Ogun, 112104, Nigeria",2020
12/9/2020,55:36.6,6.6823,3.1619,-13.4,G,1.622517505,"Ado Odo/Ota, Ogun, 112104, Nigeria",2020
12/9/2020,57:59.1,6.6756,3.1584,-28.7,G,0.787895018,"Ado Odo/Ota, Ogun, 112104, Nigeria",2020
12/9/2020,02:07.0,6.6661,3.1427,-78.4,G,1.5132773,"Ado Odo/Ota, Ogun, 112104, Nigeria",2020
12/9/2020,05:02.6,6.6738,3.1719,-43.1,G,1.827266416,"Ado Odo/Ota, Ogun, 112104, Nigeria",2020
12/9/2020,06:30.5,6.6573,3.1623,-23.4,G,1.458685286,"Ado Odo/Ota, Ogun, 112104, Nigeria",2020
28/09/2020,33:42.9,6.6611,3.1679,-67.3,G,1.563752506,"Ado Odo/Ota, Ogun, 112104, Nigeria",2020
5/10/2020,11:20.4,6.6763,3.1439,-19.1,G,1.580465026,"Ado Odo/Ota, Ogun, Nigeria",2020
10/10/2020,18:25.4,6.6666,3.1621,-19.3,G,0.708707546,"Ado Odo/Ota, Ogun, 112104, Nigeria",2020
26/10/2020,12:22.8,6.6702,3.1482,-11.6,G,0.88580173,"Ado Odo/Ota, Ogun, 112104, Nigeria",2020
26/10/2020,30:28.4,6.6727,3.1632,-18.5,G,0.89024582,"Covenant University, Idi-Iroko Road, Ado Odo/Ota, Ogun, 112104, Nigeria",2020
26/10/2020,31:55.5,6.6633,3.1551,20.4,G,0.631409584,"Ado Odo/Ota, Ogun, 112104, Nigeria",2020
26/10/2020,32:45.3,6.6676,3.1706,-15.8,G,1.606597466,"Ado Odo/Ota, Ogun, 112104, Nigeria",2020
26/10/2020,35:24.0,6.6738,3.1542,14.4,C,0.585460554,"Covenant University, Idi-Iroko Road, Ado Odo/Ota, Ogun, 112104, Nigeria",2020
26/10/2020,36:35.6,6.6636,3.1674,21.3,G,1.378521332,"Ado Odo/Ota, Ogun, 112104, Nigeria",2020
26/10/2020,37:22.3,6.6776,3.1406,-12.2,G,1.967958488,"Ado Odo/Ota, Ogun, 112104, Nigeria",2020
26/10/2020,37:30.9,6.6826,3.1575,-19.2,G,1.532302739,"Ado Odo/Ota, Ogun, 112104, Nigeria",2020
26/10/2020,41:06.4,6.6767,3.1563,-27.3,G,0.868806295,"Covenant University, Idi-Iroko Road, Ado Odo/Ota, Ogun, 112104, Nigeria",2020
26/10/2020,48:43.8,6.6537,3.1578,12.1,C,1.699196549,"Ado Odo/Ota, Ogun, 112104, Nigeria",2020
9/11/2020,43:47.2,6.6788,3.1573,-37,G,1.109859451,"Ado Odo/Ota, Ogun, 112104, Nigeria",2020
9/11/2020,46:08.6,6.6722,3.1474,-8.8,C,1.030117495,"Ado Odo/Ota, Ogun, 112104, Nigeria",2020
9/11/2020,54:29.4,6.6797,3.1437,-43.7,G,1.823172963,"Ado Odo/Ota, Ogun, Nigeria",2020
9/11/2020,55:40.9,6.6576,3.1591,-37.4,G,1.297946436,"Ado Odo/Ota, Ogun, 112104, Nigeria",2020
10/11/2020,22:37.5,6.6786,3.1547,-14.3,G,1.091014312,"Ado Odo/Ota, Ogun, 112104, Nigeria",2021
6/1/2021,25:36.6,6.6689,3.1492,-27.5,C,0.76328171,"Ado Odo/Ota, Ogun, 112104, Nigeria",2021
6/1/2021,29:20.5,6.6613,3.1478,-61.7,G,1.24684811,"Ado Odo/Ota, Ogun, 112104, Nigeria",2021
6/1/2021,42:41.2,6.6809,3.1653,-9.6,C,1.677391877,"A5-1, Otta, Ado Odo/Ota, Ogun, 112104, Nigeria",2021
6/1/2021,47:51.0,6.6694,3.1494,9.7,C,0.74336753,"Ado Odo/Ota, Ogun, 112104, Nigeria",2021
11/2/2021,01:00.6,6.6705,3.1706,29.6,G,1.610184444,"Ado Odo/Ota, Ogun, 112104, Nigeria",2021
11/3/2021,34:16.6,6.6645,3.1547,-13.3,C,0.512302791,"Ado Odo/Ota, Ogun, 112104, Nigeria",2021
11/3/2021,35:39.8,6.6613,3.1533,16.9,C,0.899147896,"proposed covenant university college of medcine, Ado Odo/Ota, Ogun, 112104, Nigeria",2021
13/03/2021,41:07.8,6.6809,3.1546,5.3,C,1.345961036,"Idi-Iroko Road, Ado Odo/Ota, Ogun, 112104, Nigeria",2021
13/03/2021,41:38.8,6.6773,3.1575,-9.2,G,0.947767911,"Ado Odo/Ota, Ogun, 112104, Nigeria",2021
13/03/2021,44:02.5,6.6721,3.1622,-3.8,C,0.761385388,"Covenant University, Idi-Iroko Road, Ado Odo/Ota, Ogun, 112104, Nigeria",2021
13/03/2021,45:43.2,6.6576,3.1663,15.5,C,1.685822147,"Ado Odo/Ota, Ogun, 112104, Nigeria",2021
13/03/2021,46:34.6,6.6626,3.1458,-2.9,C,1.336360411,"Ado Odo/Ota, Ogun, 112104, Nigeria",2021
13/03/2021,47:07.3,6.6714,3.1688,9.6,C,1.428936378,"Ado Odo/Ota, Ogun, 112104, Nigeria",2021
13/03/2021,47:20.4,6.6841,3.1517,-8,G,1.760158944,"Ado Odo/Ota, Ogun, 112104, Nigeria",2021
13/03/2021,48:47.3,6.6694,3.1687,-10,G,1.391509668,"Ado Odo/Ota, Ogun, 112104, Nigeria",2021
13/03/2021,50:51.5,6.6659,3.1617,21.2,C,0.701040426,"Ado Odo/Ota, Ogun, 112104, Nigeria",2021
13/03/2021,51:08.7,6.6853,3.1613,5.5,C,1.912698521,"Ado Odo/Ota, Ogun, 112104, Nigeria",2021
13/03/2021,52:33.9,6.6808,3.1639,6,C,1.579287845,"A5-1, Otta, Ado Odo/Ota, Ogun, 112104, Nigeria",2021
13/03/2021,53:38.7,6.6662,3.1646,-14.1,G,0.98405888,"Ado Odo/Ota, Ogun, 112104, Nigeria",2021
13/03/2021,53:49.1,6.6672,3.1618,5.8,C,0.655762203,"Ado Odo/Ota, Ogun, 112104, Nigeria",2021
13/03/2021,54:28.0,6.6739,3.1619,-33.3,G,0.848076809,"Covenant University, Idi-Iroko Road, Ado Odo/Ota, Ogun, 112104, Nigeria",2021
13/03/2021,57:17.6,6.6799,3.1537,10,C,1.253001859,"Ado Odo/Ota, Ogun, 112104, Nigeria",2021
13/03/2021,58:23.3,6.6575,3.1517,21.9,G,1.356863963,"Ado Odo/Ota, Ogun, 112104, Nigeria",2021
13/03/2021,58:24.4,6.6811,3.1633,4.8,C,1.572899662,"A5-1, Otta, Ado Odo/Ota, Ogun, 112104, Nigeria",2021
13/03/2021,58:34.7,6.6711,3.1673,16.6,G,1.259948513,"Ado Odo/Ota, Ogun, 112104, Nigeria",2021
13/03/2021,58:41.0,6.6653,3.1634,-3.2,G,0.898493006,"Ado Odo/Ota, Ogun, 112104, Nigeria",2021
13/03/2021,59:01.9,6.677,3.1614,5.8,C,1.074540943,"A5-1, Otta, Ado Odo/Ota, Ogun, 112104, Nigeria",2021
13/03/2021,00:46.2,6.6657,3.1612,-6.5,C,0.664539523,"Idi-Iroko Road, Ado Odo/Ota, Ogun, 112104, Nigeria",2021
13/03/2021,02:25.1,6.6703,3.1494,-3,C,0.757617655,"Ado Odo/Ota, Ogun, 112104, Nigeria",2021
13/03/2021,03:09.5,6.6718,3.1449,-13.9,G,1.279793738,"Ado Odo/Ota, Ogun, 112104, Nigeria",2021
13/03/2021,05:21.8,6.6768,3.1472,-5.2,C,1.319998259,"Ado Odo/Ota, Ogun, 112104, Nigeria",2021
13/03/2021,06:36.8,6.6755,3.1579,10.2,C,0.761207866,"Ado Odo/Ota, Ogun, 112104, Nigeria",2021
13/03/2021,08:05.0,6.6722,3.1492,10,C,0.847436738,"Ado Odo/Ota, Ogun, 112104, Nigeria",2021
13/03/2021,08:20.5,6.6765,3.1639,-16.3,G,1.206742599,"Ado Odo/Ota, Ogun, 112104, Nigeria",2021
13/03/2021,17:07.9,6.6803,3.1438,4.6,C,1.859747415,"Ado Odo/Ota, Ogun, 112104, Nigeria",2021
13/03/2021,26:17.7,6.6853,3.1566,-6,G,1.825630779,"Ado Odo/Ota, Ogun, 112104, Nigeria",2021
13/03/2021,28:10.9,6.6774,3.1719,-3.9,G,1.984017048,"Ado Odo/Ota, Ogun, 112104, Nigeria",2021
13/03/2021,28:11.3,6.6756,3.1714,6,C,1.846082008,"Ado Odo/Ota, Ogun, 112104, Nigeria",2021
13/03/2021,29:26.0,6.6631,3.1677,5.8,C,1.432663299,"Ado Odo/Ota, Ogun, 112104, Nigeria",2021
13/03/2021,33:36.0,6.6642,3.1417,4.2,C,1.674829122,"Ado Odo/Ota, Ogun, 112104, Nigeria",2021
13/03/2021,38:16.2,6.661,3.1512,-6.6,C,1.031351309,"Ado Odo/Ota, Ogun, 112104, Nigeria",2021
13/03/2021,39:02.5,6.6654,3.1661,3.9,C,1.169426643,"Ado Odo/Ota, Ogun, 112104, Nigeria",2021
22/03/2021,20:28.2,6.655,3.1548,-8.2,G,1.551147862,"Ado Odo/Ota, Ogun, 112104, Nigeria",2021
22/03/2021,21:54.3,6.6678,3.1672,-7.8,G,1.230657526,"Ado Odo/Ota, Ogun, 112104, Nigeria",2021
22/03/2021,25:25.8,6.668,3.1717,-11.2,C,1.724513394,"Ado Odo/Ota, Ogun, 112104, Nigeria",2021
22/03/2021,26:21.6,6.6522,3.1499,-13.6,G,1.978451027,"Ado Odo/Ota, Ogun, 112104, Nigeria",2021
22/03/2021,27:45.5,6.6649,3.1398,-9.5,G,1.855248519,"Ado Odo/Ota, Ogun, 112104, Nigeria",2021
22/03/2021,29:53.5,6.6649,3.1697,39.8,G,1.56496842,"Ado Odo/Ota, Ogun, 112104, Nigeria",2021
22/03/2021,31:39.2,6.6746,3.1528,-15.7,G,0.732809511,"Ado Odo/Ota, Ogun, 112104, Nigeria",2021
22/03/2021,31:55.4,6.6622,3.1637,-12.2,G,1.120569989,"Anjorin Street, Ado Odo/Ota, Ogun, 112104, Nigeria",2021
22/03/2021,34:53.7,6.6749,3.1666,-23.1,G,1.337417439,"Ado Odo/Ota, Ogun, 112104, Nigeria",2021
22/03/2021,34:57.9,6.6671,3.1639,-13,G,0.882925317,"Ado Odo/Ota, Ogun, 112104, Nigeria",2021
22/03/2021,35:17.5,6.6767,3.1582,-6.2,C,0.898672309,"Ado Odo/Ota, Ogun, 112104, Nigeria",2021
22/03/2021,36:23.8,6.6633,3.1517,23.2,C,0.789651401,"Ado Odo/Ota, Ogun, 112104, Nigeria",2021
22/03/2021,37:25.1,6.6629,3.1437,-51.9,G,1.523925995,"Ado Odo/Ota, Ogun, 112104, Nigeria",2021
22/03/2021,38:08.7,6.6558,3.1658,9.1,C,1.806464381,"Ado Odo/Ota, Ogun, 112104, Nigeria",2021
22/03/2021,38:32.7,6.6732,3.1429,16.4,C,1.535793697,"Ado Odo/Ota, Ogun, 112104, Nigeria",2021
22/03/2021,39:02.6,6.6725,3.1537,-6,G,0.481810599,"Covenant University, Idi-Iroko Road, Ado Odo/Ota, Ogun, 112104, Nigeria",2021
22/03/2021,39:04.0,6.6673,3.1436,19.1,G,1.393010751,"Ado Odo/Ota, Ogun, 112104, Nigeria",2021
22/03/2021,39:13.1,6.6735,3.1697,-22.7,G,1.585953718,"Ado Odo/Ota, Ogun, 112104, Nigeria",2021
22/03/2021,39:57.2,6.6709,3.1547,-7.2,C,0.272573492,"Covenant University, Idi-Iroko Road, Ado Odo/Ota, Ogun, 112104, Nigeria",2021
22/03/2021,40:41.3,6.6692,3.1481,-9,C,0.885443301,"Ado Odo/Ota, Ogun, 112104, Nigeria",2021
22/03/2021,42:53.1,6.6711,3.1455,-9.9,G,1.197428624,"Ado Odo/Ota, Ogun, 112104, Nigeria",2021
22/03/2021,44:11.3,6.6736,3.1392,-28.1,G,1.939771632,"Ado Odo/Ota, Ogun, 112104, Nigeria",2021
22/03/2021,44:49.8,6.6859,3.151,14.3,C,1.973978048,"Isale, Ado Odo/Ota, Ogun, 112104, Nigeria",2021
22/03/2021,45:48.0,6.6806,3.168,-10.6,G,1.849269611,"A5-1, Otta, Ado Odo/Ota, Ogun, 112104, Nigeria",2021
22/03/2021,45:56.8,6.6557,3.166,-9.7,C,1.828542035,"Ado Odo/Ota, Ogun, 112104, Nigeria",2021
22/03/2021,48:11.6,6.6867,3.154,23.4,G,1.994181602,"Isale, Ado Odo/Ota, Ogun, 112104, Nigeria",2021
22/03/2021,49:24.2,6.6779,3.1451,21.6,G,1.575704227,"Ado Odo/Ota, Ogun, Nigeria",2021
22/03/2021,51:36.5,6.6613,3.1639,-12.2,C,1.205020614,"Anjorin Street, Ado Odo/Ota, Ogun, 112104, Nigeria",2021
22/03/2021,51:59.8,6.6576,3.146,-11,C,1.680100213,"Ado Odo/Ota, Ogun, 112104, Nigeria",2021
22/03/2021,52:56.8,6.6641,3.1397,-12.6,G,1.889097892,"Ado Odo/Ota, Ogun, 112104, Nigeria",2021
22/03/2021,54:52.1,6.6598,3.1573,-11.8,C,1.019132556,"proposed covenant university college of medcine, Ado Odo/Ota, Ogun, 112104, Nigeria",2021
22/03/2021,55:37.0,6.6683,3.1509,-10.2,G,0.579241855,"Ado Odo/Ota, Ogun, 112104, Nigeria",2021
22/03/2021,56:25.8,6.6636,3.1482,-7.5,G,1.05321392,"Ado Odo/Ota, Ogun, 112104, Nigeria",2021
22/03/2021,57:54.4,6.6669,3.1566,-7.6,G,0.22765038,"Covenant University, Idi-Iroko Road, Ado Odo/Ota, Ogun, 112104, Nigeria",2021
22/03/2021,59:58.3,6.6652,3.1649,6.1,C,1.053781304,"Ado Odo/Ota, Ogun, 112104, Nigeria",2021
3/4/2021,38:39.1,6.6632,3.1588,10.8,C,0.698815417,"Idi-Iroko Road, Ado Odo/Ota, Ogun, 112104, Nigeria",2021
3/4/2021,41:10.9,6.6575,3.1668,12.9,C,1.731290857,"Ado Odo/Ota, Ogun, 112104, Nigeria",2021
3/4/2021,51:47.1,6.6548,3.1543,-34.3,G,1.579331244,"Ado Odo/Ota, Ogun, 112104, Nigeria",2021
3/4/2021,07:20.1,6.6744,3.1597,42.2,G,0.729820122,"Covenant University, Idi-Iroko Road, Ado Odo/Ota, Ogun, 112104, Nigeria",2021
4/4/2021,46:48.2,6.666,3.1441,-20.1,G,1.364881524,"Ado Odo/Ota, Ogun, 112104, Nigeria",2021
10/4/2021,22:58.1,6.6593,3.1552,-9.5,G,1.070973712,"proposed covenant university college of medcine, Ado Odo/Ota, Ogun, 112104, Nigeria",2021
10/4/2021,22:58.4,6.6655,3.1575,-12.1,G,0.406851712,"proposed covenant university college of medcine, Ado Odo/Ota, Ogun, 112104, Nigeria",2021
18/04/2021,22:40.6,6.6625,3.1629,-7.5,G,1.032892273,"Anjorin Street, Ado Odo/Ota, Ogun, 112104, Nigeria",2021
18/04/2021,26:26.9,6.6868,3.1551,5.5,C,1.994752626,"Ado Odo/Ota, Ogun, 112104, Nigeria",2021
18/04/2021,34:39.1,6.6662,3.1569,5.2,C,0.311426935,"Covenant University, Idi-Iroko Road, Ado Odo/Ota, Ogun, 112104, Nigeria",2021
18/04/2021,00:54.9,6.6767,3.1643,120.8,G,1.253921511,"Ado Odo/Ota, Ogun, 112104, Nigeria",2021
3/5/2021,43:02.1,6.6656,3.142,-13.4,C,1.600805591,"Ado Odo/Ota, Ogun, 112104, Nigeria",2021
3/5/2021,44:07.1,6.6812,3.1593,15.9,C,1.41351038,"Ado Odo/Ota, Ogun, 112104, Nigeria",2021
3/5/2021,03:48.5,6.679,3.1692,12.8,C,1.831308544,"Ado Odo/Ota, Ogun, 112104, Nigeria",2021
3/5/2021,09:19.1,6.6685,3.1712,-24.3,C,1.667017337,"Ado Odo/Ota, Ogun, 112104, Nigeria",2021
3/5/2021,12:24.3,6.6681,3.1669,-13,G,1.194778222,"Ado Odo/Ota, Ogun, 112104, Nigeria",2021
30/05/2021,18:44.1,6.6654,3.1678,20.3,C,1.347987062,"Ado Odo/Ota, Ogun, 112104, Nigeria",2021
30/05/2021,20:25.5,6.6675,3.174,11.5,C,1.981724596,"Ado Odo/Ota, Ogun, 112104, Nigeria",2021
30/05/2021,21:35.8,6.6596,3.1568,10.8,C,1.035675871,"proposed covenant university college of medcine, Ado Odo/Ota, Ogun, 112104, Nigeria",2021
30/05/2021,30:51.8,6.6555,3.1443,-38.6,G,1.979416657,"Ado Odo/Ota, Ogun, 112104, Nigeria",2021
30/05/2021,31:20.2,6.6585,3.157,5.8,C,1.159355874,"proposed covenant university college of medcine, Ado Odo/Ota, Ogun, 112104, Nigeria",2021
4/6/2021,31:53.5,6.6755,3.1691,-30.3,G,1.611906396,"Ado Odo/Ota, Ogun, 112104, Nigeria",2021
4/6/2021,31:21.8,6.6681,3.1617,29.1,C,0.62345388,"Covenant University, Idi-Iroko Road, Ado Odo/Ota, Ogun, 112104, Nigeria",2021
4/6/2021,41:22.3,6.6583,3.1686,11.8,C,1.813523343,"Ado Odo/Ota, Ogun, 112104, Nigeria",2021
4/6/2021,43:29.3,6.6828,3.1539,25.9,C,1.566001685,"Isale, Ado Odo/Ota, Ogun, 112104, Nigeria",2021
4/6/2021,45:08.8,6.6616,3.1691,13.8,C,1.647660929,"Ado Odo/Ota, Ogun, 112104, Nigeria",2021
4/6/2021,50:05.4,6.6628,3.1439,12.3,C,1.509045134,"Ado Odo/Ota, Ogun, 112104, Nigeria",2021
7/6/2021,33:11.9,6.657,3.1524,-11,G,1.384064793,"Ado Odo/Ota, Ogun, 112104, Nigeria",2021
16/06/2021,29:52.3,6.679,3.1563,-60.4,G,1.124497657,"Idi-Iroko Road, Ado Odo/Ota, Ogun, 112104, Nigeria",2021
16/06/2021,29:52.9,6.6692,3.1709,-9.5,G,1.633688744,"Ado Odo/Ota, Ogun, 112104, Nigeria",2021
16/06/2021,43:42.7,6.6717,3.1633,33.9,G,0.853273103,"Covenant University, Idi-Iroko Road, Ado Odo/Ota, Ogun, 112104, Nigeria",2021
17/06/2021,51:19.2,6.6788,3.1586,17,C,1.135827781,"Ado Odo/Ota, Ogun, 112104, Nigeria",2021
17/06/2021,02:43.6,6.673,3.1514,22.3,C,0.692595986,"Ado Odo/Ota, Ogun, 112104, Nigeria",2021
18/06/2021,58:34.3,6.666,3.1703,-41.9,G,1.599647483,"Ado Odo/Ota, Ogun, 112104, Nigeria",2021
22/06/2021,33:58.6,6.6729,3.1688,-45.2,G,1.470651999,"Ado Odo/Ota, Ogun, 112104, Nigeria",2021
22/06/2021,36:51.0,6.6551,3.1491,10.8,C,1.717691979,"Ado Odo/Ota, Ogun, 112104, Nigeria",2021
22/06/2021,16:01.6,6.6758,3.1672,26.1,C,1.445819974,"Ado Odo/Ota, Ogun, 112104, Nigeria",2021
26/06/2021,35:33.4,6.6546,3.156,9.6,C,1.588899464,"Ado Odo/Ota, Ogun, 112104, Nigeria",2021
26/06/2021,05:45.9,6.681,3.1545,17.7,C,1.358397888,"Idi-Iroko Road, Ado Odo/Ota, Ogun, 112104, Nigeria",2021
26/06/2021,13:17.5,6.6809,3.1431,30.3,C,1.961790297,"Ado Odo/Ota, Ogun, 112104, Nigeria",2021
26/06/2021,26:57.4,6.6524,3.153,9,C,1.865399819,"Ado Odo/Ota, Ogun, 112104, Nigeria",2021
26/06/2021,00:38.1,6.6755,3.1444,18.9,C,1.487709044,"Ado Odo/Ota, Ogun, 112104, Nigeria",2021
30/06/2021,07:21.1,6.67,3.1445,8.6,C,1.288297321,"Ado Odo/Ota, Ogun, 112104, Nigeria",2021
6/7/2021,30:43.9,6.6682,3.1569,8.5,C,0.116012307,"Covenant University, Idi-Iroko Road, Ado Odo/Ota, Ogun, 112104, Nigeria",2021
6/7/2021,03:02.7,6.6588,3.1708,3.2,C,1.972397644,"Ado Odo/Ota, Ogun, 112104, Nigeria",2021
16/07/2021,28:13.0,6.6715,3.1619,9,C,0.702176521,"Covenant University, Idi-Iroko Road, Ado Odo/Ota, Ogun, 112104, Nigeria",2021
29/08/2021,59:06.3,6.6689,3.1729,17.6,C,1.854208475,"Ado Odo/Ota, Ogun, 112104, Nigeria",2021
29/08/2021,08:44.3,6.6568,3.1605,24.6,C,1.42894914,"Ado Odo/Ota, Ogun, 112104, Nigeria",2021
29/08/2021,08:44.4,6.675,3.1691,-6.6,C,1.587322773,"Ado Odo/Ota, Ogun, 112104, Nigeria",2021
1/9/2021,12:14.3,6.6667,3.1578,34.1,G,0.306646763,"Covenant University, Idi-Iroko Road, Ado Odo/Ota, Ogun, 112104, Nigeria",2021
1/9/2021,13:55.6,6.6612,3.156,-20.9,G,0.855053621,"proposed covenant university college of medcine, Ado Odo/Ota, Ogun, 112104, Nigeria",2021
1/9/2021,15:48.9,6.6578,3.1432,49.6,G,1.885125618,"Ado Odo/Ota, Ogun, 112104, Nigeria",2021
1/9/2021,18:14.1,6.6695,3.1726,-43.9,G,1.822341539,"Ado Odo/Ota, Ogun, 112104, Nigeria",2021
1/9/2021,18:14.2,6.6698,3.1516,-29.7,G,0.508414353,"Ado Odo/Ota, Ogun, 112104, Nigeria",2021
1/9/2021,23:07.2,6.6708,3.1415,-21.1,G,1.627617591,"Ado Odo/Ota, Ogun, 112104, Nigeria",2021
1/9/2021,23:49.7,6.6582,3.1501,11.2,C,1.361396846,"Ado Odo/Ota, Ogun, 112104, Nigeria",2021
1/9/2021,32:36.8,6.6513,3.1541,5.9,C,1.968367588,"Ado Odo/Ota, Ogun, 112104, Nigeria",2021
1/9/2021,45:34.8,6.6717,3.1684,-5.7,C,1.392743033,"Ado Odo/Ota, Ogun, 112104, Nigeria",2021
1/9/2021,02:45.6,6.6547,3.1612,17.7,C,1.674851348,"Ado Odo/Ota, Ogun, 112104, Nigeria",2021
1/9/2021,47:23.1,6.6621,3.1662,-16.8,G,1.345887635,"Ado Odo/Ota, Ogun, 112104, Nigeria",2021
1/9/2021,41:21.8,6.6603,3.153,4.6,C,1.014970748,"proposed covenant university college of medcine, Ado Odo/Ota, Ogun, 112104, Nigeria",2021
3/9/2021,38:01.5,6.6781,3.1556,-5.1,C,1.025783009,"Ado Odo/Ota, Ogun, 112104, Nigeria",2021
3/9/2021,43:18.6,6.6657,3.1569,-11.8,G,0.365135722,"proposed covenant university college of medcine, Ado Odo/Ota, Ogun, 112104, Nigeria",2021
3/9/2021,57:13.4,6.6675,3.1607,26.9,C,0.529817724,"Covenant University, Idi-Iroko Road, Ado Odo/Ota, Ogun, 112104, Nigeria",2021
3/9/2021,11:32.8,6.6657,3.1539,-7.4,G,0.430543002,"proposed covenant university college of medcine, Ado Odo/Ota, Ogun, 112104, Nigeria",2021
4/9/2021,09:57.6,6.6752,3.1647,8.8,C,1.179941738,"Ado Odo/Ota, Ogun, 112104, Nigeria",2021
4/9/2021,11:20.4,6.6698,3.1504,18.3,C,0.638833507,"Ado Odo/Ota, Ogun, 112104, Nigeria",2021
4/9/2021,28:58.6,6.6549,3.1647,-9.1,C,1.821918826,"Ado Odo/Ota, Ogun, 112104, Nigeria",2021
4/9/2021,30:01.8,6.6603,3.1548,7.4,C,0.965956204,"proposed covenant university college of medcine, Ado Odo/Ota, Ogun, 112104, Nigeria",2021
4/9/2021,33:36.5,6.6717,3.1508,-32,G,0.664659647,"Ado Odo/Ota, Ogun, 112104, Nigeria",2021
4/9/2021,33:56.3,6.6814,3.1468,-14.3,G,1.729977305,"Idi-Iroko Road, Ado Odo/Ota, Ogun, 112104, Nigeria",2021
4/9/2021,35:10.5,6.6778,3.1585,-12.9,C,1.025393346,"Ado Odo/Ota, Ogun, 112104, Nigeria",2021
4/9/2021,35:34.1,6.6735,3.1736,-14.4,G,1.998404452,"Ado Odo/Ota, Ogun, 112104, Nigeria",2021
4/9/2021,35:57.7,6.6643,3.1527,-22.6,G,0.634267068,"Ado Odo/Ota, Ogun, 112104, Nigeria",2021
4/9/2021,35:58.4,6.6524,3.1576,-18.1,G,1.8408402,"Ado Odo/Ota, Ogun, 112104, Nigeria",2021
4/9/2021,36:48.4,6.6661,3.1434,-11.8,C,1.437695298,"Ado Odo/Ota, Ogun, 112104, Nigeria",2021
4/9/2021,37:24.3,6.6802,3.1498,-10.5,C,1.437958252,"Ado Odo/Ota, Ogun, 112104, Nigeria",2021
4/9/2021,37:58.4,6.6795,3.1444,-13.7,G,1.750722171,"Ado Odo/Ota, Ogun, 112104, Nigeria",2021
4/9/2021,38:35.7,6.6862,3.1598,-25.5,G,1.967548404,"Ado Odo/Ota, Ogun, 112104, Nigeria",2021
4/9/2021,40:30.8,6.6734,3.1613,-9.4,G,0.761594579,"Covenant University, Idi-Iroko Road, Ado Odo/Ota, Ogun, 112104, Nigeria",2021
4/9/2021,45:11.2,6.6793,3.1689,-7.8,C,1.826231344,"Ado Odo/Ota, Ogun, 112104, Nigeria",2021
4/9/2021,47:39.7,6.6562,3.159,-16.3,G,1.446565541,"Ado Odo/Ota, Ogun, 112104, Nigeria",2021
4/9/2021,49:24.1,6.6742,3.1412,8.8,C,1.749503343,"Ado Odo/Ota, Ogun, 112104, Nigeria",2021
4/9/2021,51:13.7,6.6673,3.1573,-14.6,G,0.220125875,"Covenant University, Idi-Iroko Road, Ado Odo/Ota, Ogun, 112104, Nigeria",2021
4/9/2021,54:56.0,6.6621,3.1627,-12.7,G,1.048525093,"Anjorin Street, Ado Odo/Ota, Ogun, 112104, Nigeria",2021
4/9/2021,57:17.9,6.6822,3.1458,-14.6,G,1.86750519,"Idi-Iroko Road, Ado Odo/Ota, Ogun, 112104, Nigeria",2021
4/9/2021,09:01.5,6.6591,3.1465,6.3,C,1.520371884,"Ado Odo/Ota, Ogun, 112104, Nigeria",2021
5/9/2021,51:14.5,6.6564,3.1485,-16,G,1.623299558,"Ado Odo/Ota, Ogun, 112104, Nigeria",2021
5/9/2021,51:14.9,6.6691,3.1497,-13.8,G,0.708448301,"Ado Odo/Ota, Ogun, 112104, Nigeria",2021
5/9/2021,53:02.3,6.6522,3.1524,-17,G,1.900444942,"Ado Odo/Ota, Ogun, 112104, Nigeria",2021
5/9/2021,53:02.5,6.672,3.1501,-22.2,G,0.748606236,"Ado Odo/Ota, Ogun, 112104, Nigeria",2021
6/9/2021,20:01.6,6.679,3.1436,-21.6,G,1.781369851,"Ado Odo/Ota, Ogun, Nigeria",2021
6/9/2021,21:26.9,6.6675,3.1514,-28.2,G,0.542744109,"Ado Odo/Ota, Ogun, 112104, Nigeria",2021
6/9/2021,21:27.1,6.6694,3.1449,-31.9,G,1.239486738,"Ado Odo/Ota, Ogun, 112104, Nigeria",2021
22/09/2021,33:51.5,6.6586,3.151,10,C,1.275754903,"Ado Odo/Ota, Ogun, 112104, Nigeria",2021
25/09/2021,42:07.1,6.6631,3.1493,30,C,0.990055497,"Ado Odo/Ota, Ogun, 112104, Nigeria",2021
25/09/2021,49:42.2,6.6779,3.1518,24.6,C,1.109359744,"Ado Odo/Ota, Ogun, 112104, Nigeria",2021
25/09/2021,55:51.0,6.671,3.1583,6.7,C,0.336966266,"Covenant University, Idi-Iroko Road, Ado Odo/Ota, Ogun, 112104, Nigeria",2021
25/09/2021,57:33.5,6.6543,3.1631,-11.1,G,1.796488117,"Ado Odo/Ota, Ogun, 112104, Nigeria",2021
25/09/2021,00:26.2,6.6551,3.154,32.2,G,1.550881408,"Ado Odo/Ota, Ogun, 112104, Nigeria",2021
25/09/2021,02:47.8,6.6566,3.1554,-46.2,G,1.368717352,"proposed covenant university college of medcine, Ado Odo/Ota, Ogun, 112104, Nigeria",2021
25/09/2021,29:32.0,6.6553,3.1528,5.6,C,1.554637985,"Ado Odo/Ota, Ogun, 112104, Nigeria",2021
25/09/2021,42:51.2,6.6732,3.1602,14.5,C,0.658580661,"Covenant University, Idi-Iroko Road, Ado Odo/Ota, Ogun, 112104, Nigeria",2021
25/09/2021,43:42.6,6.6856,3.1519,-13.2,G,1.915507741,"Isale, Ado Odo/Ota, Ogun, 112104, Nigeria",2021
25/09/2021,17:12.0,6.6691,3.1446,14.9,C,1.271532951,"Ado Odo/Ota, Ogun, 112104, Nigeria",2021
25/09/2021,49:05.5,6.6843,3.1471,35,G,1.981657033,"Isale, Ado Odo/Ota, Ogun, 112104, Nigeria",2021
1/10/2021,09:58.5,6.6665,3.1565,-35.9,G,0.269082348,"Covenant University, Idi-Iroko Road, Ado Odo/Ota, Ogun, 112104, Nigeria",2021
1/10/2021,11:56.6,6.6788,3.1655,-30.5,G,1.513194002,"Ado Odo/Ota, Ogun, 112104, Nigeria",2021
1/10/2021,11:56.8,6.6777,3.1647,-43.8,G,1.363707269,"Ado Odo/Ota, Ogun, 112104, Nigeria",2021
1/10/2021,14:25.5,6.6827,3.1451,11.4,C,1.958902323,"Idi-Iroko Road, Ado Odo/Ota, Ogun, 112104, Nigeria",2021
1/10/2021,17:02.2,6.6778,3.1408,-28.9,G,1.959909928,"Ado Odo/Ota, Ogun, Nigeria",2021
1/10/2021,20:21.0,6.6732,3.1598,-19.7,G,0.629111155,"Covenant University, Idi-Iroko Road, Ado Odo/Ota, Ogun, 112104, Nigeria",2021
9/10/2021,39:07.9,6.6586,3.17,5.6,C,1.913602827,"Ado Odo/Ota, Ogun, 112104, Nigeria",2021
10/10/2021,10:35.9,6.668,3.1529,-17,G,0.368159481,"Covenant University, Idi-Iroko Road, Ado Odo/Ota, Ogun, 112104, Nigeria",2021
11/10/2021,59:00.2,6.6772,3.1443,-18.8,G,1.598630145,"Ado Odo/Ota, Ogun, Nigeria",2021
11/10/2021,01:07.1,6.6764,3.1427,-13.2,G,1.700396472,"Ado Odo/Ota, Ogun, 112104, Nigeria",2021
11/10/2021,02:41.8,6.6662,3.1539,-26.3,G,0.386043863,"proposed covenant university college of medcine, Ado Odo/Ota, Ogun, 112104, Nigeria",2021
11/10/2021,02:42.0,6.6612,3.1511,-63.1,G,1.018462849,"Ado Odo/Ota, Ogun, 112104, Nigeria",2021
11/10/2021,02:42.2,6.6684,3.1486,-19.1,G,0.831326,"Ado Odo/Ota, Ogun, 112104, Nigeria",2021
11/10/2021,02:42.3,6.6681,3.1541,-22.3,G,0.238807,"Covenant University, Idi-Iroko Road, Ado Odo/Ota, Ogun, 112104, Nigeria",2021
11/10/2021,02:47.5,6.6807,3.1665,-16.9,G,1.743929279,"A5-1, Otta, Ado Odo/Ota, Ogun, 112104, Nigeria",2021
11/10/2021,03:11.8,6.6557,3.164,-101.5,G,1.70583212,"Ado Odo/Ota, Ogun, 112104, Nigeria",2021
11/10/2021,03:11.9,6.655,3.1618,-7.3,G,1.667290594,"Ado Odo/Ota, Ogun, 112104, Nigeria",2021
11/10/2021,04:57.6,6.6727,3.1697,-33,G,1.559469433,"Ado Odo/Ota, Ogun, 112104, Nigeria",2021
11/10/2021,04:58.3,6.6571,3.158,-8.5,G,1.327360992,"Ado Odo/Ota, Ogun, 112104, Nigeria",2021
11/10/2021,05:41.0,6.6599,3.1632,7.7,C,1.269647828,"Ado Odo/Ota, Ogun, 112104, Nigeria",2021
11/10/2021,10:08.0,6.6632,3.1407,-65.3,G,1.815801313,"Ado Odo/Ota, Ogun, 112104, Nigeria",2021
11/10/2021,10:08.1,6.6735,3.1444,-37.9,G,1.391321307,"Ado Odo/Ota, Ogun, 112104, Nigeria",2021
11/10/2021,10:08.6,6.6699,3.1459,-23.9,G,1.133330548,"Ado Odo/Ota, Ogun, 112104, Nigeria",2021
11/10/2021,10:08.9,6.6687,3.1478,-12.2,G,0.918140761,"Ado Odo/Ota, Ogun, 112104, Nigeria",2021
11/10/2021,12:38.8,6.6537,3.1504,-17.5,G,1.802868149,"Ado Odo/Ota, Ogun, 112104, Nigeria",2021
11/10/2021,14:23.1,6.6857,3.1605,-52.5,G,1.931130779,"Ado Odo/Ota, Ogun, 112104, Nigeria",2021
11/10/2021,19:09.2,6.678,3.1464,-3.1,C,1.475353453,"Ado Odo/Ota, Ogun, 112104, Nigeria",2021
11/10/2021,21:59.3,6.6652,3.164,14.4,C,0.962999613,"Ado Odo/Ota, Ogun, 112104, Nigeria",2021
11/10/2021,24:44.5,6.6762,3.1516,17.9,G,0.953477474,"Ado Odo/Ota, Ogun, Nigeria",2021
15/10/2021,55:28.9,6.676,3.1683,-16,G,1.561214465,"Ado Odo/Ota, Ogun, 112104, Nigeria",2021
15/10/2021,55:42.5,6.6585,3.1625,-33.9,G,1.353646103,"Ado Odo/Ota, Ogun, 112104, Nigeria",2021
15/10/2021,56:51.6,6.6591,3.1681,-20.8,G,1.714062559,"Ado Odo/Ota, Ogun, 112104, Nigeria",2021
15/10/2021,56:51.7,6.6586,3.1578,-22.6,G,1.159178165,"proposed covenant university college of medcine, Ado Odo/Ota, Ogun, 112104, Nigeria",2021
15/10/2021,59:20.8,6.6743,3.1584,-45.2,G,0.652633856,"Covenant University, Idi-Iroko Road, Ado Odo/Ota, Ogun, 112104, Nigeria",2021
15/10/2021,01:52.6,6.6716,3.1568,15.1,C,0.310914297,"Covenant University, Idi-Iroko Road, Ado Odo/Ota, Ogun, 112104, Nigeria",2021
15/10/2021,06:50.0,6.685,3.1592,-20.1,G,1.823665001,"Ado Odo/Ota, Ogun, 112104, Nigeria",2021
15/10/2021,07:56.6,6.6824,3.1518,-50.2,G,1.576007559,"Ado Odo/Ota, Ogun, 112104, Nigeria",2021
15/10/2021,09:21.5,6.6678,3.1648,-21.1,G,0.967232684,"Ado Odo/Ota, Ogun, 112104, Nigeria",2021
15/10/2021,09:21.8,6.6732,3.1702,-20.1,G,1.628175252,"Ado Odo/Ota, Ogun, 112104, Nigeria",2021
15/10/2021,10:26.0,6.6656,3.1675,-19.9,G,1.309908231,"Ado Odo/Ota, Ogun, 112104, Nigeria",2021
15/10/2021,13:16.0,6.6735,3.1425,-31.1,G,1.588276152,"Ado Odo/Ota, Ogun, 112104, Nigeria",2021
15/10/2021,14:00.1,6.6726,3.1647,-21.9,G,1.03444713,"Ado Odo/Ota, Ogun, 112104, Nigeria",2021
15/10/2021,18:15.4,6.6682,3.1697,15.3,C,1.502746533,"Ado Odo/Ota, Ogun, 112104, Nigeria",2021
15/10/2021,19:11.8,6.669,3.1646,24,C,0.937616087,"Ado Odo/Ota, Ogun, 112104, Nigeria",2021
15/10/2021,19:11.9,6.6732,3.1544,-21.5,G,0.51527847,"Covenant University, Idi-Iroko Road, Ado Odo/Ota, Ogun, 112104, Nigeria",2021
15/10/2021,24:18.6,6.6609,3.1611,-16.1,G,1.045327655,"Ado Odo/Ota, Ogun, 112104, Nigeria",2021
22/10/2021,45:07.6,6.6802,3.1697,-30.9,G,1.958118798,"A5-1, Otta, Ado Odo/Ota, Ogun, 112104, Nigeria",2021
22/10/2021,45:07.7,6.6638,3.1551,-29.3,G,0.576772356,"Ado Odo/Ota, Ogun, 112104, Nigeria",2021
22/10/2021,45:07.8,6.6751,3.1686,-34.3,G,1.542545731,"Ado Odo/Ota, Ogun, 112104, Nigeria",2021
22/10/2021,45:07.9,6.6725,3.1672,-29.8,G,1.288827171,"Ado Odo/Ota, Ogun, 112104, Nigeria",2021
22/10/2021,46:37.3,6.6737,3.1592,-44.7,G,0.634486186,"Covenant University, Idi-Iroko Road, Ado Odo/Ota, Ogun, 112104, Nigeria",2021
22/10/2021,14:01.2,6.6671,3.141,12,C,1.680725235,"Ado Odo/Ota, Ogun, 112104, Nigeria",2021
25/10/2021,31:12.9,6.6792,3.1592,-25.7,G,1.196218435,"Ado Odo/Ota, Ogun, 112104, Nigeria",2021
25/10/2021,45:46.2,6.6598,3.1562,18.7,C,1.010686138,"proposed covenant university college of medcine, Ado Odo/Ota, Ogun, 112104, Nigeria",2021
25/10/2021,53:24.7,6.6657,3.1607,-18.1,G,0.618538391,"Idi-Iroko Road, Ado Odo/Ota, Ogun, 112104, Nigeria",2021
29/10/2021,32:27.4,6.6597,3.1598,7.7,C,1.099988961,"Ado Odo/Ota, Ogun, 112104, Nigeria",2021
31/10/2021,44:53.4,6.6604,3.1543,-30,C,0.964882349,"proposed covenant university college of medcine, Ado Odo/Ota, Ogun, 112104, Nigeria",2021
31/10/2021,52:21.4,6.6632,3.14,-11.9,G,1.888460605,"Ado Odo/Ota, Ogun, 112104, Nigeria",2021
31/10/2021,55:40.9,6.6761,3.149,6.5,C,1.122381971,"Ado Odo/Ota, Ogun, 112104, Nigeria",2021
31/10/2021,55:50.9,6.6787,3.1689,9.5,C,1.784685705,"Ado Odo/Ota, Ogun, 112104, Nigeria",2021
31/10/2021,56:19.6,6.6719,3.1525,16.6,C,0.520731364,"Covenant University, Idi-Iroko Road, Ado Odo/Ota, Ogun, 112104, Nigeria",2021
31/10/2021,09:42.5,6.6824,3.1605,-39.2,C,1.578623932,"Idi-Iroko Road, Otta, Ado Odo/Ota, Ogun, 112104, Nigeria",2021
31/10/2021,13:00.8,6.6816,3.1641,-13.1,G,1.66618949,"A5-1, Otta, Ado Odo/Ota, Ogun, 112104, Nigeria",2021
31/10/2021,13:00.9,6.6806,3.1658,-34.4,G,1.685461402,"A5-1, Otta, Ado Odo/Ota, Ogun, 112104, Nigeria",2021
31/10/2021,23:50.4,6.665,3.1492,23.6,C,0.877264681,"Ado Odo/Ota, Ogun, 112104, Nigeria",2021
31/10/2021,24:36.3,6.6704,3.1526,5.1,C,0.422614588,"Covenant University, Idi-Iroko Road, Ado Odo/Ota, Ogun, 112104, Nigeria",2021
31/10/2021,37:07.1,6.6673,3.173,13.6,G,1.873604058,"Ado Odo/Ota, Ogun, 112104, Nigeria",2021
31/10/2021,17:12.7,6.6587,3.1624,4.7,C,1.328912123,"Ado Odo/Ota, Ogun, 112104, Nigeria",2021
1/11/2021,09:29.0,6.6712,3.1577,3.3,C,0.311181768,"Covenant University, Idi-Iroko Road, Ado Odo/Ota, Ogun, 112104, Nigeria",2021
1/11/2021,26:14.7,6.6629,3.1623,8.4,C,0.95428999,"Anjorin Street, Ado Odo/Ota, Ogun, 112104, Nigeria",2021
1/11/2021,40:43.0,6.654,3.1514,-13.4,C,1.735406722,"Ado Odo/Ota, Ogun, 112104, Nigeria",2021
1/11/2021,44:37.6,6.6653,3.1513,-6.1,C,0.664522584,"Ado Odo/Ota, Ogun, 112104, Nigeria",2021
1/11/2021,53:54.0,6.6605,3.1446,-7.7,C,1.576830029,"Ado Odo/Ota, Ogun, 112104, Nigeria",2021
1/11/2021,54:12.7,6.6797,3.1608,11.2,C,1.308933854,"Ado Odo/Ota, Ogun, 112104, Nigeria",2021
1/11/2021,59:19.8,6.6618,3.1688,-4.7,C,1.607876919,"Ado Odo/Ota, Ogun, 112104, Nigeria",2021
1/11/2021,03:35.0,6.659,3.1512,-11.8,G,1.226094103,"Ado Odo/Ota, Ogun, 112104, Nigeria",2021
1/11/2021,05:06.4,6.6711,3.1425,-9.8,C,1.523216096,"Ado Odo/Ota, Ogun, 112104, Nigeria",2021
1/11/2021,06:04.5,6.6574,3.1512,-6.2,G,1.38788406,"Ado Odo/Ota, Ogun, 112104, Nigeria",2021
1/11/2021,16:11.3,6.6599,3.1524,-26,G,1.0802917,"proposed covenant university college of medcine, Ado Odo/Ota, Ogun, 112104, Nigeria",2021
1/11/2021,16:54.7,6.6532,3.1606,16,C,1.813603515,"Ado Odo/Ota, Ogun, 112104, Nigeria",2021
1/11/2021,26:48.0,6.6718,3.1631,-17.1,G,0.836996613,"Covenant University, Idi-Iroko Road, Ado Odo/Ota, Ogun, 112104, Nigeria",2021
1/11/2021,36:47.0,6.6832,3.1617,-9.5,G,1.706838139,"Ado Odo/Ota, Ogun, 112104, Nigeria",2021
4/11/2021,17:48.2,6.6726,3.168,-4.2,C,1.376352127,"Ado Odo/Ota, Ogun, 112104, Nigeria",2021
7/11/2021,57:48.9,6.6781,3.1688,-19,G,1.735774013,"Ado Odo/Ota, Ogun, 112104, Nigeria",2021
7/11/2021,02:29.7,6.6756,3.1627,13.8,C,1.04230868,"A5-1, Otta, Ado Odo/Ota, Ogun, 112104, Nigeria",2021
7/11/2021,26:41.5,6.6765,3.1637,20.1,C,1.191097814,"Ado Odo/Ota, Ogun, 112104, Nigeria",2021
7/11/2021,52:54.2,6.6611,3.1481,36.4,G,1.238115244,"Ado Odo/Ota, Ogun, 112104, Nigeria",2021
9/11/2021,36:06.7,6.676,3.1662,-27.5,G,1.366292906,"Ado Odo/Ota, Ogun, 112104, Nigeria",2021
9/11/2021,36:46.8,6.6627,3.1677,-35.6,G,1.453191063,"Ado Odo/Ota, Ogun, 112104, Nigeria",2021
9/11/2021,37:15.9,6.6654,3.1693,-19.6,G,1.507396661,"Ado Odo/Ota, Ogun, 112104, Nigeria",2021
9/11/2021,38:23.9,6.6719,3.163,-49.5,G,0.83123897,"Covenant University, Idi-Iroko Road, Ado Odo/Ota, Ogun, 112104, Nigeria",2021
9/11/2021,40:06.2,6.6794,3.1698,-31.2,G,1.910929367,"Ado Odo/Ota, Ogun, 112104, Nigeria",2021
9/11/2021,41:33.4,6.6579,3.1611,-43.5,G,1.340392975,"Ado Odo/Ota, Ogun, 112104, Nigeria",2021
9/11/2021,41:57.1,6.6783,3.1557,-27.1,G,1.047452197,"Ado Odo/Ota, Ogun, 112104, Nigeria",2021
9/11/2021,43:30.6,6.677,3.1624,-23.9,G,1.13835696,"A5-1, Otta, Ado Odo/Ota, Ogun, 112104, Nigeria",2021
9/11/2021,46:33.5,6.6823,3.1621,-19.2,G,1.631347389,"Ado Odo/Ota, Ogun, 112104, Nigeria",2021
11/11/2021,55:06.9,6.6567,3.1536,-16.1,G,1.383426781,"proposed covenant university college of medcine, Ado Odo/Ota, Ogun, 112104, Nigeria",2021
11/11/2021,57:16.0,6.6691,3.1514,20.7,G,0.520836233,"Ado Odo/Ota, Ogun, 112104, Nigeria",2021
11/11/2021,00:11.7,6.6601,3.1416,11.9,C,1.877122983,"Ado Odo/Ota, Ogun, 112104, Nigeria",2021
11/11/2021,01:34.4,6.656,3.1466,20.1,C,1.776918024,"Ado Odo/Ota, Ogun, 112104, Nigeria",2021
11/11/2021,04:13.7,6.6638,3.1516,18.9,C,0.753936627,"Ado Odo/Ota, Ogun, 112104, Nigeria",2021
11/11/2021,04:21.6,6.6771,3.1466,16.8,C,1.391768041,"Ado Odo/Ota, Ogun, 112104, Nigeria",2021
11/11/2021,04:52.6,6.673,3.1481,21.5,C,0.995881044,"Ado Odo/Ota, Ogun, 112104, Nigeria",2021
11/11/2021,12:13.0,6.6759,3.1589,9.3,C,0.838239871,"Ado Odo/Ota, Ogun, 112104, Nigeria",2021
11/11/2021,12:25.5,6.6645,3.1673,13.7,C,1.32861107,"Ado Odo/Ota, Ogun, 112104, Nigeria",2021
11/11/2021,14:35.5,6.6728,3.1513,13.2,C,0.686633933,"Ado Odo/Ota, Ogun, 112104, Nigeria",2021
11/11/2021,15:05.8,6.6818,3.1651,20,G,1.745459641,"A5-1, Otta, Ado Odo/Ota, Ogun, 112104, Nigeria",2021
11/11/2021,16:10.8,6.6694,3.1579,9.3,C,0.205581318,"Covenant University, Idi-Iroko Road, Ado Odo/Ota, Ogun, 112104, Nigeria",2021
11/11/2021,17:00.8,6.6694,3.1615,9.9,C,0.59786989,"Covenant University, Idi-Iroko Road, Ado Odo/Ota, Ogun, 112104, Nigeria",2021
11/11/2021,17:09.2,6.6607,3.1547,21.2,C,0.92380387,"proposed covenant university college of medcine, Ado Odo/Ota, Ogun, 112104, Nigeria",2021
11/11/2021,20:16.2,6.663,3.1458,10.5,C,1.313632423,"Ado Odo/Ota, Ogun, 112104, Nigeria",2021
11/11/2021,45:49.6,6.6717,3.1445,11.2,C,1.319904056,"Ado Odo/Ota, Ogun, 112104, Nigeria",2021
13/11/2021,50:45.7,6.6845,3.1588,16.2,C,1.761094381,"Ado Odo/Ota, Ogun, 112104, Nigeria",2021
13/11/2021,55:42.2,6.6548,3.1486,-38.2,G,1.772693809,"Ado Odo/Ota, Ogun, 112104, Nigeria",2021
13/11/2021,56:45.0,6.6737,3.1496,6,C,0.896269513,"Ado Odo/Ota, Ogun, 112104, Nigeria",2021
13/11/2021,56:45.1,6.6623,3.1723,-22.1,G,1.932242016,"Ado Odo/Ota, Ogun, 112104, Nigeria",2021
13/11/2021,57:28.2,6.6683,3.1676,37.9,G,1.270551763,"Ado Odo/Ota, Ogun, 112104, Nigeria",2021
13/11/2021,58:33.8,6.6769,3.1418,-53.4,G,1.814285213,"Ado Odo/Ota, Ogun, Nigeria",2021
13/11/2021,59:27.9,6.6833,3.166,17.3,C,1.939223421,"Ado Odo/Ota, Ogun, 112104, Nigeria",2021
13/11/2021,00:15.4,6.6785,3.1598,-17.1,G,1.143728109,"Ado Odo/Ota, Ogun, 112104, Nigeria",2021
13/11/2021,00:36.0,6.6819,3.1483,18.9,C,1.684439697,"Idi-Iroko Road, Ado Odo/Ota, Ogun, 112104, Nigeria",2021
13/11/2021,01:12.0,6.6756,3.1431,-20.8,G,1.619185133,"Ado Odo/Ota, Ogun, 112104, Nigeria",2021
13/11/2021,01:35.9,6.6772,3.1517,33.7,G,1.04469806,"Ado Odo/Ota, Ogun, 112104, Nigeria",2021
13/11/2021,02:45.9,6.6854,3.154,20.1,C,1.850696786,"Isale, Ado Odo/Ota, Ogun, 112104, Nigeria",2021
13/11/2021,02:46.1,6.6674,3.169,19.7,C,1.43307938,"Ado Odo/Ota, Ogun, 112104, Nigeria",2021
13/11/2021,03:14.0,6.6837,3.1539,23.3,C,1.664926005,"Isale, Ado Odo/Ota, Ogun, 112104, Nigeria",2021
13/11/2021,03:18.4,6.6847,3.1594,12.4,C,1.795244661,"Ado Odo/Ota, Ogun, 112104, Nigeria",2021
13/11/2021,06:42.2,6.6788,3.1457,-23.5,G,1.592679873,"Ado Odo/Ota, Ogun, 112104, Nigeria",2021
13/11/2021,11:14.4,6.6792,3.1533,-32.6,G,1.187833473,"Ado Odo/Ota, Ogun, 112104, Nigeria",2021
13/11/2021,11:41.6,6.6684,3.1407,23.9,C,1.702911298,"Ado Odo/Ota, Ogun, 112104, Nigeria",2021
13/11/2021,12:16.3,6.6711,3.15,-20.7,G,0.718312719,"Ado Odo/Ota, Ogun, 112104, Nigeria",2021
13/11/2021,12:16.3,6.6633,3.1473,-28.1,G,1.154635986,"Ado Odo/Ota, Ogun, 112104, Nigeria",2021
13/11/2021,13:32.6,6.6805,3.1643,-19.1,G,1.576341923,"A5-1, Otta, Ado Odo/Ota, Ogun, 112104, Nigeria",2021
13/11/2021,13:32.6,6.6726,3.169,-32.1,G,1.48208345,"Ado Odo/Ota, Ogun, 112104, Nigeria",2021
13/11/2021,13:32.7,6.6694,3.1568,-21.5,G,0.094966072,"Covenant University, Idi-Iroko Road, Ado Odo/Ota, Ogun, 112104, Nigeria",2021
13/11/2021,13:32.9,6.6751,3.1565,-76.2,G,0.69197811,"Covenant University, Idi-Iroko Road, Ado Odo/Ota, Ogun, 112104, Nigeria",2021
13/11/2021,13:32.9,6.6727,3.1511,-97.8,G,0.697050543,"Ado Odo/Ota, Ogun, 112104, Nigeria",2021
13/11/2021,13:33.0,6.6728,3.1661,-14.5,G,1.185821106,"Ado Odo/Ota, Ogun, 112104, Nigeria",2021
13/11/2021,15:52.3,6.681,3.147,-26,G,1.681103061,"Ado Odo/Ota, Ogun, 112104, Nigeria",2021
13/11/2021,15:52.4,6.6717,3.1589,-19.6,G,0.43883703,"Covenant University, Idi-Iroko Road, Ado Odo/Ota, Ogun, 112104, Nigeria",2021
13/11/2021,15:52.5,6.6773,3.1461,-25.2,G,1.448165037,"Ado Odo/Ota, Ogun, 112104, Nigeria",2021
13/11/2021,15:52.6,6.6861,3.157,-15.7,G,1.91630431,"Ado Odo/Ota, Ogun, 112104, Nigeria",2021
13/11/2021,15:52.8,6.6793,3.1578,-22.2,G,1.172592721,"Ado Odo/Ota, Ogun, 112104, Nigeria",2021
13/11/2021,15:52.8,6.683,3.1461,-11.6,G,1.919493867,"Idi-Iroko Road, Ado Odo/Ota, Ogun, 112104, Nigeria",2021
13/11/2021,17:25.7,6.6678,3.1383,24.7,C,1.970829665,"Ado Odo/Ota, Ogun, 112104, Nigeria",2021
13/11/2021,17:25.7,6.6797,3.1668,12,C,1.684847585,"A5-1, Otta, Ado Odo/Ota, Ogun, 112104, Nigeria",2021
13/11/2021,18:12.9,6.6604,3.1671,17.7,C,1.537510415,"Ado Odo/Ota, Ogun, 112104, Nigeria",2021
13/11/2021,21:56.0,6.6765,3.1656,21,C,1.347030672,"Ado Odo/Ota, Ogun, 112104, Nigeria",2021
13/11/2021,25:12.6,6.6644,3.1676,9.9,C,1.363513582,"Ado Odo/Ota, Ogun, 112104, Nigeria",2021
14/11/2021,36:59.6,6.6705,3.1503,-24.5,G,0.666327091,"Ado Odo/Ota, Ogun, 112104, Nigeria",2021
14/11/2021,38:42.8,6.6751,3.1392,-17.3,G,1.991299049,"Ado Odo/Ota, Ogun, Nigeria",2021
14/11/2021,39:11.0,6.6784,3.169,-40.1,G,1.773345009,"Ado Odo/Ota, Ogun, 112104, Nigeria",2021
14/11/2021,40:22.4,6.6767,3.1682,10.1,C,1.592773558,"Ado Odo/Ota, Ogun, 112104, Nigeria",2021
14/11/2021,40:30.2,6.6656,3.1401,-20,G,1.805734381,"Ado Odo/Ota, Ogun, 112104, Nigeria",2021
14/11/2021,42:53.4,6.6643,3.1667,12.1,C,1.275941162,"Ado Odo/Ota, Ogun, 112104, Nigeria",2021
14/11/2021,43:45.1,6.6557,3.1674,-13.5,C,1.924894763,"Ado Odo/Ota, Ogun, 112104, Nigeria",2021
14/11/2021,44:06.5,6.6791,3.1618,-32.9,G,1.297664808,"Ado Odo/Ota, Ogun, 112104, Nigeria",2021
14/11/2021,44:06.8,6.6701,3.1705,-23.7,G,1.594839915,"Ado Odo/Ota, Ogun, 112104, Nigeria",2021
14/11/2021,44:50.6,6.6675,3.168,6.2,C,1.322092507,"Ado Odo/Ota, Ogun, 112104, Nigeria",2021
14/11/2021,45:02.8,6.6705,3.1546,16.7,C,0.24483915,"Covenant University, Idi-Iroko Road, Ado Odo/Ota, Ogun, 112104, Nigeria",2021
14/11/2021,46:21.7,6.6775,3.1513,-15.9,G,1.095060736,"Ado Odo/Ota, Ogun, 112104, Nigeria",2021
14/11/2021,47:05.9,6.682,3.1541,-17.9,G,1.474711013,"Idi-Iroko Road, Ado Odo/Ota, Ogun, 112104, Nigeria",2021
14/11/2021,49:18.8,6.6769,3.1549,-31.5,G,0.900780934,"Ado Odo/Ota, Ogun, 112104, Nigeria",2021
14/11/2021,49:55.2,6.6719,3.1622,-17.2,G,0.751213152,"Covenant University, Idi-Iroko Road, Ado Odo/Ota, Ogun, 112104, Nigeria",2021
14/11/2021,50:10.7,6.686,3.1573,22.2,C,1.90719376,"Ado Odo/Ota, Ogun, 112104, Nigeria",2021
14/11/2021,53:23.6,6.6694,3.1406,13,C,1.714028365,"Ado Odo/Ota, Ogun, 112104, Nigeria",2021
14/11/2021,53:33.9,6.6545,3.157,26,C,1.602980631,"Ado Odo/Ota, Ogun, 112104, Nigeria",2021
14/11/2021,54:31.6,6.667,3.149,43.7,G,0.812971035,"Ado Odo/Ota, Ogun, 112104, Nigeria",2021
14/11/2021,54:42.3,6.6704,3.1471,14.6,C,1.009293531,"Ado Odo/Ota, Ogun, 112104, Nigeria",2021
14/11/2021,58:00.7,6.6677,3.1409,-18.2,G,1.685149485,"Ado Odo/Ota, Ogun, 112104, Nigeria",2021
14/11/2021,03:26.0,6.6553,3.1451,14.8,C,1.939612548,"Ado Odo/Ota, Ogun, 112104, Nigeria",2021
14/11/2021,06:42.0,6.6665,3.1711,-10.9,C,1.676592103,"Ado Odo/Ota, Ogun, 112104, Nigeria",2021
14/11/2021,12:50.7,6.6854,3.1515,-13.7,G,1.905271212,"Isale, Ado Odo/Ota, Ogun, 112104, Nigeria",2021
14/11/2021,13:26.8,6.6687,3.1716,9.2,C,1.710762018,"Ado Odo/Ota, Ogun, 112104, Nigeria",2021
14/11/2021,15:13.1,6.6743,3.1609,15,C,0.801097801,"Covenant University, Idi-Iroko Road, Ado Odo/Ota, Ogun, 112104, Nigeria",2021
14/11/2021,24:59.8,6.6745,3.1528,6.4,C,0.72319476,"Ado Odo/Ota, Ogun, 112104, Nigeria",2021
14/11/2021,31:54.0,6.6775,3.1554,19,C,0.960727154,"Ado Odo/Ota, Ogun, 112104, Nigeria",2021
15/11/2021,57:31.7,6.6771,3.1583,24.5,C,0.944495169,"Ado Odo/Ota, Ogun, 112104, Nigeria",2021
16/11/2021,58:53.4,6.6591,3.1674,16.1,C,1.655069182,"Ado Odo/Ota, Ogun, 112104, Nigeria",2021
16/11/2021,01:14.2,6.6724,3.1617,-20.6,G,0.730357732,"Covenant University, Idi-Iroko Road, Ado Odo/Ota, Ogun, 112104, Nigeria",2021
16/11/2021,07:27.1,6.6855,3.1517,18.7,C,1.910236272,"Isale, Ado Odo/Ota, Ogun, 112104, Nigeria",2021
16/11/2021,13:24.7,6.6579,3.1556,8.9,C,1.223212018,"proposed covenant university college of medcine, Ado Odo/Ota, Ogun, 112104, Nigeria",2021
16/11/2021,18:02.1,6.6614,3.1639,15.3,C,1.197260161,"Anjorin Street, Ado Odo/Ota, Ogun, 112104, Nigeria",2021
30/11/2021,09:53.7,6.6739,3.154,-21.8,G,0.604023466,"Covenant University, Idi-Iroko Road, Ado Odo/Ota, Ogun, 112104, Nigeria",2021
30/11/2021,27:53.8,6.6745,3.149,-19.6,G,1.003036701,"Ado Odo/Ota, Ogun, 112104, Nigeria",2022
6/3/2022,48:33.6,6.6728,3.164,6.5,C,0.973775242,"Ado Odo/Ota, Ogun, 112104, Nigeria",2022
6/3/2022,13:51.6,6.6788,3.1659,5.2,C,1.543801492,"Ado Odo/Ota, Ogun, 112104, Nigeria",2022
6/3/2022,18:19.5,6.676,3.1646,-9.9,G,1.226456612,"Ado Odo/Ota, Ogun, 112104, Nigeria",2022
6/3/2022,31:58.3,6.6573,3.1526,11.3,C,1.345708052,"Ado Odo/Ota, Ogun, 112104, Nigeria",2022
6/3/2022,37:52.5,6.6586,3.1477,6.7,C,1.473722397,"Ado Odo/Ota, Ogun, 112104, Nigeria",2022
6/3/2022,52:35.7,6.6547,3.1543,-12.6,G,1.590361819,"Ado Odo/Ota, Ogun, 112104, Nigeria",2022
11/3/2022,51:49.0,6.6861,3.1517,7.5,C,1.974820348,"Isale, Ado Odo/Ota, Ogun, 112104, Nigeria",2022
11/3/2022,56:11.7,6.6586,3.1702,28.4,G,1.931354277,"Ado Odo/Ota, Ogun, 112104, Nigeria",2022
11/3/2022,56:11.7,6.6685,3.1732,17.7,C,1.887836923,"Ado Odo/Ota, Ogun, 112104, Nigeria",2022
11/3/2022,57:17.2,6.659,3.156,24.4,C,1.09966287,"proposed covenant university college of medcine, Ado Odo/Ota, Ogun, 112104, Nigeria",2022
11/3/2022,57:45.2,6.6626,3.1685,8.5,C,1.536610508,"Ado Odo/Ota, Ogun, 112104, Nigeria",2022
11/3/2022,57:55.2,6.6642,3.1488,16.8,C,0.961161883,"Ado Odo/Ota, Ogun, 112104, Nigeria",2022
11/3/2022,58:02.1,6.6759,3.161,6.7,C,0.948318857,"Covenant University, Idi-Iroko Road, Ado Odo/Ota, Ogun, 112104, Nigeria",2022
12/3/2022,05:56.8,6.6582,3.1445,13.1,C,1.748467021,"Ado Odo/Ota, Ogun, 112104, Nigeria",2022
12/3/2022,05:56.8,6.6736,3.1443,18,C,1.405699831,"Ado Odo/Ota, Ogun, 112104, Nigeria",2022
12/3/2022,06:09.2,6.6688,3.1539,4.4,C,0.244400633,"Covenant University, Idi-Iroko Road, Ado Odo/Ota, Ogun, 112104, Nigeria",2022
12/3/2022,06:12.4,6.6825,3.1678,8.4,C,1.98925845,"Ado Odo/Ota, Ogun, Nigeria",2022
12/3/2022,09:35.0,6.6629,3.1534,8.5,C,0.730152678,"Ado Odo/Ota, Ogun, 112104, Nigeria",2022
12/3/2022,09:35.1,6.6595,3.1531,6.3,C,1.095684423,"proposed covenant university college of medcine, Ado Odo/Ota, Ogun, 112104, Nigeria",2022
12/3/2022,10:48.8,6.6839,3.1602,7.3,C,1.729166767,"Ado Odo/Ota, Ogun, 112104, Nigeria",2022
12/3/2022,17:27.8,6.6552,3.167,8.2,C,1.93989049,"Ado Odo/Ota, Ogun, 112104, Nigeria",2022
12/3/2022,18:17.6,6.6697,3.1419,6.1,C,1.572099418,"Ado Odo/Ota, Ogun, 112104, Nigeria",2022
12/3/2022,20:07.1,6.6711,3.1672,9.2,C,1.249118458,"Ado Odo/Ota, Ogun, 112104, Nigeria",2022
12/3/2022,21:06.1,6.6745,3.162,12.3,C,0.901265508,"Covenant University, Idi-Iroko Road, Ado Odo/Ota, Ogun, 112104, Nigeria",2022
12/3/2022,26:47.4,6.6591,3.1499,-9.2,C,1.286601385,"Ado Odo/Ota, Ogun, 112104, Nigeria",2022
12/3/2022,31:04.4,6.6558,3.1532,9.2,C,1.490507888,"Ado Odo/Ota, Ogun, 112104, Nigeria",2022
12/3/2022,43:24.0,6.671,3.1445,16.3,C,1.303666814,"Ado Odo/Ota, Ogun, 112104, Nigeria",2022
12/3/2022,47:25.3,6.659,3.1488,7.2,C,1.364224689,"Ado Odo/Ota, Ogun, 112104, Nigeria",2022
12/3/2022,49:32.6,6.6571,3.1504,37.2,G,1.454723716,"Ado Odo/Ota, Ogun, 112104, Nigeria",2022
12/3/2022,50:10.4,6.6604,3.1639,5.3,C,1.27710127,"Anjorin Street, Ado Odo/Ota, Ogun, 112104, Nigeria",2022
12/3/2022,51:07.2,6.6696,3.1463,21.3,C,1.086444631,"Ado Odo/Ota, Ogun, 112104, Nigeria",2022
12/3/2022,52:31.2,6.6654,3.1513,17.3,G,0.657905023,"Ado Odo/Ota, Ogun, 112104, Nigeria",2022
12/3/2022,11:58.2,6.6549,3.1661,-4.6,C,1.90699824,"Ado Odo/Ota, Ogun, 112104, Nigeria",2022
12/3/2022,22:22.3,6.6749,3.1679,-12.8,G,1.463535447,"Ado Odo/Ota, Ogun, 112104, Nigeria",2022
15/03/2022,08:55.6,6.6837,3.1602,-8.7,C,1.707709444,"Ado Odo/Ota, Ogun, 112104, Nigeria",2022
15/03/2022,24:26.8,6.6622,3.1637,-9.4,G,1.120569989,"Anjorin Street, Ado Odo/Ota, Ogun, 112104, Nigeria",2022
15/03/2022,25:52.5,6.6847,3.1598,-22.8,G,1.804701374,"Ado Odo/Ota, Ogun, 112104, Nigeria",2022
15/03/2022,58:58.5,6.6663,3.1472,15.4,C,1.025406017,"Ado Odo/Ota, Ogun, 112104, Nigeria",2022
15/03/2022,10:55.1,6.6581,3.1655,-11.1,G,1.585705401,"Ado Odo/Ota, Ogun, 112104, Nigeria",2022
26/03/2022,12:41.3,6.6574,3.1633,22.9,C,1.504130541,"Ado Odo/Ota, Ogun, 112104, Nigeria",2022
26/03/2022,14:13.2,6.6676,3.1608,26.1,C,0.53731977,"Covenant University, Idi-Iroko Road, Ado Odo/Ota, Ogun, 112104, Nigeria",2022
26/03/2022,19:49.0,6.6722,3.1406,7.9,C,1.75219919,"Ado Odo/Ota, Ogun, 112104, Nigeria",2022
26/03/2022,20:37.0,6.684,3.1624,-10.6,G,1.818168594,"Ado Odo/Ota, Ogun, 112104, Nigeria",2022
26/03/2022,21:18.3,6.6745,3.1606,16.4,C,0.796909349,"Covenant University, Idi-Iroko Road, Ado Odo/Ota, Ogun, 112104, Nigeria",2022
26/03/2022,21:38.9,6.6612,3.1455,11.6,C,1.450648112,"Ado Odo/Ota, Ogun, 112104, Nigeria",2022
26/03/2022,22:05.1,6.6651,3.1737,12.4,C,1.987731124,"Ado Odo/Ota, Ogun, 112104, Nigeria",2022
26/03/2022,23:14.3,6.6544,3.1616,-19.9,G,1.721369311,"Ado Odo/Ota, Ogun, 112104, Nigeria",2022
26/03/2022,23:14.3,6.6599,3.1555,-24.7,G,1.001795133,"proposed covenant university college of medcine, Ado Odo/Ota, Ogun, 112104, Nigeria",2022
26/03/2022,23:14.5,6.6652,3.1534,-22.5,G,0.507845064,"proposed covenant university college of medcine, Ado Odo/Ota, Ogun, 112104, Nigeria",2022
26/03/2022,26:09.4,6.6614,3.1464,13.4,C,1.357847584,"Ado Odo/Ota, Ogun, 112104, Nigeria",2022
6/4/2022,58:34.4,6.6658,3.1518,8,C,0.587087843,"proposed covenant university college of medcine, Ado Odo/Ota, Ogun, 112104, Nigeria",2022
8/4/2022,23:20.5,6.6637,3.1505,10,C,0.846724702,"Ado Odo/Ota, Ogun, 112104, Nigeria",2022
8/4/2022,25:30.3,6.6593,3.1614,3.8,C,1.215755003,"Ado Odo/Ota, Ogun, 112104, Nigeria",2022
8/4/2022,26:51.8,6.6601,3.1481,10.3,C,1.318295791,"Ado Odo/Ota, Ogun, 112104, Nigeria",2022
8/4/2022,27:43.5,6.6695,3.1618,-35.3,G,0.631959173,"Covenant University, Idi-Iroko Road, Ado Odo/Ota, Ogun, 112104, Nigeria",2022
12/4/2022,05:13.7,6.6707,3.1441,12.9,C,1.341734869,"Ado Odo/Ota, Ogun, 112104, Nigeria",2022
12/4/2022,05:47.4,6.6565,3.1677,-19.3,G,1.880407946,"Ado Odo/Ota, Ogun, 112104, Nigeria",2022
12/4/2022,07:57.0,6.6843,3.1597,14.9,C,1.758878576,"Ado Odo/Ota, Ogun, 112104, Nigeria",2022
12/4/2022,18:33.9,6.6577,3.1599,-12.9,C,1.31263556,"Ado Odo/Ota, Ogun, 112104, Nigeria",2022
12/4/2022,21:05.7,6.6703,3.1383,23.4,C,1.973349918,"Ado Odo/Ota, Ogun, 112104, Nigeria",2022
12/4/2022,23:04.6,6.6671,3.1483,-12.3,G,0.885316438,"Ado Odo/Ota, Ogun, 112104, Nigeria",2022
12/4/2022,28:00.9,6.6546,3.1654,23.3,C,1.891277214,"Ado Odo/Ota, Ogun, 112104, Nigeria",2022
17/04/2022,28:38.5,6.6633,3.172,-127.1,G,1.861612281,"Ado Odo/Ota, Ogun, 112104, Nigeria",2022
17/04/2022,33:59.0,6.6723,3.16,23.9,C,0.57300538,"Covenant University, Idi-Iroko Road, Ado Odo/Ota, Ogun, 112104, Nigeria",2022
17/04/2022,37:22.2,6.6638,3.1442,13.2,C,1.432039582,"Ado Odo/Ota, Ogun, 112104, Nigeria",2022
17/04/2022,40:16.7,6.6692,3.1666,4.3,C,1.158935976,"Ado Odo/Ota, Ogun, 112104, Nigeria",2022
17/04/2022,46:27.7,6.6816,3.1547,6.3,C,1.421976804,"Idi-Iroko Road, Ado Odo/Ota, Ogun, 112104, Nigeria",2022
17/04/2022,46:27.9,6.6727,3.1579,12.4,C,0.467567775,"Covenant University, Idi-Iroko Road, Ado Odo/Ota, Ogun, 112104, Nigeria",2022
20/04/2022,07:46.0,6.6764,3.1522,2.5,C,0.940284598,"Ado Odo/Ota, Ogun, Nigeria",2022
20/04/2022,09:37.7,6.6654,3.1549,4.8,C,0.410358535,"proposed covenant university college of medcine, Ado Odo/Ota, Ogun, 112104, Nigeria",2022
20/04/2022,15:40.0,6.6635,3.1489,3.3,C,0.996665794,"Ado Odo/Ota, Ogun, 112104, Nigeria",2022
20/04/2022,19:24.6,6.6671,3.163,5.9,C,0.786401126,"Ado Odo/Ota, Ogun, 112104, Nigeria",2022
20/04/2022,22:37.6,6.6816,3.1543,6.4,C,1.427493927,"Idi-Iroko Road, Ado Odo/Ota, Ogun, 112104, Nigeria",2022
20/04/2022,26:14.2,6.6688,3.1437,2.5,C,1.370750591,"Ado Odo/Ota, Ogun, 112104, Nigeria",2022
20/04/2022,27:29.9,6.6631,3.1665,3.8,C,1.315610114,"Ado Odo/Ota, Ogun, 112104, Nigeria",2022
20/04/2022,31:38.7,6.6581,3.1648,4,C,1.536263276,"Ado Odo/Ota, Ogun, 112104, Nigeria",2022
20/04/2022,31:43.5,6.6614,3.149,-7.3,C,1.144660562,"Ado Odo/Ota, Ogun, 112104, Nigeria",2022
20/04/2022,32:18.3,6.668,3.1666,7.9,C,1.162629995,"Ado Odo/Ota, Ogun, 112104, Nigeria",2022
20/04/2022,33:23.0,6.6707,3.1525,-12.2,G,0.446781183,"Covenant University, Idi-Iroko Road, Ado Odo/Ota, Ogun, 112104, Nigeria",2022
20/04/2022,34:47.5,6.6755,3.1435,7.3,C,1.574890208,"Ado Odo/Ota, Ogun, 112104, Nigeria",2022
20/04/2022,45:07.7,6.6683,3.1453,2.7,C,1.19580166,"Ado Odo/Ota, Ogun, 112104, Nigeria",2022
20/04/2022,49:51.3,6.6635,3.1492,2.4,C,0.970394326,"Ado Odo/Ota, Ogun, 112104, Nigeria",2022
20/04/2022,51:46.9,6.6639,3.1608,3.6,C,0.758887439,"Idi-Iroko Road, Ado Odo/Ota, Ogun, 112104, Nigeria",2022
20/04/2022,56:58.5,6.6663,3.1558,6.8,C,0.289914752,"Covenant University, Idi-Iroko Road, Ado Odo/Ota, Ogun, 112104, Nigeria",2022
24/04/2022,52:13.1,6.6773,3.167,11.7,C,1.52346635,"Ado Odo/Ota, Ogun, 112104, Nigeria",2022
24/04/2022,56:15.5,6.658,3.1419,6.2,C,1.982279416,"Ado Odo/Ota, Ogun, 112104, Nigeria",2022
24/04/2022,01:51.4,6.6632,3.1487,4.8,C,1.034458954,"Ado Odo/Ota, Ogun, 112104, Nigeria",2022
24/04/2022,27:02.9,6.6585,3.1552,5.9,C,1.159566258,"proposed covenant university college of medcine, Ado Odo/Ota, Ogun, 112104, Nigeria",2022
27/04/2022,49:58.7,6.6647,3.1534,15.8,G,0.553722281,"proposed covenant university college of medcine, Ado Odo/Ota, Ogun, 112104, Nigeria",2022
27/04/2022,56:59.8,6.6594,3.152,6.2,C,1.148663737,"proposed covenant university college of medcine, Ado Odo/Ota, Ogun, 112104, Nigeria",2022
4/5/2022,27:24.7,6.6833,3.1649,16.5,C,1.873496509,"Ado Odo/Ota, Ogun, 112104, Nigeria",2022
4/5/2022,44:30.7,6.6691,3.1403,-19.5,G,1.746376952,"Ado Odo/Ota, Ogun, 112104, Nigeria",2022
4/5/2022,47:31.9,6.6805,3.1511,23.3,C,1.404713008,"Ado Odo/Ota, Ogun, 112104, Nigeria",2022
4/5/2022,49:05.4,6.683,3.1483,-43.2,G,1.790591456,"Ado Odo/Ota, Ogun, 112104, Nigeria",2022
4/5/2022,49:42.7,6.6745,3.1489,-18.6,G,1.011707486,"Ado Odo/Ota, Ogun, 112104, Nigeria",2022
4/5/2022,49:43.1,6.6614,3.1626,-10.7,G,1.098648318,"Anjorin Street, Ado Odo/Ota, Ogun, 112104, Nigeria",2022
4/5/2022,54:07.0,6.6556,3.1533,23.3,C,1.509921363,"Ado Odo/Ota, Ogun, 112104, Nigeria",2022
4/5/2022,59:19.2,6.6773,3.1551,-41.8,G,0.94191561,"Ado Odo/Ota, Ogun, 112104, Nigeria",2022
6/5/2022,41:10.2,6.6708,3.1588,-7.4,G,0.365168843,"Covenant University, Idi-Iroko Road, Ado Odo/Ota, Ogun, 112104, Nigeria",2022
6/5/2022,48:17.1,6.6666,3.1615,15.6,C,0.647300009,"Ado Odo/Ota, Ogun, 112104, Nigeria",2022
6/5/2022,55:02.1,6.6521,3.15,-14.9,G,1.985102243,"Ado Odo/Ota, Ogun, 112104, Nigeria",2022
14/05/2022,04:59.2,6.6744,3.1417,14.1,C,1.705489647,"Ado Odo/Ota, Ogun, 112104, Nigeria",2022
14/05/2022,11:10.3,6.6814,3.1596,7,C,1.443547242,"A5-1, Otta, Ado Odo/Ota, Ogun, 112104, Nigeria",2022
14/05/2022,13:46.7,6.6753,3.1709,9.2,C,1.782108581,"Ado Odo/Ota, Ogun, 112104, Nigeria",2022
20/05/2022,41:20.8,6.6657,3.1435,9.3,C,1.437235785,"Ado Odo/Ota, Ogun, 112104, Nigeria",2022
20/05/2022,53:49.2,6.6544,3.1637,-31.4,G,1.816069361,"Ado Odo/Ota, Ogun, 112104, Nigeria",2022
20/05/2022,55:29.8,6.6565,3.1602,-30.1,G,1.449713008,"Ado Odo/Ota, Ogun, 112104, Nigeria",2022
20/05/2022,55:29.9,6.6563,3.1589,-18.4,G,1.433308035,"Ado Odo/Ota, Ogun, 112104, Nigeria",2022
20/05/2022,55:30.3,6.6566,3.1568,-24.5,G,1.368578729,"proposed covenant university college of medcine, Ado Odo/Ota, Ogun, 112104, Nigeria",2022
20/05/2022,00:45.7,6.6748,3.1452,-14.7,G,1.372645074,"Ado Odo/Ota, Ogun, 112104, Nigeria",2022
20/05/2022,01:48.5,6.6851,3.1531,9.5,C,1.833011504,"Isale, Ado Odo/Ota, Ogun, 112104, Nigeria",2022
20/05/2022,02:27.2,6.681,3.1442,42.6,G,1.88256877,"Ado Odo/Ota, Ogun, 112104, Nigeria",2022
20/05/2022,19:42.9,6.6775,3.1477,8.2,C,1.334073304,"Ado Odo/Ota, Ogun, 112104, Nigeria",2022
20/05/2022,20:16.8,6.6699,3.1433,14.8,C,1.419350347,"Ado Odo/Ota, Ogun, 112104, Nigeria",2022
20/05/2022,38:40.6,6.6611,3.1606,11.1,C,0.997942729,"Ado Odo/Ota, Ogun, 112104, Nigeria",2022
20/05/2022,40:36.8,6.6768,3.1632,-13.2,C,1.177614086,"Ado Odo/Ota, Ogun, 112104, Nigeria",2022
23/05/2022,56:05.2,6.6778,3.1663,-9.5,C,1.499357174,"Ado Odo/Ota, Ogun, 112104, Nigeria",2022
23/05/2022,01:43.3,6.6811,3.1512,-38.2,G,1.46213648,"Idi-Iroko Road, Ado Odo/Ota, Ogun, 112104, Nigeria",2022
3/6/2022,31:46.6,6.6727,3.1721,11.1,C,1.815985239,"Ado Odo/Ota, Ogun, 112104, Nigeria",2022
3/6/2022,43:58.0,6.6592,3.1433,7.4,C,1.778385001,"Ado Odo/Ota, Ogun, 112104, Nigeria",2022
3/6/2022,01:13.6,6.6767,3.1562,10.5,C,0.868611283,"Covenant University, Idi-Iroko Road, Ado Odo/Ota, Ogun, 112104, Nigeria",2022
3/6/2022,02:20.1,6.6781,3.1538,10.6,C,1.055553492,"Ado Odo/Ota, Ogun, 112104, Nigeria",2022
3/6/2022,12:36.7,6.6626,3.1578,-14.6,G,0.723741928,"Ado Odo/Ota, Ogun, 112104, Nigeria",2022
3/6/2022,22:11.0,6.6624,3.1725,7.4,C,1.948554264,"Ado Odo/Ota, Ogun, 112104, Nigeria",2022
3/6/2022,40:05.9,6.6786,3.1661,-5.8,G,1.543712295,"Ado Odo/Ota, Ogun, 112104, Nigeria",2022
7/6/2022,00:24.3,6.6558,3.1532,-18.1,G,1.490507888,"Ado Odo/Ota, Ogun, 112104, Nigeria",2022
7/6/2022,00:24.5,6.6695,3.1615,-22.5,G,0.599029115,"Covenant University, Idi-Iroko Road, Ado Odo/Ota, Ogun, 112104, Nigeria",2022
7/6/2022,00:39.6,6.6736,3.1555,-24.4,G,0.528181434,"Covenant University, Idi-Iroko Road, Ado Odo/Ota, Ogun, 112104, Nigeria",2022
7/6/2022,00:39.8,6.6662,3.172,-16.5,G,1.780103878,"Ado Odo/Ota, Ogun, 112104, Nigeria",2022
7/6/2022,00:50.2,6.6807,3.1539,11.5,C,1.335845308,"Idi-Iroko Road, Ado Odo/Ota, Ogun, 112104, Nigeria",2022
7/6/2022,01:38.1,6.6627,3.1608,11.6,C,0.861253429,"Idi-Iroko Road, Ado Odo/Ota, Ogun, 112104, Nigeria",2022
7/6/2022,01:41.8,6.6514,3.1593,-24.5,G,1.976311154,"Ado Odo/Ota, Ogun, 112104, Nigeria",2022
7/6/2022,01:41.9,6.6729,3.1675,-13.2,G,1.334549812,"Ado Odo/Ota, Ogun, 112104, Nigeria",2022
7/6/2022,01:42.0,6.6698,3.1699,-9.9,G,1.526245145,"Ado Odo/Ota, Ogun, 112104, Nigeria",2022
7/6/2022,04:39.5,6.678,3.1484,15.5,C,1.323502384,"Ado Odo/Ota, Ogun, 112104, Nigeria",2022
7/6/2022,05:22.2,6.6733,3.164,25.4,C,0.999843342,"Ado Odo/Ota, Ogun, 112104, Nigeria",2022
7/6/2022,05:26.4,6.6679,3.1528,-13.3,G,0.381862159,"Ado Odo/Ota, Ogun, 112104, Nigeria",2022
7/6/2022,08:42.4,6.665,3.1523,14.7,C,0.603454088,"proposed covenant university college of medcine, Ado Odo/Ota, Ogun, 112104, Nigeria",2022
7/6/2022,12:01.1,6.6631,3.1476,-11.7,G,1.139268596,"Ado Odo/Ota, Ogun, 112104, Nigeria",2022
7/6/2022,12:40.9,6.6591,3.1511,16.3,C,1.22109762,"Ado Odo/Ota, Ogun, 112104, Nigeria",2022
7/6/2022,13:51.6,6.6594,3.1567,22,C,1.057119088,"proposed covenant university college of medcine, Ado Odo/Ota, Ogun, 112104, Nigeria",2022
7/6/2022,20:53.0,6.6681,3.158,-8.8,G,0.226306671,"Covenant University, Idi-Iroko Road, Ado Odo/Ota, Ogun, 112104, Nigeria",2022
9/6/2022,32:23.8,6.6652,3.1587,8.1,C,0.500005385,"Idi-Iroko Road, Ado Odo/Ota, Ogun, 112104, Nigeria",2022
9/6/2022,37:18.1,6.6627,3.1627,8.4,C,1.001562495,"Anjorin Street, Ado Odo/Ota, Ogun, 112104, Nigeria",2022
9/6/2022,39:18.1,6.6849,3.1545,18.9,C,1.789223563,"Isale, Ado Odo/Ota, Ogun, 112104, Nigeria",2022
9/6/2022,42:47.6,6.6563,3.1654,8.1,C,1.735503653,"Ado Odo/Ota, Ogun, 112104, Nigeria",2022
9/6/2022,51:06.0,6.6715,3.1501,8.8,C,0.724593742,"Ado Odo/Ota, Ogun, 112104, Nigeria",2022
9/6/2022,54:34.7,6.6657,3.1691,4.3,C,1.477705019,"Ado Odo/Ota, Ogun, 112104, Nigeria",2022
9/6/2022,55:00.0,6.6805,3.143,5.2,C,1.940014392,"Ado Odo/Ota, Ogun, 112104, Nigeria",2022
9/6/2022,59:16.1,6.6628,3.1646,6,C,1.156453234,"Anjorin Street, Ado Odo/Ota, Ogun, 112104, Nigeria",2022
12/6/2022,54:36.9,6.6636,3.1404,8.3,C,1.83213666,"Ado Odo/Ota, Ogun, 112104, Nigeria",2022
20/06/2022,23:46.2,6.6789,3.1562,-32.3,G,1.11322793,"Idi-Iroko Road, Ado Odo/Ota, Ogun, 112104, Nigeria",2022
21/06/2022,47:21.8,6.6584,3.1657,10.4,C,1.575383428,"Ado Odo/Ota, Ogun, 112104, Nigeria",2022
21/06/2022,04:39.7,6.661,3.1546,-14.3,G,0.892939428,"proposed covenant university college of medcine, Ado Odo/Ota, Ogun, 112104, Nigeria",2022
21/06/2022,40:47.6,6.6673,3.1655,-8.1,G,1.051878475,"Ado Odo/Ota, Ogun, 112104, Nigeria",2022
21/06/2022,44:06.4,6.678,3.1518,9,C,1.119413183,"Ado Odo/Ota, Ogun, 112104, Nigeria",2022
21/06/2022,14:05.3,6.6701,3.1442,47.9,G,1.322367125,"Ado Odo/Ota, Ogun, 112104, Nigeria",2022
29/06/2022,03:33.7,6.6692,3.1497,-10.3,G,0.708903789,"Ado Odo/Ota, Ogun, 112104, Nigeria",2022
29/06/2022,08:37.6,6.6569,3.1545,-14,G,1.344926494,"proposed covenant university college of medcine, Ado Odo/Ota, Ogun, 112104, Nigeria",2022
29/06/2022,38:03.9,6.673,3.1446,26.8,C,1.351001167,"Ado Odo/Ota, Ogun, 112104, Nigeria",2022
8/7/2022,41:26.1,6.673,3.1468,-24.9,G,1.125367592,"Ado Odo/Ota, Ogun, 112104, Nigeria",2022
8/7/2022,41:26.1,6.6801,3.157,-17.9,G,1.250477989,"Idi-Iroko Road, Ado Odo/Ota, Ogun, 112104, Nigeria",2022
8/7/2022,41:26.3,6.6576,3.1461,-15.1,G,1.672779711,"Ado Odo/Ota, Ogun, 112104, Nigeria",2022
22/09/2022,38:58.9,6.682,3.1585,-19.4,G,1.48156917,"Idi-Iroko Road, Ado Odo/Ota, Ogun, 112104, Nigeria",2022
22/09/2022,51:31.6,6.659,3.1574,-27.8,G,1.108770171,"proposed covenant university college of medcine, Ado Odo/Ota, Ogun, 112104, Nigeria",2022
29/09/2022,30:08.7,6.6865,3.1582,27.1,C,1.971808238,"Ado Odo/Ota, Ogun, 112104, Nigeria",2022
29/09/2022,49:24.8,6.6637,3.1699,-68.8,G,1.628524829,"Ado Odo/Ota, Ogun, 112104, Nigeria",2022
18/10/2022,53:41.7,6.6842,3.1539,-60.7,G,1.71994151,"Isale, Ado Odo/Ota, Ogun, 112104, Nigeria",2022
18/10/2022,31:07.4,6.6752,3.14,24.6,C,1.912727317,"Ado Odo/Ota, Ogun, 112104, Nigeria",2022
20/10/2022,10:15.0,6.6532,3.1555,-35.2,G,1.745830109,"Ado Odo/Ota, Ogun, 112104, Nigeria",2022
20/10/2022,23:55.5,6.6604,3.1571,-28.8,G,0.950218944,"proposed covenant university college of medcine, Ado Odo/Ota, Ogun, 112104, Nigeria",2022
4/11/2022,44:13.3,6.6679,3.1623,-35.2,G,0.692305846,"Ado Odo/Ota, Ogun, 112104, Nigeria",2022
12/11/2022,36:05.3,6.679,3.1493,11.1,C,1.352740848,"Ado Odo/Ota, Ogun, 112104, Nigeria",2022
12/11/2022,36:52.3,6.6553,3.1502,6.8,C,1.646018739,"Ado Odo/Ota, Ogun, 112104, Nigeria",2022
12/11/2022,44:52.4,6.6785,3.1556,-22.1,G,1.070196383,"Ado Odo/Ota, Ogun, 112104, Nigeria",2022
12/11/2022,49:15.9,6.6639,3.1673,-13.8,G,1.354540188,"Ado Odo/Ota, Ogun, 112104, Nigeria",2022
20/11/2022,10:37.5,6.6672,3.1472,18.9,C,1.001924696,"Ado Odo/Ota, Ogun, 112104, Nigeria",2022
28/11/2022,38:28.8,6.6549,3.1453,12,C,1.960931682,"Ado Odo/Ota, Ogun, 112104, Nigeria",2022
28/11/2022,47:34.7,6.6661,3.1442,33.3,G,1.351555249,"Ado Odo/Ota, Ogun, 112104, Nigeria",2022
1/12/2022,40:32.3,6.6647,3.1493,19.5,C,0.884770382,"Ado Odo/Ota, Ogun, 112104, Nigeria",2022
1/12/2022,45:22.5,6.6634,3.1629,-45.7,G,0.966794135,"Anjorin Street, Ado Odo/Ota, Ogun, 112104, Nigeria",2022
1/12/2022,24:12.7,6.6566,3.1626,-7.2,C,1.542990152,"Ado Odo/Ota, Ogun, 112104, Nigeria",2022
1/12/2022,49:37.0,6.6631,3.15,22.3,C,0.932670839,"Ado Odo/Ota, Ogun, 112104, Nigeria",2022
28/01/2023,31:39.8,6.6625,3.1546,-7.7,G,0.729752255,"Ado Odo/Ota, Ogun, 112104, Nigeria",2023
28/02/2023,14:21.2,6.6824,3.1612,10.5,C,1.604049669,"Ado Odo/Ota, Ogun, 112104, Nigeria",2023
28/02/2023,15:44.6,6.6749,3.1466,9.2,C,1.245053301,"Ado Odo/Ota, Ogun, 112104, Nigeria",2023
28/02/2023,17:35.6,6.662,3.1514,10.1,C,0.926009715,"Ado Odo/Ota, Ogun, 112104, Nigeria",2023
28/02/2023,20:51.2,6.676,3.1577,-50,G,0.809956952,"Ado Odo/Ota, Ogun, 112104, Nigeria",2023
28/02/2023,23:23.7,6.6773,3.1616,8.3,C,1.114547381,"A5-1, Otta, Ado Odo/Ota, Ogun, 112104, Nigeria",2023
28/02/2023,23:39.5,6.6655,3.1688,3.7,C,1.451177583,"Ado Odo/Ota, Ogun, 112104, Nigeria",2023
28/02/2023,27:42.0,6.6695,3.1653,12.5,C,1.017116399,"Ado Odo/Ota, Ogun, 112104, Nigeria",2023
28/02/2023,02:04.7,6.6683,3.1559,9.7,C,0.069508647,"Covenant University, Idi-Iroko Road, Ado Odo/Ota, Ogun, 112104, Nigeria",2023
28/02/2023,02:04.8,6.6595,3.1556,48,G,1.045521913,"proposed covenant university college of medcine, Ado Odo/Ota, Ogun, 112104, Nigeria",2023
28/02/2023,06:37.3,6.6699,3.1641,24,G,0.889447071,"Ado Odo/Ota, Ogun, 112104, Nigeria",2023
28/02/2023,09:31.6,6.6538,3.1595,31.6,G,1.719048531,"Ado Odo/Ota, Ogun, 112104, Nigeria",2023
6/3/2023,58:33.7,6.6809,3.1636,11.3,C,1.570930935,"A5-1, Otta, Ado Odo/Ota, Ogun, 112104, Nigeria",2023
6/3/2023,58:33.8,6.6833,3.1589,12.9,C,1.631775134,"Ado Odo/Ota, Ogun, 112104, Nigeria",2023
6/3/2023,58:43.2,6.6512,3.1546,5.6,C,1.973982649,"Ado Odo/Ota, Ogun, 112104, Nigeria",2023
6/3/2023,02:28.6,6.6616,3.1586,11.7,C,0.855832891,"Ado Odo/Ota, Ogun, 112104, Nigeria",2023
6/3/2023,02:45.4,6.6788,3.17,10.7,C,1.888762769,"Ado Odo/Ota, Ogun, 112104, Nigeria",2023
6/3/2023,03:00.8,6.677,3.1555,10.2,C,0.904436035,"Ado Odo/Ota, Ogun, 112104, Nigeria",2023
6/3/2023,04:45.3,6.6741,3.1562,17.5,G,0.579532151,"Covenant University, Idi-Iroko Road, Ado Odo/Ota, Ogun, 112104, Nigeria",2023
6/3/2023,08:49.5,6.6783,3.168,26.9,G,1.679027771,"Ado Odo/Ota, Ogun, 112104, Nigeria",2023
6/3/2023,11:44.4,6.654,3.16,14.2,C,1.710375339,"Ado Odo/Ota, Ogun, 112104, Nigeria",2023
6/3/2023,13:59.7,6.6767,3.1475,31.7,G,1.287959115,"Ado Odo/Ota, Ogun, 112104, Nigeria",2023
23/03/2023,40:02.1,6.6625,3.1627,11.5,C,1.01697137,"Anjorin Street, Ado Odo/Ota, Ogun, 112104, Nigeria",2023
23/03/2023,50:16.6,6.6624,3.1467,20.2,C,1.265285672,"Ado Odo/Ota, Ogun, 112104, Nigeria",2023
23/03/2023,12:24.3,6.671,3.1672,-129.9,G,1.246977586,"Ado Odo/Ota, Ogun, 112104, Nigeria",2023
26/03/2023,35:12.1,6.6742,3.1568,23.3,C,0.595449128,"Covenant University, Idi-Iroko Road, Ado Odo/Ota, Ogun, 112104, Nigeria",2023
31/03/2023,25:38.2,6.6732,3.1713,-33.5,G,1.744643353,"Ado Odo/Ota, Ogun, 112104, Nigeria",2023
11/4/2023,29:25.9,6.6775,3.1699,-25.3,G,1.798875384,"Ado Odo/Ota, Ogun, 112104, Nigeria",2023
11/4/2023,29:25.9,6.6819,3.1661,-11.3,G,1.819383594,"A5-1, Otta, Ado Odo/Ota, Ogun, 112104, Nigeria",2023
11/4/2023,29:26.2,6.6764,3.1669,-36.1,G,1.45510502,"Ado Odo/Ota, Ogun, 112104, Nigeria",2023
11/4/2023,32:38.0,6.6542,3.1628,-10.5,G,1.792628649,"Ado Odo/Ota, Ogun, 112104, Nigeria",2023
11/4/2023,45:11.0,6.6556,3.1545,41,G,1.488332092,"Ado Odo/Ota, Ogun, 112104, Nigeria",2023
11/4/2023,45:11.1,6.6594,3.1664,24,C,1.550659452,"Ado Odo/Ota, Ogun, 112104, Nigeria",2023
14/04/2023,57:10.2,6.6723,3.1661,12.4,C,1.166578687,"Ado Odo/Ota, Ogun, 112104, Nigeria",2023
14/04/2023,58:39.2,6.6575,3.1628,11.5,C,1.466111272,"Ado Odo/Ota, Ogun, 112104, Nigeria",2023
14/04/2023,58:53.5,6.6765,3.1561,6,C,0.846317708,"Covenant University, Idi-Iroko Road, Ado Odo/Ota, Ogun, 112104, Nigeria",2023
14/04/2023,59:50.4,6.661,3.1428,25.3,C,1.711944869,"Ado Odo/Ota, Ogun, 112104, Nigeria",2023
14/04/2023,02:52.3,6.6619,3.1403,9,C,1.911349224,"Ado Odo/Ota, Ogun, 112104, Nigeria",2023
14/04/2023,03:24.5,6.6767,3.1699,9.3,C,1.753144854,"Ado Odo/Ota, Ogun, 112104, Nigeria",2023
14/04/2023,03:27.4,6.6679,3.1535,9.8,C,0.308630785,"Covenant University, Idi-Iroko Road, Ado Odo/Ota, Ogun, 112104, Nigeria",2023
14/04/2023,11:37.8,6.6644,3.1449,22.3,C,1.335011451,"Ado Odo/Ota, Ogun, 112104, Nigeria",2023
19/04/2023,32:17.9,6.6746,3.1457,-48.5,G,1.313536039,"Ado Odo/Ota, Ogun, 112104, Nigeria",2023
19/04/2023,32:17.9,6.6627,3.1452,-15.7,G,1.387713412,"Ado Odo/Ota, Ogun, 112104, Nigeria",2023
29/04/2023,42:41.1,6.6628,3.1491,11.7,C,1.028585581,"Ado Odo/Ota, Ogun, 112104, Nigeria",2023
29/04/2023,52:41.0,6.6571,3.1462,-32.4,G,1.707794721,"Ado Odo/Ota, Ogun, 112104, Nigeria",2023
1/5/2023,52:52.8,6.6562,3.1649,-29,G,1.712592223,"Ado Odo/Ota, Ogun, 112104, Nigeria",2023
13/05/2023,36:23.0,6.6684,3.1461,-62.3,G,1.106988839,"Ado Odo/Ota, Ogun, 112104, Nigeria",2023
14/05/2023,25:14.5,6.6756,3.1508,82.5,G,0.949178024,"Ado Odo/Ota, Ogun, Nigeria",2023
14/05/2023,30:58.4,6.6688,3.1694,15.8,C,1.467692521,"Ado Odo/Ota, Ogun, 112104, Nigeria",2023
14/05/2023,34:09.5,6.6627,3.168,-57.3,G,1.482456354,"Ado Odo/Ota, Ogun, 112104, Nigeria",2023
14/05/2023,38:10.4,6.6576,3.1683,13.4,C,1.840629654,"Ado Odo/Ota, Ogun, 112104, Nigeria",2023
14/05/2023,47:22.7,6.6771,3.1453,-49.7,G,1.503083109,"Ado Odo/Ota, Ogun, 112104, Nigeria",2023
14/05/2023,48:34.9,6.6785,3.161,31.8,G,1.197357554,"Ado Odo/Ota, Ogun, 112104, Nigeria",2023
14/05/2023,50:22.3,6.6667,3.1445,-40.1,G,1.305257402,"Ado Odo/Ota, Ogun, 112104, Nigeria",2023
14/05/2023,51:23.9,6.6594,3.1679,19.1,C,1.675856537,"Ado Odo/Ota, Ogun, 112104, Nigeria",2023
14/05/2023,51:42.3,6.6781,3.1626,18,C,1.250048602,"A5-1, Otta, Ado Odo/Ota, Ogun, 112104, Nigeria",2023
14/05/2023,53:29.4,6.674,3.1595,17.4,C,0.680500376,"Covenant University, Idi-Iroko Road, Ado Odo/Ota, Ogun, 112104, Nigeria",2023
14/05/2023,54:31.3,6.657,3.1572,59.7,G,1.327443081,"proposed covenant university college of medcine, Ado Odo/Ota, Ogun, 112104, Nigeria",2023
14/05/2023,55:12.1,6.673,3.1641,21.3,C,0.993701471,"Ado Odo/Ota, Ogun, 112104, Nigeria",2023
14/05/2023,57:02.6,6.6698,3.1585,16,C,0.282617643,"Covenant University, Idi-Iroko Road, Ado Odo/Ota, Ogun, 112104, Nigeria",2023
14/05/2023,58:44.0,6.6547,3.1486,27.8,C,1.782528263,"Ado Odo/Ota, Ogun, 112104, Nigeria",2023
14/05/2023,59:17.8,6.6826,3.149,16.9,C,1.714995808,"Ado Odo/Ota, Ogun, 112104, Nigeria",2023
14/05/2023,01:53.7,6.6666,3.1424,48.5,G,1.535533216,"Ado Odo/Ota, Ogun, 112104, Nigeria",2023
14/05/2023,03:20.2,6.684,3.1621,-77.3,G,1.805771507,"Ado Odo/Ota, Ogun, 112104, Nigeria",2023
14/05/2023,03:20.5,6.6818,3.1627,-39.6,G,1.609538814,"Idi-Iroko Road, Otta, Ado Odo/Ota, Ogun, 112104, Nigeria",2023
14/05/2023,10:46.0,6.6756,3.1536,22.2,C,0.796108649,"Ado Odo/Ota, Ogun, 112104, Nigeria",2023
14/05/2023,13:39.1,6.6725,3.1654,18.2,C,1.101667923,"Ado Odo/Ota, Ogun, 112104, Nigeria",2023
15/05/2023,45:59.0,6.6593,3.1696,48.1,G,1.832007208,"Ado Odo/Ota, Ogun, 112104, Nigeria",2023
15/05/2023,47:23.1,6.6707,3.1406,-17,G,1.724880256,"Ado Odo/Ota, Ogun, 112104, Nigeria",2023
15/05/2023,48:23.7,6.6746,3.1492,49.2,G,0.992912216,"Ado Odo/Ota, Ogun, 112104, Nigeria",2023
15/05/2023,48:28.6,6.6671,3.1563,-26.5,G,0.200006442,"Covenant University, Idi-Iroko Road, Ado Odo/Ota, Ogun, 112104, Nigeria",2023
15/05/2023,50:22.0,6.6547,3.1617,18.3,C,1.694181323,"Ado Odo/Ota, Ogun, 112104, Nigeria",2023
15/05/2023,50:36.3,6.6833,3.1501,-10.8,G,1.734516725,"Ado Odo/Ota, Ogun, 112104, Nigeria",2023
15/05/2023,50:39.6,6.6712,3.1679,9.3,C,1.327111253,"Ado Odo/Ota, Ogun, 112104, Nigeria",2023
15/05/2023,51:28.6,6.6606,3.152,7.6,C,1.027451148,"proposed covenant university college of medcine, Ado Odo/Ota, Ogun, 112104, Nigeria",2023
15/05/2023,51:37.7,6.6546,3.1624,16.4,C,1.734035801,"Ado Odo/Ota, Ogun, 112104, Nigeria",2023
15/05/2023,51:57.0,6.6535,3.1642,-10.4,G,1.930337771,"Ado Odo/Ota, Ogun, 112104, Nigeria",2023
15/05/2023,00:33.2,6.6801,3.1593,21.8,G,1.295411984,"Ado Odo/Ota, Ogun, 112104, Nigeria",2023
15/05/2023,02:35.4,6.6699,3.169,30.8,G,1.42791373,"Ado Odo/Ota, Ogun, 112104, Nigeria",2023
20/05/2023,37:58.8,6.6726,3.1472,-44.6,G,1.067174099,"Ado Odo/Ota, Ogun, 112104, Nigeria",2023
20/05/2023,39:12.1,6.6823,3.1471,-23.3,G,1.79282872,"Idi-Iroko Road, Ado Odo/Ota, Ogun, 112104, Nigeria",2023
20/05/2023,46:02.8,6.6725,3.1426,-33.2,G,1.545277131,"Ado Odo/Ota, Ogun, 112104, Nigeria",2023
20/05/2023,52:27.3,6.6775,3.1498,-14.9,G,1.184335409,"Ado Odo/Ota, Ogun, 112104, Nigeria",2023
31/05/2023,41:55.7,6.6823,3.1481,89.1,G,1.733958174,"Ado Odo/Ota, Ogun, 112104, Nigeria",2023
31/05/2023,55:17.7,6.6797,3.1571,30.1,G,1.207091444,"Ado Odo/Ota, Ogun, 112104, Nigeria",2023
31/05/2023,58:28.2,6.6734,3.1528,45.9,G,0.620758608,"Covenant University, Idi-Iroko Road, Ado Odo/Ota, Ogun, 112104, Nigeria",2023
2/7/2023,29:08.5,6.6763,3.1688,9,C,1.625723989,"Ado Odo/Ota, Ogun, 112104, Nigeria",2023
2/7/2023,29:08.6,6.669,3.1501,11.6,C,0.663997287,"Ado Odo/Ota, Ogun, 112104, Nigeria",2023
2/7/2023,32:12.2,6.654,3.1593,-17.5,G,1.692616262,"Ado Odo/Ota, Ogun, 112104, Nigeria",2023
2/7/2023,40:57.6,6.6835,3.1604,11.7,C,1.692321368,"Ado Odo/Ota, Ogun, 112104, Nigeria",2023
2/7/2023,45:16.0,6.6755,3.1655,-53.5,G,1.27107039,"Ado Odo/Ota, Ogun, 112104, Nigeria",2023
2/7/2023,45:16.1,6.6692,3.1405,-20.2,G,1.724477512,"Ado Odo/Ota, Ogun, 112104, Nigeria",2023
2/7/2023,51:38.1,6.6679,3.1433,-30.6,G,1.419159648,"Ado Odo/Ota, Ogun, 112104, Nigeria",2023
2/7/2023,52:55.3,6.6782,3.143,-86.5,G,1.780079026,"Ado Odo/Ota, Ogun, 112104, Nigeria",2023
7/7/2023,32:42.2,6.6571,3.1563,12,C,1.31103075,"proposed covenant university college of medcine, Ado Odo/Ota, Ogun, 112104, Nigeria",2023
7/7/2023,33:54.5,6.6526,3.1504,-5.2,C,1.917930042,"Ado Odo/Ota, Ogun, 112104, Nigeria",2023
7/7/2023,33:54.7,6.6709,3.1681,3,C,1.342832408,"Ado Odo/Ota, Ogun, 112104, Nigeria",2023
7/7/2023,38:36.2,6.6606,3.1419,36.3,G,1.820139142,"Ado Odo/Ota, Ogun, 112104, Nigeria",2023
7/7/2023,39:14.8,6.6606,3.1696,-10.1,G,1.751823093,"Ado Odo/Ota, Ogun, 112104, Nigeria",2023
7/7/2023,39:38.9,6.6627,3.171,4.8,C,1.782571169,"Ado Odo/Ota, Ogun, 112104, Nigeria",2023
7/7/2023,40:35.8,6.6574,3.1698,-41.6,G,1.979324214,"Ado Odo/Ota, Ogun, 112104, Nigeria",2023
7/7/2023,40:35.8,6.6651,3.1729,-12.3,G,1.901476372,"Ado Odo/Ota, Ogun, 112104, Nigeria",2023
7/7/2023,41:28.3,6.6796,3.1687,-12,C,1.830726677,"A5-1, Otta, Ado Odo/Ota, Ogun, 112104, Nigeria",2023
7/7/2023,41:40.1,6.6857,3.1498,4.1,C,1.995027291,"Ado Odo/Ota, Ogun, 112104, Nigeria",2023
7/7/2023,42:25.5,6.6587,3.1608,-23.5,G,1.245696418,"Ado Odo/Ota, Ogun, 112104, Nigeria",2023
7/7/2023,42:25.6,6.6624,3.1605,-4.8,C,0.869232288,"Idi-Iroko Road, Ado Odo/Ota, Ogun, 112104, Nigeria",2023
7/7/2023,42:25.7,6.666,3.1663,-16.3,G,1.170242408,"Ado Odo/Ota, Ogun, 112104, Nigeria",2023
7/7/2023,42:42.1,6.6716,3.1737,7.9,C,1.965809228,"Ado Odo/Ota, Ogun, 112104, Nigeria",2023
7/7/2023,43:12.7,6.6511,3.1546,4.5,C,1.985062552,"Ado Odo/Ota, Ogun, 112104, Nigeria",2023
7/7/2023,43:12.7,6.6641,3.1535,14.9,C,0.605573318,"Ado Odo/Ota, Ogun, 112104, Nigeria",2023
7/7/2023,43:42.0,6.6528,3.1555,-16.2,G,1.790275656,"Ado Odo/Ota, Ogun, 112104, Nigeria",2023
7/7/2023,43:42.0,6.6514,3.1552,-12.4,G,1.947277572,"Ado Odo/Ota, Ogun, 112104, Nigeria",2023
7/7/2023,44:03.3,6.673,3.1599,28.5,C,0.619737778,"Covenant University, Idi-Iroko Road, Ado Odo/Ota, Ogun, 112104, Nigeria",2023
7/7/2023,44:03.3,6.6638,3.1569,7.6,C,0.572527139,"proposed covenant university college of medcine, Ado Odo/Ota, Ogun, 112104, Nigeria",2023
7/7/2023,44:03.4,6.6777,3.1529,4.1,C,1.041960195,"Ado Odo/Ota, Ogun, 112104, Nigeria",2023
7/7/2023,44:46.6,6.6812,3.1483,18.6,C,1.618077218,"Ado Odo/Ota, Ogun, 112104, Nigeria",2023
7/7/2023,44:46.9,6.6642,3.1478,10.9,C,1.055645281,"Ado Odo/Ota, Ogun, 112104, Nigeria",2023
7/7/2023,45:38.6,6.6603,3.1572,5.5,C,0.96258297,"Ado Odo/Ota, Ogun, 112104, Nigeria",2023
7/7/2023,46:38.9,6.6708,3.1732,22.6,C,1.899263093,"Ado Odo/Ota, Ogun, 112104, Nigeria",2023
7/7/2023,47:06.5,6.6774,3.1718,8.5,C,1.974317376,"Ado Odo/Ota, Ogun, 112104, Nigeria",2023
7/7/2023,47:06.6,6.6652,3.1722,4.5,C,1.823634757,"Ado Odo/Ota, Ogun, 112104, Nigeria",2023
7/7/2023,47:14.4,6.6823,3.1681,8.2,C,1.994233839,"Idi-Iroko Road, Otta, Ado Odo/Ota, Ogun, 112104, Nigeria",2023
7/7/2023,47:25.2,6.6732,3.166,8.3,C,1.192723651,"Ado Odo/Ota, Ogun, 112104, Nigeria",2023
7/7/2023,47:35.5,6.6644,3.1515,-7,C,0.713087319,"Ado Odo/Ota, Ogun, 112104, Nigeria",2023
7/7/2023,47:52.1,6.6722,3.1477,25.6,C,0.999243556,"Ado Odo/Ota, Ogun, 112104, Nigeria",2023
7/7/2023,49:00.2,6.6614,3.151,-19.5,G,1.006022224,"Ado Odo/Ota, Ogun, 112104, Nigeria",2023
7/7/2023,49:00.2,6.6647,3.1461,-31.7,G,1.199763467,"Ado Odo/Ota, Ogun, 112104, Nigeria",2023
7/7/2023,49:00.4,6.6562,3.1574,-29.9,G,1.418102886,"proposed covenant university college of medcine, Ado Odo/Ota, Ogun, 112104, Nigeria",2023
7/7/2023,49:00.5,6.6701,3.1541,-11.1,G,0.25974892,"Covenant University, Idi-Iroko Road, Ado Odo/Ota, Ogun, 112104, Nigeria",2023
7/7/2023,49:00.6,6.6615,3.1523,-18.1,G,0.923149531,"proposed covenant university college of medcine, Ado Odo/Ota, Ogun, 112104, Nigeria",2023
7/7/2023,49:20.0,6.6844,3.1556,5.6,C,1.72568019,"Isale, Ado Odo/Ota, Ogun, 112104, Nigeria",2023
7/7/2023,50:07.0,6.6584,3.1449,13.1,C,1.701003814,"Ado Odo/Ota, Ogun, 112104, Nigeria",2023
7/7/2023,50:59.4,6.6801,3.1528,30,C,1.299146679,"Ado Odo/Ota, Ogun, 112104, Nigeria",2023
7/7/2023,52:04.9,6.6547,3.1549,10.3,C,1.583392512,"Ado Odo/Ota, Ogun, 112104, Nigeria",2023
7/7/2023,52:33.0,6.6761,3.1544,15.6,C,0.823807148,"Ado Odo/Ota, Ogun, 112104, Nigeria",2023
7/7/2023,52:41.6,6.6595,3.1471,13.4,C,1.44235631,"Ado Odo/Ota, Ogun, 112104, Nigeria",2023
7/7/2023,52:46.1,6.6538,3.1571,6.7,C,1.681359017,"Ado Odo/Ota, Ogun, 112104, Nigeria",2023
7/7/2023,52:52.3,6.6616,3.1457,-33.2,G,1.406775791,"Ado Odo/Ota, Ogun, 112104, Nigeria",2023
7/7/2023,53:13.1,6.655,3.1494,-54.7,G,1.713030304,"Ado Odo/Ota, Ogun, 112104, Nigeria",2023
7/7/2023,53:13.6,6.6594,3.1482,-30,G,1.369918913,"Ado Odo/Ota, Ogun, 112104, Nigeria",2023
7/7/2023,53:13.6,6.6615,3.1483,-15.5,G,1.191328888,"Ado Odo/Ota, Ogun, 112104, Nigeria",2023
7/7/2023,53:20.1,6.6537,3.1635,7.2,C,1.875748129,"Ado Odo/Ota, Ogun, 112104, Nigeria",2023
7/7/2023,53:51.7,6.6672,3.1453,7.4,C,1.208687019,"Ado Odo/Ota, Ogun, 112104, Nigeria",2023
7/7/2023,55:14.8,6.6598,3.1417,12.4,C,1.885371976,"Ado Odo/Ota, Ogun, 112104, Nigeria",2023
7/7/2023,55:33.8,6.6649,3.141,-19.1,G,1.726850896,"Ado Odo/Ota, Ogun, 112104, Nigeria",2023
7/7/2023,55:33.9,6.6548,3.1465,-12.9,G,1.892363468,"Ado Odo/Ota, Ogun, 112104, Nigeria",2023
7/7/2023,55:59.7,6.6589,3.1657,10.3,C,1.534677482,"Ado Odo/Ota, Ogun, 112104, Nigeria",2023
7/7/2023,56:15.6,6.652,3.1583,7.5,C,1.893455312,"Ado Odo/Ota, Ogun, 112104, Nigeria",2023
7/7/2023,56:15.8,6.6537,3.1581,6.2,C,1.70315217,"Ado Odo/Ota, Ogun, 112104, Nigeria",2023
7/7/2023,57:09.4,6.6649,3.1616,-29.3,G,0.75114686,"Idi-Iroko Road, Ado Odo/Ota, Ogun, 112104, Nigeria",2023
7/7/2023,57:14.7,6.6612,3.1591,19.1,C,0.916479283,"Ado Odo/Ota, Ogun, 112104, Nigeria",2023
7/7/2023,57:29.5,6.6642,3.1487,23.1,C,0.970458579,"Ado Odo/Ota, Ogun, 112104, Nigeria",2023
7/7/2023,57:37.7,6.6588,3.1628,30.9,G,1.343225766,"Ado Odo/Ota, Ogun, 112104, Nigeria",2023
7/7/2023,58:07.5,6.6533,3.1643,31.9,G,1.955163311,"Ado Odo/Ota, Ogun, 112104, Nigeria",2023
7/7/2023,59:15.9,6.6749,3.1616,5.7,C,0.902356742,"Covenant University, Idi-Iroko Road, Ado Odo/Ota, Ogun, 112104, Nigeria",2023
7/7/2023,59:56.3,6.6722,3.1624,-23.6,G,0.786109046,"Covenant University, Idi-Iroko Road, Ado Odo/Ota, Ogun, 112104, Nigeria",2023
7/7/2023,00:27.4,6.6709,3.1472,20.1,C,1.009250558,"Ado Odo/Ota, Ogun, 112104, Nigeria",2023
7/7/2023,00:27.5,6.6632,3.1618,9,C,0.891578362,"Anjorin Street, Ado Odo/Ota, Ogun, 112104, Nigeria",2023
7/7/2023,07:26.3,6.6779,3.1502,-12.1,G,1.195898492,"Ado Odo/Ota, Ogun, 112104, Nigeria",2023
7/7/2023,10:04.6,6.6824,3.1668,7.1,C,1.910672126,"Idi-Iroko Road, Otta, Ado Odo/Ota, Ogun, 112104, Nigeria",2023
12/7/2023,58:43.1,6.6742,3.1677,9,C,1.409579601,"Ado Odo/Ota, Ogun, 112104, Nigeria",2023
12/7/2023,07:21.9,6.6576,3.1622,-48.3,G,1.42405261,"Ado Odo/Ota, Ogun, 112104, Nigeria",2023
12/7/2023,08:17.7,6.674,3.1598,20.3,G,0.699271039,"Covenant University, Idi-Iroko Road, Ado Odo/Ota, Ogun, 112104, Nigeria",2023
12/7/2023,09:29.4,6.6602,3.1587,-13.9,G,1.007581198,"Ado Odo/Ota, Ogun, 112104, Nigeria",2023
12/7/2023,12:06.3,6.6606,3.1706,-161.8,G,1.846659302,"Ado Odo/Ota, Ogun, 112104, Nigeria",2023
12/7/2023,13:21.9,6.6586,3.1535,-70.6,G,1.179858051,"proposed covenant university college of medcine, Ado Odo/Ota, Ogun, 112104, Nigeria",2023
12/7/2023,13:22.0,6.6521,3.1536,-27.1,G,1.887327682,"Ado Odo/Ota, Ogun, 112104, Nigeria",2023
12/7/2023,14:34.3,6.6587,3.1441,-133.3,G,1.744511775,"Ado Odo/Ota, Ogun, 112104, Nigeria",2023
12/7/2023,14:34.4,6.658,3.1481,-54,G,1.499613876,"Ado Odo/Ota, Ogun, 112104, Nigeria",2023
12/7/2023,16:51.8,6.6515,3.1592,10.7,C,1.96342154,"Ado Odo/Ota, Ogun, 112104, Nigeria",2023
16/07/2023,15:54.0,6.6633,3.14,10.7,C,1.884764869,"Ado Odo/Ota, Ogun, 112104, Nigeria",2023
16/07/2023,16:07.4,6.6827,3.1637,-44,G,1.749544324,"Ado Odo/Ota, Ogun, 112104, Nigeria",2023
16/07/2023,18:15.8,6.6775,3.1675,17.9,G,1.580793354,"Ado Odo/Ota, Ogun, 112104, Nigeria",2023
16/07/2023,18:15.8,6.6784,3.1597,14.2,C,1.129421874,"Ado Odo/Ota, Ogun, 112104, Nigeria",2023
16/07/2023,18:18.4,6.6822,3.1573,-23,G,1.485940405,"Ado Odo/Ota, Ogun, 112104, Nigeria",2023
16/07/2023,20:57.4,6.6679,3.157,24.9,G,0.147406665,"Covenant University, Idi-Iroko Road, Ado Odo/Ota, Ogun, 112104, Nigeria",2023
16/07/2023,21:26.9,6.665,3.1618,23.9,G,0.762725208,"Idi-Iroko Road, Ado Odo/Ota, Ogun, 112104, Nigeria",2023
16/07/2023,24:39.3,6.6592,3.1641,13.5,C,1.392547017,"Ado Odo/Ota, Ogun, 112104, Nigeria",2023
16/07/2023,25:30.9,6.6846,3.1639,-19.2,G,1.947294882,"Ado Odo/Ota, Ogun, 112104, Nigeria",2023
16/07/2023,26:59.6,6.6708,3.1628,32.8,G,0.768694118,"Covenant University, Idi-Iroko Road, Ado Odo/Ota, Ogun, 112104, Nigeria",2023
16/07/2023,27:40.3,6.6684,3.1516,-8.8,G,0.501175837,"Ado Odo/Ota, Ogun, 112104, Nigeria",2023
16/07/2023,29:07.8,6.6854,3.1493,19.5,G,1.984076393,"Ado Odo/Ota, Ogun, 112104, Nigeria",2023
16/07/2023,30:54.8,6.6779,3.1583,13.6,C,1.030739417,"Ado Odo/Ota, Ogun, 112104, Nigeria",2023
16/07/2023,35:31.2,6.6656,3.145,9.8,C,1.280477919,"Ado Odo/Ota, Ogun, 112104, Nigeria",2023
16/07/2023,35:55.9,6.6665,3.1511,14.3,C,0.61388741,"Ado Odo/Ota, Ogun, 112104, Nigeria",2023
16/07/2023,36:03.9,6.6572,3.1587,14.1,C,1.330823821,"Ado Odo/Ota, Ogun, 112104, Nigeria",2023
16/07/2023,37:27.7,6.6846,3.1476,-35.1,G,1.983820732,"Isale, Ado Odo/Ota, Ogun, 112104, Nigeria",2023
16/07/2023,39:50.7,6.6808,3.1456,-21.1,G,1.76118614,"Ado Odo/Ota, Ogun, 112104, Nigeria",2023
16/07/2023,39:51.1,6.6828,3.154,-22.7,G,1.564317542,"Isale, Ado Odo/Ota, Ogun, 112104, Nigeria",2023
16/07/2023,40:58.6,6.6686,3.1579,-53.5,G,0.200164093,"Covenant University, Idi-Iroko Road, Ado Odo/Ota, Ogun, 112104, Nigeria",2023
16/07/2023,42:47.6,6.6718,3.1415,-20.1,G,1.645830228,"Ado Odo/Ota, Ogun, 112104, Nigeria",2023
16/07/2023,44:44.3,6.6742,3.1575,-17.8,G,0.610164047,"Covenant University, Idi-Iroko Road, Ado Odo/Ota, Ogun, 112104, Nigeria",2023
17/07/2023,33:32.6,6.6566,3.1652,-14.5,G,1.695541023,"Ado Odo/Ota, Ogun, 112104, Nigeria",2023
17/07/2023,35:47.6,6.6558,3.1555,-85.1,G,1.456982291,"proposed covenant university college of medcine, Ado Odo/Ota, Ogun, 112104, Nigeria",2023
17/07/2023,36:33.8,6.6609,3.1443,-27.2,G,1.578206348,"Ado Odo/Ota, Ogun, 112104, Nigeria",2023
17/07/2023,36:34.0,6.6562,3.1675,-86,G,1.890211594,"Ado Odo/Ota, Ogun, 112104, Nigeria",2023
17/07/2023,59:35.6,6.6558,3.154,-33.9,G,1.473976048,"Ado Odo/Ota, Ogun, 112104, Nigeria",2023
17/07/2023,01:52.9,6.6653,3.1573,-40.7,G,0.420112893,"proposed covenant university college of medcine, Ado Odo/Ota, Ogun, 112104, Nigeria",2023
17/07/2023,01:53.1,6.6704,3.1531,-29.9,G,0.372593111,"Covenant University, Idi-Iroko Road, Ado Odo/Ota, Ogun, 112104, Nigeria",2023
17/07/2023,03:49.9,6.6575,3.1662,27.9,G,1.686802171,"Ado Odo/Ota, Ogun, 112104, Nigeria",2023
17/07/2023,03:49.9,6.6692,3.1701,30.2,G,1.545355663,"Ado Odo/Ota, Ogun, 112104, Nigeria",2023
17/07/2023,05:37.0,6.6807,3.1467,-30.7,G,1.67485812,"Ado Odo/Ota, Ogun, 112104, Nigeria",2023
22/07/2023,54:30.9,6.6779,3.1559,27.4,G,1.002260941,"Ado Odo/Ota, Ogun, 112104, Nigeria",2023
2/9/2023,54:12.7,6.6655,3.1394,32.4,G,1.883700538,"Ado Odo/Ota, Ogun, 112104, Nigeria",2023
2/9/2023,33:19.0,6.6551,3.1551,28.8,G,1.537315892,"Ado Odo/Ota, Ogun, 112104, Nigeria",2023
2/9/2023,42:32.4,6.6563,3.1631,-12.5,G,1.598529962,"Ado Odo/Ota, Ogun, 112104, Nigeria",2023
2/9/2023,42:32.5,6.6825,3.165,-16.8,G,1.803987894,"Idi-Iroko Road, Otta, Ado Odo/Ota, Ogun, 112104, Nigeria",2023
2/9/2023,42:32.8,6.6684,3.1673,-6.8,G,1.236925501,"Ado Odo/Ota, Ogun, 112104, Nigeria",2023
2/9/2023,42:32.9,6.6695,3.1636,-7.5,G,0.829878434,"Ado Odo/Ota, Ogun, 112104, Nigeria",2023
2/9/2023,43:06.4,6.6644,3.1728,7.3,C,1.909561872,"Ado Odo/Ota, Ogun, 112104, Nigeria",2023
2/9/2023,43:39.7,6.6519,3.1546,-55.6,G,1.8964363,"Ado Odo/Ota, Ogun, 112104, Nigeria",2023
2/9/2023,51:36.7,6.66,3.1683,-50,G,1.670073707,"Ado Odo/Ota, Ogun, 112104, Nigeria",2023
2/9/2023,58:06.8,6.6557,3.1576,-19.3,G,1.475727921,"proposed covenant university college of medcine, Ado Odo/Ota, Ogun, 112104, Nigeria",2023
8/9/2023,42:23.3,6.6536,3.1471,-21.6,G,1.969932447,"Ado Odo/Ota, Ogun, 112104, Nigeria",2023
8/9/2023,49:54.4,6.6755,3.1529,11.6,C,0.816195023,"Ado Odo/Ota, Ogun, 112104, Nigeria",2023
8/9/2023,55:52.0,6.6707,3.1541,32,G,0.299816682,"Covenant University, Idi-Iroko Road, Ado Odo/Ota, Ogun, 112104, Nigeria",2023
8/9/2023,57:43.5,6.6546,3.164,-19.2,G,1.812065988,"Ado Odo/Ota, Ogun, 112104, Nigeria",2023
8/9/2023,00:25.4,6.6557,3.1546,24.5,C,1.47600339,"proposed covenant university college of medcine, Ado Odo/Ota, Ogun, 112104, Nigeria",2023
8/9/2023,22:43.4,6.6667,3.162,15.3,G,0.694436297,"Ado Odo/Ota, Ogun, 112104, Nigeria",2023
8/9/2023,30:15.5,6.6701,3.1409,-29.7,G,1.685341013,"Ado Odo/Ota, Ogun, 112104, Nigeria",2023
8/9/2023,30:15.7,6.67,3.145,-23.9,G,1.233341995,"Ado Odo/Ota, Ogun, 112104, Nigeria",2023
8/9/2023,35:00.7,6.6626,3.1642,-15.9,G,1.13450807,"Anjorin Street, Ado Odo/Ota, Ogun, 112104, Nigeria",2023
12/9/2023,18:00.8,6.6827,3.1649,-34.9,G,1.81676122,"Idi-Iroko Road, Otta, Ado Odo/Ota, Ogun, 112104, Nigeria",2023
12/9/2023,20:57.1,6.658,3.1513,11.3,C,1.322252358,"Ado Odo/Ota, Ogun, 112104, Nigeria",2023
12/9/2023,24:56.2,6.6646,3.1663,12.3,C,1.222177787,"Ado Odo/Ota, Ogun, 112104, Nigeria",2023
12/9/2023,26:24.8,6.6674,3.1721,12.8,C,1.773600592,"Ado Odo/Ota, Ogun, 112104, Nigeria",2023
12/9/2023,26:25.0,6.6737,3.1704,11,C,1.666305621,"Ado Odo/Ota, Ogun, 112104, Nigeria",2023
16/09/2023,30:16.6,6.6662,3.171,-17.6,G,1.67133298,"Ado Odo/Ota, Ogun, 112104, Nigeria",2023
16/09/2023,38:10.8,6.6734,3.165,6.4,C,1.10243565,"Ado Odo/Ota, Ogun, 112104, Nigeria",2023
16/09/2023,11:52.2,6.6766,3.1694,-7.1,G,1.699760679,"Ado Odo/Ota, Ogun, 112104, Nigeria",2023
16/09/2023,12:53.0,6.6517,3.1525,6.8,C,1.952484886,"Ado Odo/Ota, Ogun, 112104, Nigeria",2023
16/09/2023,18:15.2,6.6565,3.1492,-57.3,G,1.574910651,"Ado Odo/Ota, Ogun, 112104, Nigeria",2023
16/09/2023,18:15.5,6.6736,3.1559,-14.1,G,0.524370132,"Covenant University, Idi-Iroko Road, Ado Odo/Ota, Ogun, 112104, Nigeria",2023
16/09/2023,18:15.8,6.6667,3.1579,-24.9,G,0.313487319,"Covenant University, Idi-Iroko Road, Ado Odo/Ota, Ogun, 112104, Nigeria",2023
16/09/2023,18:15.9,6.6704,3.1595,-10.8,G,0.410264182,"Covenant University, Idi-Iroko Road, Ado Odo/Ota, Ogun, 112104, Nigeria",2023
16/09/2023,38:59.9,6.6599,3.1489,8.8,C,1.278015741,"Ado Odo/Ota, Ogun, 112104, Nigeria",2023
16/09/2023,44:57.7,6.6817,3.1592,19.4,G,1.464808448,"Idi-Iroko Road, Otta, Ado Odo/Ota, Ogun, 112104, Nigeria",2023
16/09/2023,50:20.1,6.6793,3.1515,19.5,C,1.264723618,"Ado Odo/Ota, Ogun, Nigeria",2023
16/09/2023,58:52.3,6.6753,3.1466,-26,G,1.269485605,"Ado Odo/Ota, Ogun, 112104, Nigeria",2023
16/09/2023,58:52.3,6.6769,3.145,-21.1,G,1.516364754,"Ado Odo/Ota, Ogun, Nigeria",2023
29/09/2023,54:54.3,6.6553,3.1647,37.5,G,1.784095112,"Ado Odo/Ota, Ogun, 112104, Nigeria",2023
7/10/2023,03:22.0,6.6581,3.1642,-13.7,G,1.495765143,"Ado Odo/Ota, Ogun, 112104, Nigeria",2023
9/10/2023,21:46.0,6.6549,3.1636,-32.5,G,1.761721146,"Ado Odo/Ota, Ogun, 112104, Nigeria",2023
9/10/2023,33:04.1,6.6665,3.1395,10.5,C,1.85370907,"Ado Odo/Ota, Ogun, 112104, Nigeria",2023
12/10/2023,29:08.2,6.6784,3.153,-36.7,G,1.112002069,"Ado Odo/Ota, Ogun, 112104, Nigeria",2023
12/10/2023,35:48.1,6.6703,3.168,-16.5,G,1.322379675,"Ado Odo/Ota, Ogun, 112104, Nigeria",2023
12/10/2023,37:46.5,6.6554,3.1475,18.6,G,1.776000342,"Ado Odo/Ota, Ogun, 112104, Nigeria",2023
20/10/2023,47:13.2,6.6741,3.1594,-19.7,G,0.683884692,"Covenant University, Idi-Iroko Road, Ado Odo/Ota, Ogun, 112104, Nigeria",2023
22/10/2023,43:16.1,6.6808,3.1463,-28.2,G,1.711217048,"Ado Odo/Ota, Ogun, 112104, Nigeria",2023
23/10/2023,07:18.8,6.6785,3.1588,-29,G,1.109198881,"Ado Odo/Ota, Ogun, 112104, Nigeria",2023
23/10/2023,07:58.9,6.6742,3.1616,-26.1,G,0.846318022,"Covenant University, Idi-Iroko Road, Ado Odo/Ota, Ogun, 112104, Nigeria",2023
23/10/2023,09:29.6,6.6831,3.1478,-44.8,G,1.827446061,"Idi-Iroko Road, Ado Odo/Ota, Ogun, 112104, Nigeria",2023
23/10/2023,12:23.5,6.6671,3.1612,26.3,G,0.596193193,"Ado Odo/Ota, Ogun, 112104, Nigeria",2023
23/10/2023,17:18.4,6.6785,3.1599,-13.8,G,1.147708533,"Ado Odo/Ota, Ogun, 112104, Nigeria",2023
23/10/2023,17:18.5,6.6559,3.1494,-19.2,G,1.623385071,"Ado Odo/Ota, Ogun, 112104, Nigeria",2023
23/10/2023,20:46.8,6.659,3.1608,-20.4,G,1.215436145,"Ado Odo/Ota, Ogun, 112104, Nigeria",2023
23/10/2023,21:12.5,6.6559,3.1487,-24.6,G,1.66010901,"Ado Odo/Ota, Ogun, 112104, Nigeria",2023
23/10/2023,21:40.2,6.6797,3.1485,-15.5,G,1.466873818,"Ado Odo/Ota, Ogun, 112104, Nigeria",2023
26/10/2023,19:13.7,6.6796,3.1609,19.4,G,1.303172081,"Ado Odo/Ota, Ogun, 112104, Nigeria",2023
26/10/2023,19:47.1,6.6792,3.1699,10.5,C,1.906220601,"Ado Odo/Ota, Ogun, 112104, Nigeria",2023
26/10/2023,20:08.4,6.659,3.1612,-34.1,G,1.234905668,"Ado Odo/Ota, Ogun, 112104, Nigeria",2023
26/10/2023,23:20.1,6.6793,3.1577,-33.2,G,1.170886708,"Ado Odo/Ota, Ogun, 112104, Nigeria",2023
26/10/2023,25:55.8,6.6647,3.1387,8.2,C,1.978544029,"Ado Odo/Ota, Ogun, 112104, Nigeria",2023
26/10/2023,26:37.5,6.668,3.1556,11,C,0.113823431,"Covenant University, Idi-Iroko Road, Ado Odo/Ota, Ogun, 112104, Nigeria",2023
26/10/2023,27:06.7,6.6778,3.1676,26.1,G,1.609908854,"Ado Odo/Ota, Ogun, 112104, Nigeria",2023
26/10/2023,34:11.6,6.6692,3.1742,-18.5,G,1.998082279,"Ado Odo/Ota, Ogun, 112104, Nigeria",2023
26/10/2023,34:11.7,6.684,3.1628,-21.6,G,1.835498293,"Ado Odo/Ota, Ogun, 112104, Nigeria",2023
26/10/2023,38:21.1,6.6856,3.1597,-35.1,G,1.899992977,"Ado Odo/Ota, Ogun, 112104, Nigeria",2023
26/10/2023,38:51.5,6.678,3.1658,36.5,G,1.473570471,"Ado Odo/Ota, Ogun, 112104, Nigeria",2023
26/10/2023,42:19.3,6.6671,3.1493,18.9,G,0.778093269,"Ado Odo/Ota, Ogun, 112104, Nigeria",2023
26/10/2023,42:27.0,6.6669,3.1703,-33.6,G,1.582589084,"Ado Odo/Ota, Ogun, 112104, Nigeria",2023
26/10/2023,47:36.7,6.6766,3.1466,-17.8,G,1.355944601,"Ado Odo/Ota, Ogun, 112104, Nigeria",2023
26/10/2023,48:10.6,6.6669,3.1441,-13.9,C,1.344849058,"Ado Odo/Ota, Ogun, 112104, Nigeria",2023
26/10/2023,55:24.4,6.6537,3.1537,-27.8,G,1.709791874,"Ado Odo/Ota, Ogun, 112104, Nigeria",2023
28/10/2023,13:47.2,6.6618,3.1489,-13.1,C,1.120544278,"Ado Odo/Ota, Ogun, 112104, Nigeria",2023
30/10/2023,31:52.5,6.6669,3.1466,-28,G,1.073461637,"Ado Odo/Ota, Ogun, 112104, Nigeria",2023
30/10/2023,05:26.5,6.6789,3.1653,-20.6,G,1.506342767,"Ado Odo/Ota, Ogun, 112104, Nigeria",2023
30/10/2023,10:15.2,6.6648,3.1531,-32.5,G,0.563305204,"proposed covenant university college of medcine, Ado Odo/Ota, Ogun, 112104, Nigeria",2023
30/10/2023,14:03.6,6.6543,3.1562,-23.6,G,1.62224026,"Ado Odo/Ota, Ogun, 112104, Nigeria",2023
30/10/2023,30:17.9,6.6713,3.164,-52.8,G,0.911584169,"Ado Odo/Ota, Ogun, 112104, Nigeria",2023
30/10/2023,34:32.5,6.661,3.143,-15.9,C,1.693014138,"Ado Odo/Ota, Ogun, 112104, Nigeria",2023
6/11/2023,27:18.2,6.6631,3.1458,-31.1,G,1.308125035,"Ado Odo/Ota, Ogun, 112104, Nigeria",2023
6/11/2023,27:18.4,6.6623,3.145,-29.8,G,1.429219813,"Ado Odo/Ota, Ogun, 112104, Nigeria",2023
7/11/2023,08:53.5,6.6827,3.1641,-32.1,G,1.771131718,"Ado Odo/Ota, Ogun, 112104, Nigeria",2023
7/11/2023,08:53.5,6.6695,3.1593,-33.9,G,0.35868453,"Covenant University, Idi-Iroko Road, Ado Odo/Ota, Ogun, 112104, Nigeria",2023
7/11/2023,12:50.3,6.6686,3.1678,-37.8,G,1.291350983,"Ado Odo/Ota, Ogun, 112104, Nigeria",2023
8/11/2023,59:05.5,6.664,3.1399,-30.4,G,1.871115799,"Ado Odo/Ota, Ogun, 112104, Nigeria",2023
9/11/2023,11:51.8,6.657,3.1611,-31.5,G,1.432213352,"Ado Odo/Ota, Ogun, 112104, Nigeria",2023
11/11/2023,25:12.5,6.6706,3.1672,-33.9,G,1.239375116,"Ado Odo/Ota, Ogun, 112104, Nigeria",2023
11/11/2023,35:34.0,6.6778,3.1681,-11.9,C,1.653780437,"Ado Odo/Ota, Ogun, 112104, Nigeria",2023
17/11/2023,58:31.3,6.661,3.1609,-16.7,G,1.024316683,"Ado Odo/Ota, Ogun, 112104, Nigeria",2023
17/11/2023,03:34.4,6.6664,3.1495,-39.5,G,0.780839531,"Ado Odo/Ota, Ogun, 112104, Nigeria",2023
